file,type,line,value
./generate_clean_datasets.rs,rust_const,6,"const PRIMES: [u64; 20] = [2,3,5,7,11,13,17,19,23,29,31,37,41,43,47,53,59,61,67,71];"
./enrich_files_monster.rs,rust_const,6,"const MONSTER_PRIMES: [u64; 20] = ["
./elf_complexity_23.rs,rust_const,3,"const PARSE_HEADER_COMPLEXITY: u32 = 7;"
./elf_complexity_23.rs,rust_const,4,"const READ_SECTIONS_COMPLEXITY: u32 = 11;"
./elf_complexity_23.rs,rust_const,5,"const EXTRACT_SYMBOLS_COMPLEXITY: u32 = 5;"
./elf_complexity_23.rs,rust_const,7,"const ELF_COMPLEXITY: u32 = "
./shard_all_files.rs,rust_const,6,"const MONSTER_PRIMES: [u64; 20] = ["
./hecke_shard.rs,rust_const,6,"const MONSTER_PRIMES: [u64; 20] = ["
./zk_rdfa_urls.rs,rust_const,7,"const MONSTER_PRIMES: [u64; 20] = ["
./repos/coq-of-rust/examples/ink_contracts/multisig.rs,rust_const,44,"const MAX_OWNERS: u32 = 50;"
./repos/coq-of-rust/examples/ink_contracts/multisig.rs,rust_const,47,"const WRONG_TRANSACTION_ID: &str = "The user specified an invalid transaction id. Abort.";"
./repos/coq-of-rust/examples/ink_contracts/erc1155.rs,rust_const,55,"const ON_ERC_1155_RECEIVED_SELECTOR: [u8; 4] = [0xF2, 0x3A, 0x6E, 0x61];"
./repos/coq-of-rust/examples/ink_contracts/erc1155.rs,rust_const,63,"const _ON_ERC_1155_BATCH_RECEIVED_SELECTOR: [u8; 4] = [0xBC, 0x19, 0x7C, 0x81];"
./repos/coq-of-rust/examples/custom/hello_world.rs,rust_const,1,"const message: &str = "Hello, World!";"
./repos/coq-of-rust/examples/rust_book/custom_types/constants.rs,rust_const,3,"const THRESHOLD: i32 = 10;"
./repos/coq-of-rust/examples/rust_book/std_misc/threads.rs,rust_const,3,"const NTHREADS: u32 = 10;"
./repos/coq-of-rust/examples/rust_book/expressions/const_underscore_expression.rs,rust_const,1,"const _: () = {"
./repos/coq-of-rust/examples/rust_book/expressions/const_underscore_expression.rs,rust_const,15,"const _: () = {"
./repos/coq-of-rust/lib/src/top_level.rs,rust_const,1208,"const LINE_WIDTH: usize = 100;"
./repos/coq-of-rust/RocqOfRust/alloy_primitives/utils/units.rs,rust_const,5,"const MAX_U64_EXPONENT: u8 = 19;"
./repos/coq-of-rust/RocqOfRust/alloy_primitives/bits/bloom.rs,rust_const,15,"const MASK: usize = BLOOM_SIZE_BITS - 1;"
./repos/coq-of-rust/RocqOfRust/alloy_primitives/bits/bloom.rs,rust_const,17,"const ITEM_BYTES: usize = (BLOOM_SIZE_BITS.ilog2() as usize + 7) / 8;"
./repos/coq-of-rust/RocqOfRust/alloy_primitives/bits/bloom.rs,rust_const,21,"const _: () = assert!(BLOOM_SIZE_BYTES.is_power_of_two());"
./repos/coq-of-rust/RocqOfRust/alloy_primitives/postgres.rs,rust_const,41,"const fn rem_up(a: usize, b: usize) -> usize {"
./repos/coq-of-rust/RocqOfRust/alloy_primitives/signature/sig.rs,rust_const,12,"const SECP256K1N_ORDER: U256 ="
./repos/coq-of-rust/RocqOfRust/alloy_primitives/signature/utils.rs,rust_const,34,"const fn is_valid_v(v: u64) -> bool {"
./repos/coq-of-rust/RocqOfRust/alloy_primitives/signature/primitive_sig.rs,rust_const,8,"const SECP256K1N_ORDER: U256 ="
./repos/coq-of-rust/RocqOfRust/move_sui/translations/move_core_types/identifier.rs,rust_const,49,"const fn all_bytes_valid(b: &[u8], start_offset: usize) -> bool {"
./repos/coq-of-rust/RocqOfRust/move_sui/translations/move_core_types/identifier.rs,rust_const,268,"const _: fn() = || {"
./repos/coq-of-rust/RocqOfRust/move_sui/translations/move_core_types/u256.rs,rust_const,29,"const NUM_BITS_PER_BYTE: usize = 8;"
./repos/coq-of-rust/RocqOfRust/move_sui/translations/move_core_types/u256.rs,rust_const,30,"const U256_NUM_BITS: usize = 256;"
./repos/coq-of-rust/RocqOfRust/move_sui/translations/move_binary_format/control_flow_graph.rs,rust_const,80,"const ENTRY_BLOCK_ID: BlockId = 0;"
./repos/coq-of-rust/RocqOfRust/move_sui/translations/move_bytecode_verifier/absint.rs,rust_const,57,"const ANALYZE_FUNCTION_BASE_COST: u128 = 10;"
./repos/coq-of-rust/RocqOfRust/move_sui/translations/move_bytecode_verifier/absint.rs,rust_const,58,"const EXECUTE_BLOCK_BASE_COST: u128 = 10;"
./repos/coq-of-rust/RocqOfRust/move_sui/translations/move_bytecode_verifier/absint.rs,rust_const,59,"const PER_BACKEDGE_COST: u128 = 10;"
./repos/coq-of-rust/RocqOfRust/move_sui/translations/move_bytecode_verifier/absint.rs,rust_const,60,"const PER_SUCCESSOR_COST: u128 = 10;"
./repos/coq-of-rust/RocqOfRust/move_sui/translations/move_bytecode_verifier/type_safety.rs,rust_const,32,"const TYPE_NODE_COST: u128 = 30;"
./repos/coq-of-rust/RocqOfRust/alloc/sync.rs,rust_const,54,"const MAX_REFCOUNT: usize = (isize::MAX) as usize;"
./repos/coq-of-rust/RocqOfRust/alloc/sync.rs,rust_const,57,"const INTERNAL_OVERFLOW_ERROR: &str = "Arc counter overflow";"
./repos/coq-of-rust/RocqOfRust/alloc/sync.rs,rust_const,3480,"const MAX_STATIC_INNER_SLICE_ALIGNMENT: usize = 16;"
./repos/coq-of-rust/RocqOfRust/alloc/vec/in_place_collect.rs,rust_const,168,"const fn in_place_collectible<DEST, SRC>("
./repos/coq-of-rust/RocqOfRust/alloc/vec/in_place_collect.rs,rust_const,192,"const fn needs_realloc<SRC, DEST>(src_cap: usize, dst_cap: usize) -> bool {"
./repos/coq-of-rust/RocqOfRust/alloc/collections/btree/node.rs,rust_const,42,"const B: usize = 6;"
./repos/coq-of-rust/RocqOfRust/alloc/collections/btree/node.rs,rust_const,45,"const KV_IDX_CENTER: usize = B - 1;"
./repos/coq-of-rust/RocqOfRust/alloc/collections/btree/node.rs,rust_const,46,"const EDGE_IDX_LEFT_OF_CENTER: usize = B - 1;"
./repos/coq-of-rust/RocqOfRust/alloc/collections/btree/node.rs,rust_const,47,"const EDGE_IDX_RIGHT_OF_CENTER: usize = B;"
./repos/coq-of-rust/RocqOfRust/alloc/collections/btree/map/tests.rs,rust_const,20,"const MIN_INSERTS_HEIGHT_1: usize = node::CAPACITY + 1;"
./repos/coq-of-rust/RocqOfRust/alloc/collections/btree/map/tests.rs,rust_const,25,"const MIN_INSERTS_HEIGHT_2: usize = 89;"
./repos/coq-of-rust/RocqOfRust/alloc/collections/btree/set.rs,rust_const,326,"const ITER_PERFORMANCE_TIPPING_SIZE_DIFF: usize = 16;"
./repos/coq-of-rust/RocqOfRust/alloc/raw_vec.rs,rust_const,164,"const fn min_non_zero_cap(size: usize) -> usize {"
./repos/coq-of-rust/RocqOfRust/anza_xyz_solana_sdk/address/lib.rs,rust_const,56,"const MAX_BASE58_LEN: usize = 44;"
./repos/coq-of-rust/RocqOfRust/anza_xyz_solana_sdk/address/lib.rs,rust_const,59,"const PDA_MARKER: &[u8; 21] = b"ProgramDerivedAddress";"
./repos/coq-of-rust/RocqOfRust/anza_xyz_solana_sdk/address/syscalls.rs,rust_const,15,"const SUCCESS: u64 = 0;"
./repos/coq-of-rust/RocqOfRust/legacy/p_token/processor/mod.rs,rust_const,68,"const U64_BYTES: usize = core::mem::size_of::<u64>();"
./repos/coq-of-rust/RocqOfRust/legacy/p_token/processor/mod.rs,rust_const,75,"const MAX_FORMATTED_DIGITS: usize = u8::MAX as usize + 2;"
./repos/coq-of-rust/RocqOfRust/legacy/p_token/processor/mod.rs,rust_const,189,"const fn unpack_amount(instruction_data: &[u8]) -> Result<u64, TokenError> {"
./repos/coq-of-rust/RocqOfRust/legacy/p_token/processor/mod.rs,rust_const,201,"const fn unpack_amount_and_decimals(instruction_data: &[u8]) -> Result<(u64, u8), TokenError> {"
./repos/coq-of-rust/RocqOfRust/legacy/p_token/processor/batch.rs,rust_const,12,"const IX_HEADER_SIZE: usize = 2;"
./repos/coq-of-rust/RocqOfRust/legacy/plonky3/commit_539bbc84/util/lib.rs,rust_const,80,"const BIT_REVERSE_6BIT: &[u8] = &["
./repos/coq-of-rust/RocqOfRust/legacy/plonky3/commit_539bbc84/util/lib.rs,rust_const,92,"const BIG_T_SIZE: usize = 1 << 14;"
./repos/coq-of-rust/RocqOfRust/legacy/plonky3/commit_539bbc84/util/lib.rs,rust_const,93,"const SMALL_ARR_SIZE: usize = 1 << 16;"
./repos/coq-of-rust/RocqOfRust/legacy/plonky3/commit_539bbc84/util/transpose.rs,rust_const,3,"const LB_BLOCK_SIZE: usize = 3;"
./repos/coq-of-rust/RocqOfRust/legacy/plonky3/commit_539bbc84/blake3_air/constants.rs,rust_const,27,"const MSG_PERMUTATION: [usize; 16] = [2, 6, 3, 10, 7, 0, 4, 13, 1, 11, 12, 5, 9, 14, 15, 8];"
./repos/coq-of-rust/RocqOfRust/legacy/plonky3/commit_539bbc84/field/exponentiation.rs,rust_const,16,"const fn bits_u64(n: u64) -> usize {"
./repos/coq-of-rust/RocqOfRust/legacy/plonky3/commit_539bbc84/keccak_air/lib.rs,rust_const,19,"const BITS_PER_LIMB: usize = 16;"
./repos/coq-of-rust/RocqOfRust/legacy/plonky3/commit_539bbc84/keccak_air/lib.rs,rust_const,21,"const RATE_BITS: usize = 1088;"
./repos/coq-of-rust/RocqOfRust/legacy/plonky3/commit_539bbc84/keccak_air/lib.rs,rust_const,22,"const RATE_LIMBS: usize = RATE_BITS / BITS_PER_LIMB;"
./repos/coq-of-rust/RocqOfRust/legacy/plonky3/commit_539bbc84/keccak_air/columns.rs,rust_const,123,"const fn make_col_map() -> KeccakCols<usize> {"
./repos/coq-of-rust/RocqOfRust/legacy/plonky3/commit_539bbc84/keccak_air/constants.rs,rust_const,36,"const RC_BITS: [[u8; 64]; 24] = ["
./repos/coq-of-rust/RocqOfRust/legacy/pinocchio/lib.rs,rust_const,257,"const BPF_ALIGN_OF_U128: usize = 8;"
./repos/coq-of-rust/RocqOfRust/legacy/pinocchio/lib.rs,rust_const,260,"const NON_DUP_MARKER: u8 = u8::MAX;"
./repos/coq-of-rust/RocqOfRust/legacy/pinocchio/syscalls.rs,rust_const,89,"const fn murmur3_32(buf: &[u8], seed: u32) -> u32 {"
./repos/coq-of-rust/RocqOfRust/legacy/pinocchio/entrypoint/mod.rs,rust_const,36,"const STATIC_ACCOUNT_DATA: usize = core::mem::size_of::<Account>() + MAX_PERMITTED_DATA_INCREASE;"
./repos/coq-of-rust/RocqOfRust/legacy/pinocchio/program_error.rs,rust_const,95,"const BUILTIN_BIT_SHIFT: usize = 32;"
./repos/coq-of-rust/RocqOfRust/legacy/pinocchio/account_info.rs,rust_const,619,"const LAMPORTS_SHIFT: u8 = 4;"
./repos/coq-of-rust/RocqOfRust/legacy/pinocchio/account_info.rs,rust_const,622,"const DATA_SHIFT: u8 = 0;"
./repos/coq-of-rust/RocqOfRust/legacy/pinocchio/account_info.rs,rust_const,690,"const LAMPORTS_MASK: u8 = 0b_1000_0000;"
./repos/coq-of-rust/RocqOfRust/legacy/pinocchio/account_info.rs,rust_const,693,"const DATA_MASK: u8 = 0b_0000_1000;"
./repos/coq-of-rust/RocqOfRust/legacy/pinocchio/sysvars/instructions.rs,rust_const,205,"const IS_SIGNER: u8 = 0b00000001;"
./repos/coq-of-rust/RocqOfRust/legacy/pinocchio/sysvars/instructions.rs,rust_const,208,"const IS_WRITABLE: u8 = 0b00000010;"
./repos/coq-of-rust/RocqOfRust/legacy/pinocchio/sysvars/rent.rs,rust_const,34,"const DEFAULT_EXEMPTION_THRESHOLD_AS_U64: u64 = 2;"
./repos/coq-of-rust/RocqOfRust/legacy/pinocchio/sysvars/rent.rs,rust_const,39,"const F64_EXEMPTION_THRESHOLD_AS_U64: u64 = 4611686018427387904;"
./repos/coq-of-rust/RocqOfRust/legacy/pinocchio/instruction.rs,rust_const,77,"const fn offset<T, U>(ptr: *const T, offset: usize) -> *const U {"
./repos/coq-of-rust/RocqOfRust/legacy/openvm/version_v1_2_0/extensions/rv32im/circuit/load_sign_extend/tests.rs,rust_const,29,"const IMM_BITS: usize = 16;"
./repos/coq-of-rust/RocqOfRust/legacy/openvm/version_v1_2_0/extensions/rv32im/circuit/jalr/core.rs,rust_const,31,"const RV32_LIMB_MAX: u32 = (1 << RV32_CELL_BITS) - 1;"
./repos/coq-of-rust/RocqOfRust/legacy/openvm/version_v1_2_0/extensions/rv32im/circuit/jalr/tests.rs,rust_const,28,"const IMM_BITS: usize = 16;"
./repos/coq-of-rust/RocqOfRust/legacy/openvm/version_v1_2_0/extensions/rv32im/circuit/loadstore/tests.rs,rust_const,31,"const IMM_BITS: usize = 16;"
./repos/coq-of-rust/RocqOfRust/legacy/openvm/version_v1_2_0/extensions/rv32im/circuit/auipc/core.rs,rust_const,26,"const RV32_LIMB_MAX: u32 = (1 << RV32_CELL_BITS) - 1;"
./repos/coq-of-rust/RocqOfRust/legacy/openvm/version_v1_2_0/extensions/rv32im/circuit/auipc/tests.rs,rust_const,24,"const IMM_BITS: usize = 24;"
./repos/coq-of-rust/RocqOfRust/legacy/openvm/version_v1_2_0/extensions/rv32im/circuit/auipc/tests.rs,rust_const,25,"const BITWISE_OP_LOOKUP_BUS: BusIndex = 9;"
./repos/coq-of-rust/RocqOfRust/legacy/openvm/version_v1_2_0/extensions/rv32im/circuit/jal_lui/tests.rs,rust_const,32,"const IMM_BITS: usize = 20;"
./repos/coq-of-rust/RocqOfRust/legacy/openvm/version_v1_2_0/extensions/rv32im/circuit/jal_lui/tests.rs,rust_const,33,"const LIMB_MAX: u32 = (1 << RV32_CELL_BITS) - 1;"
./repos/coq-of-rust/RocqOfRust/legacy/openvm/version_v1_2_0/crates/vm/arch/config.rs,rust_const,19,"const DEFAULT_POSEIDON2_MAX_CONSTRAINT_DEGREE: usize = 3;"
./repos/coq-of-rust/RocqOfRust/legacy/openvm/version_v1_2_0/crates/vm/arch/integration_api.rs,rust_const,217,"const DEFAULT_RECORDS_CAPACITY: usize = 1 << 20;"
./repos/coq-of-rust/RocqOfRust/legacy/openvm/version_v1_2_0/crates/vm/arch/segment.rs,rust_const,31,"const SEGMENT_CHECK_INTERVAL: usize = 100;"
./repos/coq-of-rust/RocqOfRust/legacy/openvm/version_v1_2_0/crates/vm/arch/segment.rs,rust_const,33,"const DEFAULT_MAX_SEGMENT_LEN: usize = (1 << 22) - 100;"
./repos/coq-of-rust/RocqOfRust/legacy/openvm/version_v1_2_0/crates/vm/arch/segment.rs,rust_const,40,"const DEFAULT_MAX_CELLS_PER_CHIP_IN_SEGMENT: usize = DEFAULT_MAX_SEGMENT_LEN * 120;"
./repos/coq-of-rust/RocqOfRust/legacy/openvm/version_v1_2_0/crates/vm/arch/segment.rs,rust_const,98,"const SEGMENTATION_BACKOFF_FACTOR: usize = 4;"
./repos/coq-of-rust/RocqOfRust/legacy/openvm/version_v1_2_0/crates/vm/arch/testing/memory/mod.rs,rust_const,18,"const WORD_SIZE: usize = 1;"
./repos/coq-of-rust/RocqOfRust/legacy/openvm/version_v1_2_0/crates/vm/arch/testing/mod.rs,rust_const,66,"const RANGE_CHECKER_BUS: BusIndex = 4;"
./repos/coq-of-rust/RocqOfRust/legacy/openvm/version_v1_2_0/crates/vm/system/memory/merkle/tests/mod.rs,rust_const,37,"const DEFAULT_CHUNK: usize = 8;"
./repos/coq-of-rust/RocqOfRust/legacy/openvm/version_v1_2_0/crates/vm/system/memory/merkle/tests/mod.rs,rust_const,38,"const COMPRESSION_BUS: PermutationCheckBus = PermutationCheckBus::new(POSEIDON2_DIRECT_BUS);"
./repos/coq-of-rust/RocqOfRust/legacy/openvm/version_v1_2_0/crates/vm/system/memory/volatile/mod.rs,rust_const,40,"const ADDR_ELTS: usize = 2;"
./repos/coq-of-rust/RocqOfRust/legacy/openvm/version_v1_2_0/crates/vm/system/memory/volatile/mod.rs,rust_const,41,"const NUM_AS_LIMBS: usize = 1;"
./repos/coq-of-rust/RocqOfRust/legacy/openvm/version_v1_2_0/crates/vm/system/memory/tests.rs,rust_const,46,"const MAX: usize = 32;"
./repos/coq-of-rust/RocqOfRust/legacy/openvm/version_v1_2_0/crates/vm/system/memory/tests.rs,rust_const,47,"const RANGE_CHECKER_BUS: BusIndex = 3;"
./repos/coq-of-rust/RocqOfRust/legacy/openvm/version_v1_2_0/crates/vm/system/phantom/mod.rs,rust_const,41,"const NUM_PHANTOM_OPERANDS: usize = 3;"
./repos/coq-of-rust/RocqOfRust/legacy/openvm/version_v1_2_0/crates/vm/system/program/mod.rs,rust_const,19,"const EXIT_CODE_FAIL: usize = 1;"
./repos/coq-of-rust/RocqOfRust/ruint/algorithms/primaility.rs,rust_const,2,"const SMALL_PRIMES: u64 = 614889782588491410;"
./repos/coq-of-rust/RocqOfRust/ruint/support/scale.rs,rust_const,17,"const COMPACT_BITS_LIMIT: usize = 536;"
./repos/coq-of-rust/RocqOfRust/ruint/support/scale.rs,rust_const,176,"const OUT_OF_RANGE: &str = "out of range Uint decoding";"
./repos/coq-of-rust/RocqOfRust/ruint/support/serde.rs,rust_const,21,"const ZERO_STR: &str = "0x0";"
./repos/coq-of-rust/RocqOfRust/ruint/support/fastrlp.rs,rust_const,12,"const MAX_BITS: usize = 55 * 8;"
./repos/coq-of-rust/RocqOfRust/ruint/support/fastrlp.rs,rust_const,111,"const _: () = {"
./repos/coq-of-rust/RocqOfRust/ruint/support/valuable.rs,rust_const,9,"const FIELDS: &[NamedField<'static>] = &[NamedField::new("limbs")];"
./repos/coq-of-rust/RocqOfRust/ruint/support/alloy_rlp.rs,rust_const,12,"const MAX_BITS: usize = 55 * 8;"
./repos/coq-of-rust/RocqOfRust/ruint/support/alloy_rlp.rs,rust_const,104,"const _: () = {"
./repos/coq-of-rust/RocqOfRust/core/char/methods.rs,rust_const,1761,"const fn len_utf8(code: u32) -> usize {"
./repos/coq-of-rust/RocqOfRust/core/char/methods.rs,rust_const,1772,"const fn len_utf16(code: u32) -> usize {"
./repos/coq-of-rust/RocqOfRust/core/char/convert.rs,rust_const,232,"const fn char_try_from_u32(i: u32) -> Result<char, CharTryFromError> {"
./repos/coq-of-rust/RocqOfRust/core/char/mod.rs,rust_const,53,"const TAG_CONT: u8 = 0b1000_0000;"
./repos/coq-of-rust/RocqOfRust/core/char/mod.rs,rust_const,54,"const TAG_TWO_B: u8 = 0b1100_0000;"
./repos/coq-of-rust/RocqOfRust/core/char/mod.rs,rust_const,55,"const TAG_THREE_B: u8 = 0b1110_0000;"
./repos/coq-of-rust/RocqOfRust/core/char/mod.rs,rust_const,56,"const TAG_FOUR_B: u8 = 0b1111_0000;"
./repos/coq-of-rust/RocqOfRust/core/char/mod.rs,rust_const,57,"const MAX_ONE_B: u32 = 0x80;"
./repos/coq-of-rust/RocqOfRust/core/char/mod.rs,rust_const,58,"const MAX_TWO_B: u32 = 0x800;"
./repos/coq-of-rust/RocqOfRust/core/char/mod.rs,rust_const,59,"const MAX_THREE_B: u32 = 0x10000;"
./repos/coq-of-rust/RocqOfRust/core/num/int_log10.rs,rust_const,27,"const fn less_than_5(val: u32) -> u32 {"
./repos/coq-of-rust/RocqOfRust/core/num/dec2flt/number.rs,rust_const,7,"const INT_POW10: [u64; 16] = ["
./repos/coq-of-rust/RocqOfRust/core/num/dec2flt/parse.rs,rust_const,7,"const MIN_19DIGIT_INT: u64 = 100_0000_0000_0000_0000;"
./repos/coq-of-rust/RocqOfRust/core/num/bignum.rs,rust_const,68,"const SMALL_POW5: [(u64, usize); 3] = [(125, 3), (15625, 6), (1_220_703_125, 13)];"
./repos/coq-of-rust/RocqOfRust/core/num/int_sqrt.rs,rust_const,17,"const U8_ISQRT_WITH_REMAINDER: [(u8, u8); 256] = {"
./repos/coq-of-rust/RocqOfRust/core/num/int_sqrt.rs,rust_const,258,"const fn u16_stages(n: u16) -> u16 {"
./repos/coq-of-rust/RocqOfRust/core/num/int_sqrt.rs,rust_const,270,"const fn u32_stages(n: u32) -> u32 {"
./repos/coq-of-rust/RocqOfRust/core/num/int_sqrt.rs,rust_const,283,"const fn u64_stages(n: u64) -> u64 {"
./repos/coq-of-rust/RocqOfRust/core/num/int_sqrt.rs,rust_const,297,"const fn u128_stages(n: u128) -> u128 {"
./repos/coq-of-rust/RocqOfRust/core/num/mod.rs,rust_const,532,"const ASCII_CASE_MASK: u8 = 0b0010_0000;"
./repos/coq-of-rust/RocqOfRust/core/num/mod.rs,rust_const,1460,"const fn from_str_radix_panic(radix: u32) -> ! {"
./repos/coq-of-rust/RocqOfRust/core/cell/lazy.rs,rust_const,310,"const fn panic_poisoned() -> ! {"
./repos/coq-of-rust/RocqOfRust/core/ptr/alignment.rs,rust_const,16,"const _: () = assert!(mem::size_of::<Alignment>() == mem::size_of::<usize>());"
./repos/coq-of-rust/RocqOfRust/core/ptr/alignment.rs,rust_const,17,"const _: () = assert!(mem::align_of::<Alignment>() == mem::align_of::<usize>());"
./repos/coq-of-rust/RocqOfRust/core/ptr/mod.rs,rust_const,1133,"const unsafe fn swap_nonoverlapping_simple_untyped<T>(x: *mut T, y: *mut T, count: usize) {"
./repos/coq-of-rust/RocqOfRust/core/time.rs,rust_const,26,"const NANOS_PER_SEC: u32 = 1_000_000_000;"
./repos/coq-of-rust/RocqOfRust/core/time.rs,rust_const,27,"const NANOS_PER_MILLI: u32 = 1_000_000;"
./repos/coq-of-rust/RocqOfRust/core/time.rs,rust_const,28,"const NANOS_PER_MICRO: u32 = 1_000;"
./repos/coq-of-rust/RocqOfRust/core/time.rs,rust_const,29,"const MILLIS_PER_SEC: u64 = 1_000;"
./repos/coq-of-rust/RocqOfRust/core/time.rs,rust_const,30,"const MICROS_PER_SEC: u64 = 1_000_000;"
./repos/coq-of-rust/RocqOfRust/core/time.rs,rust_const,32,"const SECS_PER_MINUTE: u64 = 60;"
./repos/coq-of-rust/RocqOfRust/core/time.rs,rust_const,34,"const MINS_PER_HOUR: u64 = 60;"
./repos/coq-of-rust/RocqOfRust/core/time.rs,rust_const,36,"const HOURS_PER_DAY: u64 = 24;"
./repos/coq-of-rust/RocqOfRust/core/time.rs,rust_const,38,"const DAYS_PER_WEEK: u64 = 7;"
./repos/coq-of-rust/RocqOfRust/core/alloc/layout.rs,rust_const,19,"const fn size_align<T>() -> (usize, usize) {"
./repos/coq-of-rust/RocqOfRust/core/unicode/unicode_data.rs,rust_const,4,"const fn bitset_search<"
./repos/coq-of-rust/RocqOfRust/core/unicode/printable.rs,rust_const,89,"const SINGLETONS0U: &[(u8, u8)] = &["
./repos/coq-of-rust/RocqOfRust/core/unicode/printable.rs,rust_const,132,"const SINGLETONS0L: &[u8] = &["
./repos/coq-of-rust/RocqOfRust/core/unicode/printable.rs,rust_const,172,"const SINGLETONS1U: &[(u8, u8)] = &["
./repos/coq-of-rust/RocqOfRust/core/unicode/printable.rs,rust_const,219,"const SINGLETONS1L: &[u8] = &["
./repos/coq-of-rust/RocqOfRust/core/unicode/printable.rs,rust_const,248,"const NORMAL0: &[u8] = &["
./repos/coq-of-rust/RocqOfRust/core/unicode/printable.rs,rust_const,384,"const NORMAL1: &[u8] = &["
./repos/coq-of-rust/RocqOfRust/core/escape.rs,rust_const,7,"const HEX_DIGITS: [ascii::Char; 16] = *b"0123456789abcdef".as_ascii().unwrap();"
./repos/coq-of-rust/RocqOfRust/core/escape.rs,rust_const,10,"const fn backslash<const N: usize>(a: ascii::Char) -> ([ascii::Char; N], Range<u8>) {"
./repos/coq-of-rust/RocqOfRust/core/escape.rs,rust_const,22,"const fn hex_escape<const N: usize>(byte: u8) -> ([ascii::Char; N], Range<u8>) {"
./repos/coq-of-rust/RocqOfRust/core/escape.rs,rust_const,39,"const fn verbatim<const N: usize>(a: ascii::Char) -> ([ascii::Char; N], Range<u8>) {"
./repos/coq-of-rust/RocqOfRust/core/escape.rs,rust_const,52,"const fn escape_ascii<const N: usize>(byte: u8) -> ([ascii::Char; N], Range<u8>) {"
./repos/coq-of-rust/RocqOfRust/core/escape.rs,rust_const,128,"const fn escape_unicode<const N: usize>(c: char) -> ([ascii::Char; N], Range<u8>) {"
./repos/coq-of-rust/RocqOfRust/core/ffi/c_str.rs,rust_const,733,"const unsafe fn strlen(ptr: *const c_char) -> usize {"
./repos/coq-of-rust/RocqOfRust/core/slice/index.rs,rust_const,34,"const fn slice_start_index_len_fail(index: usize, len: usize) -> ! {"
./repos/coq-of-rust/RocqOfRust/core/slice/index.rs,rust_const,46,"const fn slice_end_index_len_fail(index: usize, len: usize) -> ! {"
./repos/coq-of-rust/RocqOfRust/core/slice/index.rs,rust_const,58,"const fn slice_index_order_fail(index: usize, end: usize) -> ! {"
./repos/coq-of-rust/RocqOfRust/core/slice/index.rs,rust_const,70,"const fn slice_start_index_overflow_fail() -> ! {"
./repos/coq-of-rust/RocqOfRust/core/slice/index.rs,rust_const,77,"const fn slice_end_index_overflow_fail() -> ! {"
./repos/coq-of-rust/RocqOfRust/core/slice/index.rs,rust_const,87,"const unsafe fn get_noubcheck<T>(ptr: *const [T], index: usize) -> *const T {"
./repos/coq-of-rust/RocqOfRust/core/slice/index.rs,rust_const,94,"const unsafe fn get_mut_noubcheck<T>(ptr: *mut [T], index: usize) -> *mut T {"
./repos/coq-of-rust/RocqOfRust/core/slice/index.rs,rust_const,101,"const unsafe fn get_offset_len_noubcheck<T>("
./repos/coq-of-rust/RocqOfRust/core/slice/index.rs,rust_const,112,"const unsafe fn get_offset_len_mut_noubcheck<T>("
./repos/coq-of-rust/RocqOfRust/core/slice/ascii.rs,rust_const,334,"const fn contains_nonascii(v: usize) -> bool {"
./repos/coq-of-rust/RocqOfRust/core/slice/ascii.rs,rust_const,371,"const fn is_ascii(s: &[u8]) -> bool {"
./repos/coq-of-rust/RocqOfRust/core/slice/memchr.rs,rust_const,7,"const LO_USIZE: usize = usize::repeat_u8(0x01);"
./repos/coq-of-rust/RocqOfRust/core/slice/memchr.rs,rust_const,8,"const HI_USIZE: usize = usize::repeat_u8(0x80);"
./repos/coq-of-rust/RocqOfRust/core/slice/memchr.rs,rust_const,9,"const USIZE_BYTES: usize = mem::size_of::<usize>();"
./repos/coq-of-rust/RocqOfRust/core/slice/memchr.rs,rust_const,19,"const fn contains_zero_byte(x: usize) -> bool {"
./repos/coq-of-rust/RocqOfRust/core/slice/memchr.rs,rust_const,36,"const fn memchr_naive(x: u8, text: &[u8]) -> Option<usize> {"
./repos/coq-of-rust/RocqOfRust/core/slice/memchr.rs,rust_const,52,"const fn memchr_aligned(x: u8, text: &[u8]) -> Option<usize> {"
./repos/coq-of-rust/RocqOfRust/core/slice/sort/select.rs,rust_const,61,"const INSERTION_SORT_THRESHOLD: usize = 16;"
./repos/coq-of-rust/RocqOfRust/core/slice/sort/shared/pivot.rs,rust_const,6,"const PSEUDO_MEDIAN_REC_THRESHOLD: usize = 64;"
./repos/coq-of-rust/RocqOfRust/core/slice/sort/shared/smallsort.rs,rust_const,174,"const SMALL_SORT_FALLBACK_THRESHOLD: usize = 16;"
./repos/coq-of-rust/RocqOfRust/core/slice/sort/shared/smallsort.rs,rust_const,180,"const SMALL_SORT_GENERAL_THRESHOLD: usize = 32;"
./repos/coq-of-rust/RocqOfRust/core/slice/sort/shared/smallsort.rs,rust_const,191,"const SMALL_SORT_NETWORK_THRESHOLD: usize = 32;"
./repos/coq-of-rust/RocqOfRust/core/slice/sort/shared/smallsort.rs,rust_const,192,"const SMALL_SORT_NETWORK_SCRATCH_LEN: usize = SMALL_SORT_NETWORK_THRESHOLD;"
./repos/coq-of-rust/RocqOfRust/core/slice/sort/shared/smallsort.rs,rust_const,197,"const MAX_STACK_ARRAY_SIZE: usize = 4096;"
./repos/coq-of-rust/RocqOfRust/core/slice/sort/unstable/quicksort.rs,rust_const,138,"const fn inst_partition<T, F: FnMut(&T, &T) -> bool>() -> fn(&mut [T], &T, &mut F) -> usize {"
./repos/coq-of-rust/RocqOfRust/core/cell.rs,rust_const,822,"const UNUSED: BorrowFlag = 0;"
./repos/coq-of-rust/RocqOfRust/core/panicking.rs,rust_const,36,"const _: () = assert!(cfg!(panic = "abort"), "panic_immediate_abort requires -C panic=abort");"
./repos/coq-of-rust/RocqOfRust/core/sync/atomic.rs,rust_const,257,"const EMULATE_ATOMIC_BOOL: bool ="
./repos/coq-of-rust/RocqOfRust/core/str/validations.rs,rust_const,11,"const fn utf8_first_byte(byte: u8, width: u32) -> u32 {"
./repos/coq-of-rust/RocqOfRust/core/str/validations.rs,rust_const,17,"const fn utf8_acc_cont_byte(ch: u32, byte: u8) -> u32 {"
./repos/coq-of-rust/RocqOfRust/core/str/validations.rs,rust_const,115,"const NONASCII_MASK: usize = usize::repeat_u8(0x80);"
./repos/coq-of-rust/RocqOfRust/core/str/validations.rs,rust_const,119,"const fn contains_nonascii(x: usize) -> bool {"
./repos/coq-of-rust/RocqOfRust/core/str/validations.rs,rust_const,255,"const UTF8_CHAR_WIDTH: &[u8; 256] = &["
./repos/coq-of-rust/RocqOfRust/core/str/validations.rs,rust_const,284,"const CONT_MASK: u8 = 0b0011_1111;"
./repos/coq-of-rust/RocqOfRust/core/str/traits.rs,rust_const,78,"const fn str_index_overflow_fail() -> ! {"
./repos/coq-of-rust/RocqOfRust/core/str/count.rs,rust_const,23,"const USIZE_SIZE: usize = core::mem::size_of::<usize>();"
./repos/coq-of-rust/RocqOfRust/core/str/count.rs,rust_const,24,"const UNROLL_INNER: usize = 4;"
./repos/coq-of-rust/RocqOfRust/core/str/mod.rs,rust_const,67,"const fn slice_error_fail(s: &str, begin: usize, end: usize) -> ! {"
./repos/coq-of-rust/RocqOfRust/core/str/mod.rs,rust_const,72,"const fn slice_error_fail(s: &str, begin: usize, end: usize) -> ! {"
./repos/coq-of-rust/RocqOfRust/core/str/mod.rs,rust_const,77,"const fn slice_error_fail_ct(_: &str, _: usize, _: usize) -> ! {"
./repos/coq-of-rust/RocqOfRust/core/option.rs,rust_const,2008,"const fn unwrap_failed() -> ! {"
./repos/coq-of-rust/RocqOfRust/core/option.rs,rust_const,2017,"const fn expect_failed(msg: &str) -> ! {"
./repos/coq-of-rust/RocqOfRust/revm/revm_interpreter/instructions/i256.rs,rust_const,28,"const FLIPH_BITMASK_U64: u64 = 0x7FFFFFFFFFFFFFFF;"
./repos/coq-of-rust/RocqOfRust/revm/revm_interpreter/gas/calc.rs,rust_const,69,"const fn log2floor(value: U256) -> u64 {"
./repos/coq-of-rust/RocqOfRust/revm/revm_bytecode/eof/header.rs,rust_const,31,"const KIND_TERMINAL: u8 = 0;"
./repos/coq-of-rust/RocqOfRust/revm/revm_bytecode/eof/header.rs,rust_const,32,"const KIND_TYPES: u8 = 1;"
./repos/coq-of-rust/RocqOfRust/revm/revm_bytecode/eof/header.rs,rust_const,33,"const KIND_CODE: u8 = 2;"
./repos/coq-of-rust/RocqOfRust/revm/revm_bytecode/eof/header.rs,rust_const,34,"const KIND_CONTAINER: u8 = 3;"
./repos/coq-of-rust/RocqOfRust/revm/revm_bytecode/eof/header.rs,rust_const,35,"const KIND_DATA: u8 = 4;"
./repos/coq-of-rust/RocqOfRust/revm/revm_bytecode/eof/types_section.rs,rust_const,8,"const EOF_NON_RETURNING_FUNCTION: u8 = 0x80;"
./repos/coq-of-rust/RocqOfRust/revm/revm_precompile/secp256r1.rs,rust_const,16,"const P256VERIFY_BASE: u64 = 3450;"
./repos/coq-of-rust/RocqOfRust/revm/revm_precompile/blake2.rs,rust_const,4,"const F_ROUND: u64 = 1;"
./repos/coq-of-rust/RocqOfRust/revm/revm_precompile/blake2.rs,rust_const,5,"const INPUT_LENGTH: usize = 213;"
./repos/coq-of-rust/RocqOfRust/revm/revm_precompile/bls12_381/msm.rs,rust_const,2,"const MSM_MULTIPLIER: u64 = 1000;"
./repos/coq-of-rust/RocqOfRust/revm/revm_precompile/bls12_381/map_fp2_to_g2.rs,rust_const,19,"const BASE_GAS_FEE: u64 = 75000;"
./repos/coq-of-rust/RocqOfRust/revm/revm_precompile/bls12_381/g2_add.rs,rust_const,15,"const BASE_GAS_FEE: u64 = 800;"
./repos/coq-of-rust/RocqOfRust/revm/revm_precompile/bls12_381/g2_add.rs,rust_const,18,"const INPUT_LENGTH: usize = 512;"
./repos/coq-of-rust/RocqOfRust/revm/revm_precompile/bls12_381/g2.rs,rust_const,10,"const G2_OUTPUT_LENGTH: usize = 256;"
./repos/coq-of-rust/RocqOfRust/revm/revm_precompile/bls12_381/pairing.rs,rust_const,18,"const PAIRING_MULTIPLIER_BASE: u64 = 43000;"
./repos/coq-of-rust/RocqOfRust/revm/revm_precompile/bls12_381/pairing.rs,rust_const,20,"const PAIRING_OFFSET_BASE: u64 = 65000;"
./repos/coq-of-rust/RocqOfRust/revm/revm_precompile/bls12_381/pairing.rs,rust_const,22,"const INPUT_LENGTH: usize = 384;"
./repos/coq-of-rust/RocqOfRust/revm/revm_precompile/bls12_381/g1_add.rs,rust_const,15,"const BASE_GAS_FEE: u64 = 500;"
./repos/coq-of-rust/RocqOfRust/revm/revm_precompile/bls12_381/g1_add.rs,rust_const,18,"const INPUT_LENGTH: usize = 256;"
./repos/coq-of-rust/RocqOfRust/revm/revm_precompile/bls12_381/map_fp_to_g1.rs,rust_const,18,"const MAP_FP_TO_G1_BASE: u64 = 5500;"
./repos/coq-of-rust/RocqOfRust/revm/revm_precompile/bls12_381/g1.rs,rust_const,10,"const G1_OUTPUT_LENGTH: usize = 128;"
./repos/coq-of-rust/RocqOfRust/bytes/bytes.rs,rust_const,963,"const STATIC_VTABLE: Vtable = Vtable {"
./repos/coq-of-rust/RocqOfRust/bytes/bytes.rs,rust_const,1178,"const _: [(); 0 - mem::align_of::<Shared>() % 2] = []; // Assert that the alignment of `Shared` is divisible by 2."
./repos/coq-of-rust/RocqOfRust/bytes/bytes.rs,rust_const,1188,"const KIND_ARC: usize = 0b0;"
./repos/coq-of-rust/RocqOfRust/bytes/bytes.rs,rust_const,1189,"const KIND_VEC: usize = 0b1;"
./repos/coq-of-rust/RocqOfRust/bytes/bytes.rs,rust_const,1190,"const KIND_MASK: usize = 0b1;"
./repos/coq-of-rust/RocqOfRust/bytes/bytes_mut.rs,rust_const,87,"const _: [(); 0 - mem::align_of::<Shared>() % 2] = []; // Assert that the alignment of `Shared` is divisible by 2."
./repos/coq-of-rust/RocqOfRust/bytes/bytes_mut.rs,rust_const,90,"const KIND_ARC: usize = 0b0;"
./repos/coq-of-rust/RocqOfRust/bytes/bytes_mut.rs,rust_const,91,"const KIND_VEC: usize = 0b1;"
./repos/coq-of-rust/RocqOfRust/bytes/bytes_mut.rs,rust_const,92,"const KIND_MASK: usize = 0b1;"
./repos/coq-of-rust/RocqOfRust/bytes/bytes_mut.rs,rust_const,96,"const MAX_ORIGINAL_CAPACITY_WIDTH: usize = 17;"
./repos/coq-of-rust/RocqOfRust/bytes/bytes_mut.rs,rust_const,99,"const MIN_ORIGINAL_CAPACITY_WIDTH: usize = 10;"
./repos/coq-of-rust/RocqOfRust/bytes/bytes_mut.rs,rust_const,102,"const ORIGINAL_CAPACITY_MASK: usize = 0b11100;"
./repos/coq-of-rust/RocqOfRust/bytes/bytes_mut.rs,rust_const,103,"const ORIGINAL_CAPACITY_OFFSET: usize = 2;"
./repos/coq-of-rust/RocqOfRust/bytes/bytes_mut.rs,rust_const,105,"const VEC_POS_OFFSET: usize = 5;"
./repos/coq-of-rust/RocqOfRust/bytes/bytes_mut.rs,rust_const,110,"const MAX_VEC_POS: usize = usize::MAX >> VEC_POS_OFFSET;"
./repos/coq-of-rust/RocqOfRust/bytes/bytes_mut.rs,rust_const,111,"const NOT_VEC_POS_MASK: usize = 0b11111;"
./repos/coq-of-rust/RocqOfRust/bytes/bytes_mut.rs,rust_const,114,"const PTR_WIDTH: usize = 64;"
./repos/coq-of-rust/RocqOfRust/bytes/bytes_mut.rs,rust_const,116,"const PTR_WIDTH: usize = 32;"
./repos/coq-of-rust/RocqOfRust/solana_program_token/pinocchio/processor/mod.rs,rust_const,74,"const U64_BYTES: usize = core::mem::size_of::<u64>();"
./repos/coq-of-rust/RocqOfRust/solana_program_token/pinocchio/processor/mod.rs,rust_const,81,"const MAX_FORMATTED_DIGITS: usize = u8::MAX as usize + 2;"
./repos/coq-of-rust/RocqOfRust/solana_program_token/pinocchio/processor/mod.rs,rust_const,199,"const fn unpack_amount(instruction_data: &[u8]) -> Result<u64, TokenError> {"
./repos/coq-of-rust/RocqOfRust/solana_program_token/pinocchio/processor/mod.rs,rust_const,211,"const fn unpack_amount_and_decimals(instruction_data: &[u8]) -> Result<(u64, u8), TokenError> {"
./repos/coq-of-rust/RocqOfRust/solana_program_token/pinocchio/processor/batch.rs,rust_const,12,"const IX_HEADER_SIZE: usize = 2;"
./repos/coq-of-rust/RocqOfRust/solana_program_token/interface/state.rs,rust_const,294,"const SPL_TOKEN_ACCOUNT_MINT_OFFSET: usize = 0;"
./repos/coq-of-rust/RocqOfRust/solana_program_token/interface/state.rs,rust_const,295,"const SPL_TOKEN_ACCOUNT_OWNER_OFFSET: usize = 32;"
./repos/coq-of-rust/RocqOfRust/solana_program_token/interface/instruction.rs,rust_const,18,"const U64_BYTES: usize = 8;"
./convert_emoji_patterns.pl,prolog_fact,7,"emoji_patterns(["
./scheme_c_convergence.pl,prolog_fact,13,"scheme_construct(number, '42', 2)."
./scheme_c_convergence.pl,prolog_fact,14,"scheme_construct(boolean, '#t', 2)."
./scheme_c_convergence.pl,prolog_fact,15,"scheme_construct(char, '#\a', 2)."
./scheme_c_convergence.pl,prolog_fact,18,"scheme_construct(add, '(+ 1 2)', 3)."
./scheme_c_convergence.pl,prolog_fact,19,"scheme_construct(sub, '(- 3 1)', 3)."
./scheme_c_convergence.pl,prolog_fact,20,"scheme_construct(mul, '(* 2 3)', 3)."
./scheme_c_convergence.pl,prolog_fact,23,"scheme_construct(define, '(define x 1)', 5)."
./scheme_c_convergence.pl,prolog_fact,24,"scheme_construct(set, '(set! x 2)', 5)."
./scheme_c_convergence.pl,prolog_fact,25,"scheme_construct(let, '(let ((x 1)) x)', 5)."
./scheme_c_convergence.pl,prolog_fact,28,"scheme_construct(if, '(if x y z)', 7)."
./scheme_c_convergence.pl,prolog_fact,29,"scheme_construct(cond, '(cond ((x) y))', 7)."
./scheme_c_convergence.pl,prolog_fact,30,"scheme_construct(case, '(case x ((1) y))', 7)."
./scheme_c_convergence.pl,prolog_fact,33,"scheme_construct(lambda, '(lambda (x) x)', 11)."
./scheme_c_convergence.pl,prolog_fact,34,"scheme_construct(apply, '(apply f args)', 11)."
./scheme_c_convergence.pl,prolog_fact,35,"scheme_construct(call, '(f x)', 11)."
./scheme_c_convergence.pl,prolog_fact,38,"scheme_construct(cons, '(cons 1 2)', 13)."
./scheme_c_convergence.pl,prolog_fact,39,"scheme_construct(car, '(car lst)', 13)."
./scheme_c_convergence.pl,prolog_fact,40,"scheme_construct(cdr, '(cdr lst)', 13)."
./scheme_c_convergence.pl,prolog_fact,43,"scheme_construct(vector, '(vector 1 2 3)', 17)."
./scheme_c_convergence.pl,prolog_fact,44,"scheme_construct(record, '(make-record x y)', 17)."
./scheme_c_convergence.pl,prolog_fact,47,"scheme_construct(syntax_rules, '(syntax-rules () ...)', 19)."
./scheme_c_convergence.pl,prolog_fact,48,"scheme_construct(quasiquote, '`(,x)', 19)."
./scheme_c_convergence.pl,prolog_fact,51,"scheme_construct(c_call, '(c-call "malloc" n)', 23)."
./scheme_c_convergence.pl,prolog_fact,52,"scheme_construct(pointer, '(make-pointer addr)', 23)."
./scheme_c_convergence.pl,prolog_fact,58,"c_construct(int_type, 'int', 2)."
./scheme_c_convergence.pl,prolog_fact,59,"c_construct(add_op, '+', 3)."
./scheme_c_convergence.pl,prolog_fact,60,"c_construct(var_decl, 'int x;', 5)."
./scheme_c_convergence.pl,prolog_fact,61,"c_construct(if_stmt, 'if (x) {}', 7)."
./scheme_c_convergence.pl,prolog_fact,62,"c_construct(func_decl, 'int f();', 11)."
./scheme_c_convergence.pl,prolog_fact,63,"c_construct(pointer, 'int *p;', 13)."
./scheme_c_convergence.pl,prolog_fact,64,"c_construct(struct, 'struct S {};', 17)."
./scheme_c_convergence.pl,prolog_fact,65,"c_construct(array, 'int a[10];', 19)."
./scheme_c_convergence.pl,prolog_fact,66,"c_construct(malloc, 'malloc(n)', 23)."
./scheme_c_convergence.pl,prolog_fact,73,"convergence_point(2, scheme_number, c_int_type, 'Both represent integers')."
./scheme_c_convergence.pl,prolog_fact,76,"convergence_point(3, scheme_add, c_add_op, 'Both perform addition')."
./scheme_c_convergence.pl,prolog_fact,79,"convergence_point(5, scheme_define, c_var_decl, 'Both declare variables')."
./scheme_c_convergence.pl,prolog_fact,82,"convergence_point(7, scheme_if, c_if_stmt, 'Both conditional branching')."
./scheme_c_convergence.pl,prolog_fact,85,"convergence_point(11, scheme_lambda, c_func_decl, 'Both define functions')."
./scheme_c_convergence.pl,prolog_fact,88,"convergence_point(13, scheme_cons, c_pointer, 'Lists = linked pointers')."
./scheme_c_convergence.pl,prolog_fact,91,"convergence_point(17, scheme_vector, c_struct, 'Both aggregate data')."
./scheme_c_convergence.pl,prolog_fact,94,"convergence_point(19, scheme_syntax_rules, c_array, 'Both compile-time expansion')."
./scheme_c_convergence.pl,prolog_fact,97,"convergence_point(23, scheme_c_call, c_malloc, 'Both interface with C runtime')."
./scheme_c_convergence.pl,prolog_fact,205,"mes_path('/mnt/data1/nix/time/2024/05/30/mes')."
./scheme_c_convergence.pl,prolog_fact,296,"emoji_prime(2, '🔴'). emoji_prime(3, '🟠'). emoji_prime(5, '🟡')."
./scheme_c_convergence.pl,prolog_fact,297,"emoji_prime(7, '🟢'). emoji_prime(11, '🔵'). emoji_prime(13, '🟣')."
./scheme_c_convergence.pl,prolog_fact,298,"emoji_prime(17, '🟤'). emoji_prime(19, '⚫'). emoji_prime(23, '⚪')."
./scheme_c_convergence.pl,prolog_fact,299,"emoji_prime(29, '🔺'). emoji_prime(31, '🔻'). emoji_prime(41, '🔷')."
./scheme_c_convergence.pl,prolog_fact,300,"emoji_prime(71, '🍄')."
./self_aware_prolog.pl,prolog_fact,15,"idea_definition(factorial, ["
./self_aware_prolog.pl,prolog_fact,20,"idea_definition(fibonacci, ["
./self_aware_prolog.pl,prolog_fact,26,"idea_definition(quicksort, ["
./self_aware_prolog.pl,prolog_fact,295,"test_inputs(factorial, [5, 10, 15, 20])."
./self_aware_prolog.pl,prolog_fact,296,"test_inputs(fibonacci, [5, 10, 15, 20])."
./self_aware_prolog.pl,prolog_fact,313,"complexity_matches(o(n), o(n))."
./self_aware_prolog.pl,prolog_fact,314,"complexity_matches(o(n_squared), o(n_squared))."
./self_aware_prolog.pl,prolog_fact,318,"factorial(0, 1)."
./self_aware_prolog.pl,prolog_fact,322,"fib(0, 0)."
./self_aware_prolog.pl,prolog_fact,323,"fib(1, 1)."
./lmfdb_monster_model.pl,prolog_fact,45,"lmfdb_prime(2, genus(0), conductor(1)).    % Simplest"
./lmfdb_monster_model.pl,prolog_fact,46,"lmfdb_prime(3, genus(0), conductor(1))."
./lmfdb_monster_model.pl,prolog_fact,47,"lmfdb_prime(5, genus(0), conductor(1))."
./lmfdb_monster_model.pl,prolog_fact,48,"lmfdb_prime(7, genus(0), conductor(1))."
./lmfdb_monster_model.pl,prolog_fact,49,"lmfdb_prime(11, genus(1), conductor(11)).  % First genus 1"
./lmfdb_monster_model.pl,prolog_fact,50,"lmfdb_prime(13, genus(0), conductor(13))."
./lmfdb_monster_model.pl,prolog_fact,51,"lmfdb_prime(17, genus(1), conductor(17))."
./lmfdb_monster_model.pl,prolog_fact,52,"lmfdb_prime(19, genus(1), conductor(19))."
./lmfdb_monster_model.pl,prolog_fact,53,"lmfdb_prime(23, genus(2), conductor(23)).  % Genus 2"
./lmfdb_monster_model.pl,prolog_fact,54,"lmfdb_prime(29, genus(2), conductor(29))."
./lmfdb_monster_model.pl,prolog_fact,55,"lmfdb_prime(31, genus(2), conductor(31))."
./lmfdb_monster_model.pl,prolog_fact,56,"lmfdb_prime(41, genus(3), conductor(41)).  % Genus 3"
./lmfdb_monster_model.pl,prolog_fact,57,"lmfdb_prime(47, genus(3), conductor(47))."
./lmfdb_monster_model.pl,prolog_fact,58,"lmfdb_prime(59, genus(4), conductor(59)).  % Genus 4"
./lmfdb_monster_model.pl,prolog_fact,59,"lmfdb_prime(71, genus(5), conductor(71)).  % Genus 5 - mushroom!"
./lmfdb_monster_model.pl,prolog_fact,62,"lmfdb_prime(37, genus(2), conductor(37))."
./lmfdb_monster_model.pl,prolog_fact,63,"lmfdb_prime(43, genus(3), conductor(43))."
./lmfdb_monster_model.pl,prolog_fact,64,"lmfdb_prime(53, genus(4), conductor(53))."
./lmfdb_monster_model.pl,prolog_fact,65,"lmfdb_prime(61, genus(5), conductor(61))."
./lmfdb_monster_model.pl,prolog_fact,66,"lmfdb_prime(67, genus(5), conductor(67))."
./generate_literate_report.pl,prolog_fact,93,"literate_preamble('% -*- mode: noweb; noweb-code-mode: prolog-mode -*-"
./generate_literate_report.pl,prolog_fact,134,"monster_primes([~w])."
./generate_literate_report.pl,prolog_fact,140,"correlation_coefficient(~3f)."
./generate_literate_report.pl,prolog_fact,157,"prime_feature(2, types, "int, bool, char")."
./generate_literate_report.pl,prolog_fact,160,"prime_feature(3, operators, "+, -, *, /")."
./generate_literate_report.pl,prolog_fact,163,"prime_feature(5, variables, "x, y, z")."
./generate_literate_report.pl,prolog_fact,166,"prime_feature(7, control, "if, while, for")."
./generate_literate_report.pl,prolog_fact,169,"prime_feature(11, functions, "def, fn, lambda")."
./generate_literate_report.pl,prolog_fact,172,"prime_feature(13, pointers, "*ptr, &ref")."
./generate_literate_report.pl,prolog_fact,175,"prime_feature(17, structures, "struct, record")."
./generate_literate_report.pl,prolog_fact,178,"prime_feature(19, arrays, "[], vector")."
./generate_literate_report.pl,prolog_fact,181,"prime_feature(23, memory, "malloc, free")."
./generate_literate_report.pl,prolog_fact,184,"prime_feature(29, optimization, "SSA, inlining")."
./generate_literate_report.pl,prolog_fact,187,"prime_feature(31, output, "print, write")."
./generate_literate_report.pl,prolog_fact,190,"prime_feature(41, machine, "assembly, linking")."
./generate_literate_report.pl,prolog_fact,193,"prime_feature(71, universe, "type theory")."
./generate_literate_report.pl,prolog_fact,208,"product([], 1)."
./generate_literate_report.pl,prolog_fact,275,"literate_executable_code('\section{Executable Verification}"
./generate_literate_report.pl,prolog_fact,310,"program_has_feature(test_program, types)."
./generate_literate_report.pl,prolog_fact,311,"program_has_feature(test_program, operators)."
./generate_literate_report.pl,prolog_fact,320,"literate_conclusion('\section{Conclusion}"
./full_spectrum_press.pl,prolog_fact,15,"bytes_to_audio_samples([], [])."
./full_spectrum_press.pl,prolog_fact,38,"bits_to_tones([], [])."
./full_spectrum_press.pl,prolog_fact,50,"generate_tone_samples(_, _, 0, [])."
./full_spectrum_press.pl,prolog_fact,212,"replicate() {"
./full_spectrum_press.pl,prolog_fact,219,"germinate() {"
./full_spectrum_press.pl,prolog_fact,250,"execute() {"
./prolog_unification_plan.pl,prolog_fact,230,"load_implementation(_, _, _, stub)."
./prolog_unification_plan.pl,prolog_fact,245,"assign_complexity(pred(Name/Arity, _), pred(Name/Arity, 3)).  % Default: compute"
./prolog_unification_plan.pl,prolog_fact,247,"generate_wrapper(Impl, pred(Name/Arity, C), wrapper(Impl, Name, Arity, C))."
./prolog_unification_plan.pl,prolog_fact,275,"verify_oracle_agreement(_, valid)."
./self_tracing_fixed_point.pl,prolog_fact,83,"simulate_instructions([], State, State)."
./self_tracing_fixed_point.pl,prolog_fact,92,"execute_instruction(mov, State, State)."
./self_tracing_fixed_point.pl,prolog_fact,95,"execute_instruction(_, State, State). % Default: no change"
./self_tracing_fixed_point.pl,prolog_fact,151,"sable_instruction(add)."
./self_tracing_fixed_point.pl,prolog_fact,152,"sable_instruction(sub)."
./self_tracing_fixed_point.pl,prolog_fact,153,"sable_instruction(mov)."
./self_tracing_fixed_point.pl,prolog_fact,154,"sable_instruction(call)."
./self_tracing_fixed_point.pl,prolog_fact,155,"sable_instruction(ret)."
./self_tracing_fixed_point.pl,prolog_fact,156,"sable_instruction(jmp)."
./self_tracing_fixed_point.pl,prolog_fact,157,"sable_instruction(cmp)."
./self_tracing_fixed_point.pl,prolog_fact,158,"sable_instruction(push)."
./self_tracing_fixed_point.pl,prolog_fact,159,"sable_instruction(pop)."
./self_tracing_fixed_point.pl,prolog_fact,162,"non_sable_instruction(syscall).  % I/O"
./self_tracing_fixed_point.pl,prolog_fact,163,"non_sable_instruction(rdtsc).    % Time"
./self_tracing_fixed_point.pl,prolog_fact,164,"non_sable_instruction(rdrand).   % Random"
./opcode_matrix.pl,prolog_fact,13,"opcode_prime(mov, 2).      % Most fundamental"
./opcode_matrix.pl,prolog_fact,14,"opcode_prime(push, 3)."
./opcode_matrix.pl,prolog_fact,15,"opcode_prime(pop, 3)."
./opcode_matrix.pl,prolog_fact,16,"opcode_prime(add, 5)."
./opcode_matrix.pl,prolog_fact,17,"opcode_prime(sub, 5)."
./opcode_matrix.pl,prolog_fact,18,"opcode_prime(mul, 7)."
./opcode_matrix.pl,prolog_fact,19,"opcode_prime(imul, 7)."
./opcode_matrix.pl,prolog_fact,20,"opcode_prime(div, 7)."
./opcode_matrix.pl,prolog_fact,21,"opcode_prime(cmp, 11)."
./opcode_matrix.pl,prolog_fact,22,"opcode_prime(test, 11)."
./opcode_matrix.pl,prolog_fact,23,"opcode_prime(jmp, 13)."
./opcode_matrix.pl,prolog_fact,24,"opcode_prime(je, 13)."
./opcode_matrix.pl,prolog_fact,25,"opcode_prime(jne, 13)."
./opcode_matrix.pl,prolog_fact,26,"opcode_prime(jle, 13)."
./opcode_matrix.pl,prolog_fact,27,"opcode_prime(call, 17)."
./opcode_matrix.pl,prolog_fact,28,"opcode_prime(ret, 17)."
./opcode_matrix.pl,prolog_fact,29,"opcode_prime(lea, 19)."
./opcode_matrix.pl,prolog_fact,30,"opcode_prime(xor, 23)."
./opcode_matrix.pl,prolog_fact,31,"opcode_prime(and, 23)."
./opcode_matrix.pl,prolog_fact,32,"opcode_prime(or, 23)."
./opcode_matrix.pl,prolog_fact,33,"opcode_prime(shl, 29)."
./opcode_matrix.pl,prolog_fact,34,"opcode_prime(shr, 29)."
./opcode_matrix.pl,prolog_fact,35,"opcode_prime(nop, 31)."
./opcode_matrix.pl,prolog_fact,321,"emoji_prime(2, '🔴'). emoji_prime(3, '🟠'). emoji_prime(5, '🟡')."
./opcode_matrix.pl,prolog_fact,322,"emoji_prime(7, '🟢'). emoji_prime(11, '🔵'). emoji_prime(13, '🟣')."
./opcode_matrix.pl,prolog_fact,323,"emoji_prime(17, '🟤'). emoji_prime(19, '⚫'). emoji_prime(23, '⚪')."
./opcode_matrix.pl,prolog_fact,324,"emoji_prime(29, '🔺'). emoji_prime(31, '🔻'). emoji_prime(41, '🔷')."
./mes_in_prolog.pl,prolog_fact,12,"c_program(factorial, ["
./mes_in_prolog.pl,prolog_fact,22,"c_eval(c_int(N), _Env, N)."
./mes_in_prolog.pl,prolog_fact,52,"scheme_program(factorial, "
./mes_in_prolog.pl,prolog_fact,60,"scheme_eval(s_num(N), _Env, N)."
./mes_in_prolog.pl,prolog_fact,75,"scheme_eval(s_lambda(Args, Body), Env, closure(Args, Body, Env))."
./mes_in_prolog.pl,prolog_fact,94,"prime(2). prime(3). prime(5). prime(7). prime(11). prime(13)."
./mes_in_prolog.pl,prolog_fact,95,"prime(17). prime(19). prime(23). prime(29). prime(31)."
./mes_in_prolog.pl,prolog_fact,154,"(* C program in Coq *)"
./mes_in_prolog.pl,prolog_fact,161,"(* Scheme program in Coq *)"
./mes_in_prolog.pl,prolog_fact,168,"(* Unification: C ≅ Scheme *)"
./mes_in_prolog.pl,prolog_fact,177,"(* Theorem: Translation preserves semantics *)"
./compile_to_music.pl,prolog_fact,62,"sum_sines([], _, 0.0)."
./test_compiler_equivalence.pl,prolog_fact,13,"test_case(2, basic_types, 'int main() { int x = 1; return x; }')."
./test_compiler_equivalence.pl,prolog_fact,16,"test_case(3, operators, 'int main() { return 2 + 3 * 4; }')."
./test_compiler_equivalence.pl,prolog_fact,19,"test_case(5, variables, 'int main() { int x = 5; int y = x; return y; }')."
./test_compiler_equivalence.pl,prolog_fact,22,"test_case(7, control_flow, 'int main() { int x = 0; if (x) return 1; return 0; }')."
./test_compiler_equivalence.pl,prolog_fact,25,"test_case(11, functions, 'int f(int x) { return x + 1; } int main() { return f(5); }')."
./test_compiler_equivalence.pl,prolog_fact,28,"test_case(13, pointers, 'int main() { int x = 13; int *p = &x; return *p; }')."
./test_compiler_equivalence.pl,prolog_fact,31,"test_case(17, structs, 'struct S { int x; }; int main() { struct S s; s.x = 17; return s.x; }')."
./test_compiler_equivalence.pl,prolog_fact,34,"test_case(19, arrays, 'int main() { int a[3] = {1,2,3}; return a[1]; }')."
./test_compiler_equivalence.pl,prolog_fact,37,"test_case(23, memory, '#include <stdlib.h>nint main() { int *p = malloc(sizeof(int)); *p = 23; int r = *p; free(p); return r; }')."
./test_compiler_equivalence.pl,prolog_fact,40,"test_case(29, inline_asm, 'int main() { int x = 29; asm("" : "+r"(x)); return x; }')."
./test_compiler_equivalence.pl,prolog_fact,43,"test_case(31, preprocessor, '#define X 31nint main() { return X; }')."
./test_compiler_equivalence.pl,prolog_fact,46,"test_case(41, complex_expr, 'int main() { int x = 5; return x > 0 ? x * 2 : 0; }')."
./test_compiler_equivalence.pl,prolog_fact,86,"compiler_cmd(gcc, 'gcc')."
./test_compiler_equivalence.pl,prolog_fact,87,"compiler_cmd(clang, 'clang')."
./test_compiler_equivalence.pl,prolog_fact,88,"compiler_cmd(tcc, 'tcc')."
./test_compiler_equivalence.pl,prolog_fact,184,"all_same_result([])."
./test_compiler_equivalence.pl,prolog_fact,185,"all_same_result([_])."
./test_compiler_equivalence.pl,prolog_fact,249,"emoji_prime(2, '🔴'). emoji_prime(3, '🟠'). emoji_prime(5, '🟡')."
./test_compiler_equivalence.pl,prolog_fact,250,"emoji_prime(7, '🟢'). emoji_prime(11, '🔵'). emoji_prime(13, '🟣')."
./test_compiler_equivalence.pl,prolog_fact,251,"emoji_prime(17, '🟤'). emoji_prime(19, '⚫'). emoji_prime(23, '⚪')."
./test_compiler_equivalence.pl,prolog_fact,252,"emoji_prime(29, '🔺'). emoji_prime(31, '🔻'). emoji_prime(41, '🔷')."
./hecke_shard_to_71.pl,prolog_fact,9,"monster_primes([2,3,5,7,11,13,17,19,23,29,31,37,41,43,47,53,59,61,67,71])."
./optimize_layout.pl,prolog_fact,40,"calculate_dissonance([], 0)."
./optimize_layout.pl,prolog_fact,41,"calculate_dissonance([_], 0)."
./universal_compiler.pl,prolog_fact,91,"compiler_passes(compcert, ["
./universal_compiler.pl,prolog_fact,114,"compiler_passes(gcc, ["
./universal_compiler.pl,prolog_fact,127,"compiler_passes(clang, ["
./universal_compiler.pl,prolog_fact,138,"compiler_passes(tcc, ["
./universal_compiler.pl,prolog_fact,145,"compiler_passes(mes, ["
./universal_compiler.pl,prolog_fact,182,"lmfdb_function(a, 'elliptic_curve.j_invariant')."
./universal_compiler.pl,prolog_fact,183,"lmfdb_function(aiii, 'modular_form.fourier_coeff')."
./universal_compiler.pl,prolog_fact,184,"lmfdb_function(ai, 'number_field.discriminant')."
./universal_compiler.pl,prolog_fact,185,"lmfdb_function(bdi, 'galois_group.order')."
./universal_compiler.pl,prolog_fact,186,"lmfdb_function(d, 'lattice.determinant')."
./universal_compiler.pl,prolog_fact,187,"lmfdb_function(diii, 'automorphic_form.eigenvalue')."
./universal_compiler.pl,prolog_fact,188,"lmfdb_function(aii, 'modular_curve.genus')."
./universal_compiler.pl,prolog_fact,189,"lmfdb_function(cii, 'l_function.zero')."
./universal_compiler.pl,prolog_fact,190,"lmfdb_function(c, 'elliptic_curve.conductor')."
./universal_compiler.pl,prolog_fact,191,"lmfdb_function(ci, 'number_field.class_number')."
./bisimulation.pl,prolog_fact,308,"nix_expression(Layer, expr(layer(Layer)))."
./bisimulation.pl,prolog_fact,309,"nix_eval(expr(layer(Layer)), path(Layer))."
./bisimulation.pl,prolog_fact,310,"nix_store_contains(path(Layer), binary(Layer))."
./bisimulation.pl,prolog_fact,311,"rust_program(Layer, code(Layer))."
./bisimulation.pl,prolog_fact,312,"compile(code(Layer), binary(Layer))."
./bisimulation.pl,prolog_fact,313,"execute(binary(Layer), result(Layer), 0)."
./bisimulation.pl,prolog_fact,314,"rust_binary(Layer, binary(Layer))."
./bisimulation.pl,prolog_fact,315,"rust_can_execute(binary(_))."
./bisimulation.pl,prolog_fact,316,"perf_measured_binary(Layer, binary(Layer))."
./bisimulation.pl,prolog_fact,317,"perf_metadata(Layer, metadata(hash(Layer)))."
./bisimulation.pl,prolog_fact,318,"content_address(X, hash(X))."
./bisimulation.pl,prolog_fact,320,"equivalent_output(result(L), result(L))."
./consume_prolog_variants.pl,prolog_fact,12,"hunger_level(infinite)."
./consume_prolog_variants.pl,prolog_fact,115,"analyze_variant_predicates(_, [pred(unify, 0), pred(call, 3)])."
./consume_prolog_variants.pl,prolog_fact,125,"find_orbit_for_complexity(0, orbit_0)."
./consume_prolog_variants.pl,prolog_fact,126,"find_orbit_for_complexity(1, orbit_1)."
./consume_prolog_variants.pl,prolog_fact,127,"find_orbit_for_complexity(2, orbit_2)."
./consume_prolog_variants.pl,prolog_fact,128,"find_orbit_for_complexity(3, orbit_3)."
./consume_prolog_variants.pl,prolog_fact,129,"find_orbit_for_complexity(7, orbit_7)."
./consume_prolog_variants.pl,prolog_fact,130,"find_orbit_for_complexity(11, orbit_11)."
./consume_prolog_variants.pl,prolog_fact,131,"find_orbit_for_complexity(13, orbit_13)."
./consume_prolog_variants.pl,prolog_fact,132,"find_orbit_for_complexity(17, orbit_17)."
./consume_prolog_variants.pl,prolog_fact,133,"find_orbit_for_complexity(19, orbit_19)."
./consume_prolog_variants.pl,prolog_fact,134,"find_orbit_for_complexity(_, orbit_0)."
./consume_prolog_variants.pl,prolog_fact,197,"orbit_id(orbit_0)."
./consume_prolog_variants.pl,prolog_fact,198,"orbit_id(orbit_1)."
./consume_prolog_variants.pl,prolog_fact,199,"orbit_id(orbit_2)."
./consume_prolog_variants.pl,prolog_fact,200,"orbit_id(orbit_3)."
./consume_prolog_variants.pl,prolog_fact,201,"orbit_id(orbit_7)."
./consume_prolog_variants.pl,prolog_fact,202,"orbit_id(orbit_11)."
./consume_prolog_variants.pl,prolog_fact,203,"orbit_id(orbit_13)."
./consume_prolog_variants.pl,prolog_fact,204,"orbit_id(orbit_17)."
./consume_prolog_variants.pl,prolog_fact,205,"orbit_id(orbit_19)."
./lift_ocaml_to_rust.pl,prolog_fact,69,"ocaml_to_rust(let_binding, let_statement)."
./lift_ocaml_to_rust.pl,prolog_fact,70,"ocaml_to_rust(match_expr, match_statement)."
./lift_ocaml_to_rust.pl,prolog_fact,71,"ocaml_to_rust(type_def, struct_def)."
./lift_ocaml_to_rust.pl,prolog_fact,72,"ocaml_to_rust(module, mod_declaration)."
./lift_ocaml_to_rust.pl,prolog_fact,73,"ocaml_to_rust(functor, trait_with_generics)."
./lift_ocaml_to_rust.pl,prolog_fact,74,"ocaml_to_rust(variant, enum_def)."
./lift_ocaml_to_rust.pl,prolog_fact,75,"ocaml_to_rust(record, struct_with_fields)."
./lift_ocaml_to_rust.pl,prolog_fact,76,"ocaml_to_rust(function, fn_declaration)."
./lift_ocaml_to_rust.pl,prolog_fact,106,"generate_rust_template(let_statement, 'let x = value;')."
./lift_ocaml_to_rust.pl,prolog_fact,107,"generate_rust_template(match_statement, 'match expr { ... }')."
./lift_ocaml_to_rust.pl,prolog_fact,108,"generate_rust_template(struct_def, 'struct Name { ... }')."
./lift_ocaml_to_rust.pl,prolog_fact,109,"generate_rust_template(mod_declaration, 'mod name { ... }')."
./lift_ocaml_to_rust.pl,prolog_fact,110,"generate_rust_template(enum_def, 'enum Name { ... }')."
./lift_ocaml_to_rust.pl,prolog_fact,111,"generate_rust_template(fn_declaration, 'fn name() { ... }')."
./lift_ocaml_to_rust.pl,prolog_fact,112,"generate_rust_template(_, 'todo!()')."
./lift_ocaml_to_rust.pl,prolog_fact,135,"emoji_prime(2, '🔴'). emoji_prime(3, '🟠'). emoji_prime(5, '🟡')."
./lift_ocaml_to_rust.pl,prolog_fact,136,"emoji_prime(7, '🟢'). emoji_prime(11, '🔵'). emoji_prime(13, '🟣')."
./lift_ocaml_to_rust.pl,prolog_fact,137,"emoji_prime(17, '🟤'). emoji_prime(19, '⚫')."
./c_syntax_harmonics.pl,prolog_fact,12,"c_syntax(int_type, 'int', 2, 0.500)."
./c_syntax_harmonics.pl,prolog_fact,13,"c_syntax(char_type, 'char', 2, 0.500)."
./c_syntax_harmonics.pl,prolog_fact,14,"c_syntax(void_type, 'void', 2, 0.500)."
./c_syntax_harmonics.pl,prolog_fact,15,"c_syntax(float_type, 'float', 2, 0.500)."
./c_syntax_harmonics.pl,prolog_fact,18,"c_syntax(add_op, 'a + b', 3, 0.333)."
./c_syntax_harmonics.pl,prolog_fact,19,"c_syntax(sub_op, 'a - b', 3, 0.333)."
./c_syntax_harmonics.pl,prolog_fact,20,"c_syntax(mul_op, 'a * b', 3, 0.333)."
./c_syntax_harmonics.pl,prolog_fact,21,"c_syntax(div_op, 'a / b', 3, 0.333)."
./c_syntax_harmonics.pl,prolog_fact,24,"c_syntax(var_decl, 'int x;', 5, 0.200)."
./c_syntax_harmonics.pl,prolog_fact,25,"c_syntax(var_assign, 'x = 1;', 5, 0.200)."
./c_syntax_harmonics.pl,prolog_fact,26,"c_syntax(var_read, 'y = x;', 5, 0.200)."
./c_syntax_harmonics.pl,prolog_fact,29,"c_syntax(if_stmt, 'if (x) { }', 7, 0.143)."
./c_syntax_harmonics.pl,prolog_fact,30,"c_syntax(while_loop, 'while (x) { }', 7, 0.143)."
./c_syntax_harmonics.pl,prolog_fact,31,"c_syntax(for_loop, 'for (;;) { }', 7, 0.143)."
./c_syntax_harmonics.pl,prolog_fact,32,"c_syntax(switch_stmt, 'switch (x) { }', 7, 0.143)."
./c_syntax_harmonics.pl,prolog_fact,35,"c_syntax(func_decl, 'int f(int x);', 11, 0.091)."
./c_syntax_harmonics.pl,prolog_fact,36,"c_syntax(func_call, 'f(x);', 11, 0.091)."
./c_syntax_harmonics.pl,prolog_fact,37,"c_syntax(return_stmt, 'return x;', 11, 0.091)."
./c_syntax_harmonics.pl,prolog_fact,40,"c_syntax(pointer_decl, 'int *p;', 13, 0.077)."
./c_syntax_harmonics.pl,prolog_fact,41,"c_syntax(pointer_deref, '*p', 13, 0.077)."
./c_syntax_harmonics.pl,prolog_fact,42,"c_syntax(address_of, '&x', 13, 0.077)."
./c_syntax_harmonics.pl,prolog_fact,45,"c_syntax(struct_decl, 'struct S { int x; };', 17, 0.059)."
./c_syntax_harmonics.pl,prolog_fact,46,"c_syntax(struct_access, 's.x', 17, 0.059)."
./c_syntax_harmonics.pl,prolog_fact,47,"c_syntax(struct_ptr, 's->x', 17, 0.059)."
./c_syntax_harmonics.pl,prolog_fact,50,"c_syntax(array_decl, 'int a[10];', 19, 0.053)."
./c_syntax_harmonics.pl,prolog_fact,51,"c_syntax(array_access, 'a[i]', 19, 0.053)."
./c_syntax_harmonics.pl,prolog_fact,52,"c_syntax(array_init, 'int a[] = {1,2,3};', 19, 0.053)."
./c_syntax_harmonics.pl,prolog_fact,55,"c_syntax(malloc_call, 'malloc(n)', 23, 0.043)."
./c_syntax_harmonics.pl,prolog_fact,56,"c_syntax(free_call, 'free(p)', 23, 0.043)."
./c_syntax_harmonics.pl,prolog_fact,57,"c_syntax(memcpy_call, 'memcpy(d,s,n)', 23, 0.043)."
./c_syntax_harmonics.pl,prolog_fact,60,"c_syntax(asm_stmt, 'asm("...")', 29, 0.034)."
./c_syntax_harmonics.pl,prolog_fact,63,"c_syntax(include_dir, '#include <stdio.h>', 31, 0.032)."
./c_syntax_harmonics.pl,prolog_fact,64,"c_syntax(define_macro, '#define X 1', 31, 0.032)."
./c_syntax_harmonics.pl,prolog_fact,67,"c_syntax(ternary_op, 'x ? y : z', 41, 0.024)."
./c_syntax_harmonics.pl,prolog_fact,68,"c_syntax(cast_expr, '(int)x', 41, 0.024)."
./c_syntax_harmonics.pl,prolog_fact,75,"syntax_to_proof(int_type, 'Clight_semantics', 'Types defined in Clight')."
./c_syntax_harmonics.pl,prolog_fact,76,"syntax_to_proof(char_type, 'Clight_semantics', 'Types defined in Clight')."
./c_syntax_harmonics.pl,prolog_fact,79,"syntax_to_proof(var_decl, 'SimplLocals_correct', 'Local variables simplified')."
./c_syntax_harmonics.pl,prolog_fact,80,"syntax_to_proof(var_assign, 'SimplLocals_correct', 'Assignments simplified')."
./c_syntax_harmonics.pl,prolog_fact,83,"syntax_to_proof(if_stmt, 'Cminorgen_correct', 'Control flow to Cminor')."
./c_syntax_harmonics.pl,prolog_fact,84,"syntax_to_proof(while_loop, 'Cminorgen_correct', 'Loops to Cminor')."
./c_syntax_harmonics.pl,prolog_fact,85,"syntax_to_proof(for_loop, 'Cminorgen_correct', 'Loops to Cminor')."
./c_syntax_harmonics.pl,prolog_fact,88,"syntax_to_proof(func_call, 'Selection_correct', 'Function calls selected')."
./c_syntax_harmonics.pl,prolog_fact,89,"syntax_to_proof(return_stmt, 'Selection_correct', 'Returns selected')."
./c_syntax_harmonics.pl,prolog_fact,92,"syntax_to_proof(pointer_deref, 'RTLgen_correct', 'Pointer ops to RTL')."
./c_syntax_harmonics.pl,prolog_fact,93,"syntax_to_proof(address_of, 'RTLgen_correct', 'Address ops to RTL')."
./c_syntax_harmonics.pl,prolog_fact,96,"syntax_to_proof(struct_access, 'Tailcall_correct', 'Struct access optimized')."
./c_syntax_harmonics.pl,prolog_fact,99,"syntax_to_proof(array_access, 'Inlining_correct', 'Array access inlined')."
./c_syntax_harmonics.pl,prolog_fact,102,"syntax_to_proof(malloc_call, 'Constprop_correct', 'Memory ops propagated')."
./c_syntax_harmonics.pl,prolog_fact,105,"syntax_to_proof(asm_stmt, 'Asmgen_correct', 'Inline asm generated')."
./c_syntax_harmonics.pl,prolog_fact,265,"emoji_prime(2, '🔴'). emoji_prime(3, '🟠'). emoji_prime(5, '🟡')."
./c_syntax_harmonics.pl,prolog_fact,266,"emoji_prime(7, '🟢'). emoji_prime(11, '🔵'). emoji_prime(13, '🟣')."
./c_syntax_harmonics.pl,prolog_fact,267,"emoji_prime(17, '🟤'). emoji_prime(19, '⚫'). emoji_prime(23, '⚪')."
./c_syntax_harmonics.pl,prolog_fact,268,"emoji_prime(29, '🔺'). emoji_prime(31, '🔻'). emoji_prime(41, '🔷')."
./hecke_pipeline.pl,prolog_fact,170,"product([], 1)."
./hecke_pipeline.pl,prolog_fact,187,"sum_sines([], _, 0.0)."
./generate_score.pl,prolog_fact,53,"prime_to_position(2, 0)."
./generate_score.pl,prolog_fact,54,"prime_to_position(3, 2)."
./generate_score.pl,prolog_fact,55,"prime_to_position(5, 4)."
./generate_score.pl,prolog_fact,56,"prime_to_position(7, 6)."
./generate_score.pl,prolog_fact,57,"prime_to_position(11, 8)."
./generate_score.pl,prolog_fact,58,"prime_to_position(13, 10)."
./generate_score.pl,prolog_fact,59,"prime_to_position(17, 12)."
./generate_score.pl,prolog_fact,60,"prime_to_position(19, 14)."
./generate_score.pl,prolog_fact,61,"prime_to_position(23, 16)."
./generate_score.pl,prolog_fact,62,"prime_to_position(29, 18)."
./generate_score.pl,prolog_fact,63,"prime_to_position(31, 20)."
./generate_score.pl,prolog_fact,64,"prime_to_position(_, 10).  % Default middle"
./godel_visit.pl,prolog_fact,217,"topology(genus_0, sphere, holes(0))."
./godel_visit.pl,prolog_fact,220,"topology(genus_1, torus, holes(1))."
./godel_visit.pl,prolog_fact,223,"topology(genus_2, double_torus, holes(2))."
./godel_visit.pl,prolog_fact,226,"topology(genus_n(N), n_torus(N), holes(N))."
./godel_visit.pl,prolog_fact,229,"holes_to_calls(holes(N), recursive_calls(N))."
./godel_visit.pl,prolog_fact,263,"factorial(0, 1)."
./godel_visit.pl,prolog_fact,266,"predict_complexity(godel_statement, o(recursive))."
./godel_visit.pl,prolog_fact,268,"extract_hole(statement_with_hole(Text, Hole), Hole, Text)."
./godel_visit.pl,prolog_fact,270,"fill_hole(Text, Value, statement(Text, Value))."
./discover_projects.pl,prolog_fact,30,"known_project('coq-of-rust', 'Coq verification of Rust')."
./discover_projects.pl,prolog_fact,31,"known_project('zkprologml', 'This project')."
./discover_projects.pl,prolog_fact,32,"known_project('scryer-prolog', 'Native Rust Prolog')."
./discover_projects.pl,prolog_fact,35,"related_project('lean4', 100, 'Proof assistant - prime 61')."
./discover_projects.pl,prolog_fact,36,"related_project('rocq', 95, 'Coq renamed - formal verification')."
./discover_projects.pl,prolog_fact,37,"related_project('isabelle', 90, 'Proof assistant - HOL')."
./discover_projects.pl,prolog_fact,38,"related_project('agda', 85, 'Dependent types - proof assistant')."
./discover_projects.pl,prolog_fact,39,"related_project('idris2', 80, 'Dependent types - Rust-like')."
./discover_projects.pl,prolog_fact,40,"related_project('rust-analyzer', 95, 'Rust tooling - prime 2')."
./discover_projects.pl,prolog_fact,41,"related_project('rustc', 100, 'Rust compiler - foundation')."
./discover_projects.pl,prolog_fact,42,"related_project('llvm', 90, 'Compiler infrastructure - prime 41')."
./discover_projects.pl,prolog_fact,43,"related_project('gcc', 85, 'GNU compiler - bootstrap')."
./discover_projects.pl,prolog_fact,44,"related_project('mes', 100, 'Minimal bootstrap - prime 23')."
./discover_projects.pl,prolog_fact,45,"related_project('arrow-rs', 95, 'Parquet/Arrow in Rust')."
./discover_projects.pl,prolog_fact,46,"related_project('polars', 90, 'Fast dataframes - Rust')."
./discover_projects.pl,prolog_fact,47,"related_project('duckdb', 95, 'Analytical database - parquet')."
./discover_projects.pl,prolog_fact,48,"related_project('prolog-analyzer', 80, 'Prolog tooling - prime 71')."
./discover_projects.pl,prolog_fact,49,"related_project('tau-prolog', 75, 'Prolog in JavaScript')."
./discover_projects.pl,prolog_fact,50,"related_project('swi-prolog', 90, 'Standard Prolog')."
./discover_projects.pl,prolog_fact,51,"related_project('minizinc', 85, 'Constraint solving - prime 29')."
./discover_projects.pl,prolog_fact,52,"related_project('z3', 90, 'SMT solver - verification')."
./discover_projects.pl,prolog_fact,53,"related_project('cvc5', 85, 'SMT solver - verification')."
./discover_projects.pl,prolog_fact,54,"related_project('vampire', 80, 'Theorem prover')."
./discover_projects.pl,prolog_fact,79,"matches_prime_focus('lean4')."
./discover_projects.pl,prolog_fact,80,"matches_prime_focus('rust-analyzer')."
./discover_projects.pl,prolog_fact,81,"matches_prime_focus('rustc')."
./discover_projects.pl,prolog_fact,82,"matches_prime_focus('scryer-prolog')."
./discover_projects.pl,prolog_fact,83,"matches_prime_focus('swi-prolog')."
./discover_projects.pl,prolog_fact,84,"matches_prime_focus('minizinc')."
./ingest_mes.pl,prolog_fact,11,"mes_path('/mnt/data1/nix/time/2024/05/30/mes')."
./ingest_mes.pl,prolog_fact,266,"emoji_prime(2, '🔴'). emoji_prime(3, '🟠'). emoji_prime(5, '🟡')."
./ingest_mes.pl,prolog_fact,267,"emoji_prime(7, '🟢'). emoji_prime(11, '🔵'). emoji_prime(13, '🟣')."
./ingest_mes.pl,prolog_fact,268,"emoji_prime(17, '🟤'). emoji_prime(19, '⚫'). emoji_prime(23, '⚪')."
./ingest_mes.pl,prolog_fact,269,"emoji_prime(29, '🔺'). emoji_prime(31, '🔻'). emoji_prime(41, '🔷')."
./complexity_lattice_key.pl,prolog_fact,13,"complexity_lattice([0, 1, 2, 3, 5, 7, 11, 13, 17, 19, 23, 29, 31, 37, 41, 43, 47, 53, 59, 61, 67, 71])."
./complexity_lattice_key.pl,prolog_fact,16,"complexity_rank(0, 0)."
./complexity_lattice_key.pl,prolog_fact,17,"complexity_rank(1, 1)."
./complexity_lattice_key.pl,prolog_fact,18,"complexity_rank(2, 2)."
./complexity_lattice_key.pl,prolog_fact,19,"complexity_rank(3, 3)."
./complexity_lattice_key.pl,prolog_fact,20,"complexity_rank(5, 4)."
./complexity_lattice_key.pl,prolog_fact,21,"complexity_rank(7, 5)."
./complexity_lattice_key.pl,prolog_fact,22,"complexity_rank(11, 6)."
./complexity_lattice_key.pl,prolog_fact,23,"complexity_rank(13, 7)."
./complexity_lattice_key.pl,prolog_fact,24,"complexity_rank(17, 8)."
./complexity_lattice_key.pl,prolog_fact,25,"complexity_rank(19, 9)."
./complexity_lattice_key.pl,prolog_fact,26,"complexity_rank(23, 10)."
./complexity_lattice_key.pl,prolog_fact,27,"complexity_rank(29, 11)."
./complexity_lattice_key.pl,prolog_fact,28,"complexity_rank(31, 12)."
./complexity_lattice_key.pl,prolog_fact,29,"complexity_rank(37, 13)."
./complexity_lattice_key.pl,prolog_fact,30,"complexity_rank(41, 14)."
./complexity_lattice_key.pl,prolog_fact,31,"complexity_rank(43, 15)."
./complexity_lattice_key.pl,prolog_fact,32,"complexity_rank(47, 16)."
./complexity_lattice_key.pl,prolog_fact,33,"complexity_rank(53, 17)."
./complexity_lattice_key.pl,prolog_fact,34,"complexity_rank(59, 18)."
./complexity_lattice_key.pl,prolog_fact,35,"complexity_rank(61, 19)."
./complexity_lattice_key.pl,prolog_fact,36,"complexity_rank(67, 20)."
./complexity_lattice_key.pl,prolog_fact,37,"complexity_rank(71, 21)."
./complexity_lattice_key.pl,prolog_fact,167,"entity_type_name(operation(Op), operation, Op)."
./complexity_lattice_key.pl,prolog_fact,168,"entity_type_name(dataset(D, V), dataset, D-V)."
./complexity_lattice_key.pl,prolog_fact,169,"entity_type_name(repo(R, P), repo, R-P)."
./complexity_lattice_key.pl,prolog_fact,170,"entity_type_name(prime(P), prime, P)."
./map_gcc_tree.pl,prolog_fact,11,"gcc_tree_path('/mnt/data1/2023/04/27/introspector/test/gcc-10-10.4.0')."
./map_gcc_tree.pl,prolog_fact,18,"tree_node('INTEGER_TYPE', 'Integer type node', 2)."
./map_gcc_tree.pl,prolog_fact,19,"tree_node('REAL_TYPE', 'Floating point type', 2)."
./map_gcc_tree.pl,prolog_fact,20,"tree_node('VOID_TYPE', 'Void type', 2)."
./map_gcc_tree.pl,prolog_fact,21,"tree_node('BOOLEAN_TYPE', 'Boolean type', 2)."
./map_gcc_tree.pl,prolog_fact,24,"tree_node('PLUS_EXPR', 'Addition expression', 3)."
./map_gcc_tree.pl,prolog_fact,25,"tree_node('MINUS_EXPR', 'Subtraction expression', 3)."
./map_gcc_tree.pl,prolog_fact,26,"tree_node('MULT_EXPR', 'Multiplication expression', 3)."
./map_gcc_tree.pl,prolog_fact,27,"tree_node('TRUNC_DIV_EXPR', 'Division expression', 3)."
./map_gcc_tree.pl,prolog_fact,30,"tree_node('VAR_DECL', 'Variable declaration', 5)."
./map_gcc_tree.pl,prolog_fact,31,"tree_node('PARM_DECL', 'Parameter declaration', 5)."
./map_gcc_tree.pl,prolog_fact,32,"tree_node('CONST_DECL', 'Constant declaration', 5)."
./map_gcc_tree.pl,prolog_fact,33,"tree_node('RESULT_DECL', 'Result declaration', 5)."
./map_gcc_tree.pl,prolog_fact,36,"tree_node('COND_EXPR', 'Conditional expression', 7)."
./map_gcc_tree.pl,prolog_fact,37,"tree_node('SWITCH_EXPR', 'Switch statement', 7)."
./map_gcc_tree.pl,prolog_fact,38,"tree_node('GOTO_EXPR', 'Goto statement', 7)."
./map_gcc_tree.pl,prolog_fact,39,"tree_node('LABEL_EXPR', 'Label', 7)."
./map_gcc_tree.pl,prolog_fact,42,"tree_node('FUNCTION_DECL', 'Function declaration', 11)."
./map_gcc_tree.pl,prolog_fact,43,"tree_node('CALL_EXPR', 'Function call', 11)."
./map_gcc_tree.pl,prolog_fact,44,"tree_node('RETURN_EXPR', 'Return statement', 11)."
./map_gcc_tree.pl,prolog_fact,45,"tree_node('FUNCTION_TYPE', 'Function type', 11)."
./map_gcc_tree.pl,prolog_fact,48,"tree_node('POINTER_TYPE', 'Pointer type', 13)."
./map_gcc_tree.pl,prolog_fact,49,"tree_node('REFERENCE_TYPE', 'Reference type', 13)."
./map_gcc_tree.pl,prolog_fact,50,"tree_node('ADDR_EXPR', 'Address-of expression', 13)."
./map_gcc_tree.pl,prolog_fact,51,"tree_node('INDIRECT_REF', 'Pointer dereference', 13)."
./map_gcc_tree.pl,prolog_fact,54,"tree_node('RECORD_TYPE', 'Struct type', 17)."
./map_gcc_tree.pl,prolog_fact,55,"tree_node('UNION_TYPE', 'Union type', 17)."
./map_gcc_tree.pl,prolog_fact,56,"tree_node('FIELD_DECL', 'Field declaration', 17)."
./map_gcc_tree.pl,prolog_fact,57,"tree_node('COMPONENT_REF', 'Member access', 17)."
./map_gcc_tree.pl,prolog_fact,60,"tree_node('ARRAY_TYPE', 'Array type', 19)."
./map_gcc_tree.pl,prolog_fact,61,"tree_node('ARRAY_REF', 'Array subscript', 19)."
./map_gcc_tree.pl,prolog_fact,62,"tree_node('ARRAY_RANGE_REF', 'Array range', 19)."
./map_gcc_tree.pl,prolog_fact,65,"tree_node('CONSTRUCTOR', 'Aggregate constructor', 23)."
./map_gcc_tree.pl,prolog_fact,66,"tree_node('TARGET_MEM_REF', 'Memory reference', 23)."
./map_gcc_tree.pl,prolog_fact,67,"tree_node('MEM_REF', 'Memory reference', 23)."
./map_gcc_tree.pl,prolog_fact,70,"tree_node('SSA_NAME', 'SSA variable', 29)."
./map_gcc_tree.pl,prolog_fact,71,"tree_node('PHI_NODE', 'PHI node', 29)."
./map_gcc_tree.pl,prolog_fact,72,"tree_node('GIMPLE_ASSIGN', 'GIMPLE assignment', 29)."
./map_gcc_tree.pl,prolog_fact,75,"tree_node('STATEMENT_LIST', 'Statement list', 31)."
./map_gcc_tree.pl,prolog_fact,76,"tree_node('BIND_EXPR', 'Binding expression', 31)."
./map_gcc_tree.pl,prolog_fact,77,"tree_node('COMPOUND_EXPR', 'Compound expression', 31)."
./map_gcc_tree.pl,prolog_fact,80,"tree_node('ASM_EXPR', 'Inline assembly', 41)."
./map_gcc_tree.pl,prolog_fact,81,"tree_node('TARGET_EXPR', 'Target expression', 41)."
./map_gcc_tree.pl,prolog_fact,280,"emoji_prime(2, '🔴'). emoji_prime(3, '🟠'). emoji_prime(5, '🟡')."
./map_gcc_tree.pl,prolog_fact,281,"emoji_prime(7, '🟢'). emoji_prime(11, '🔵'). emoji_prime(13, '🟣')."
./map_gcc_tree.pl,prolog_fact,282,"emoji_prime(17, '🟤'). emoji_prime(19, '⚫'). emoji_prime(23, '⚪')."
./map_gcc_tree.pl,prolog_fact,283,"emoji_prime(29, '🔺'). emoji_prime(31, '🔻'). emoji_prime(41, '🔷')."
./solana_predictor.pl,prolog_fact,13,"solana_rpc('https://api.mainnet-beta.solana.com')."
./grand_unification.pl,prolog_fact,9,"trisimulation(prolog, llm_cpu, llm_gpu)."
./grand_unification.pl,prolog_fact,12,"proof_method(trisimulation, physical, perf_traces)."
./grand_unification.pl,prolog_fact,13,"proof_method(trisimulation, logical, minizinc_arrows)."
./grand_unification.pl,prolog_fact,14,"proof_method(trisimulation, type_theoretic, hott_equivalence)."
./grand_unification.pl,prolog_fact,21,"lifts_to(prolog, lean4, minizinc_arrows)."
./grand_unification.pl,prolog_fact,22,"lifts_to(lean4, haskell, tactics_as_functions)."
./grand_unification.pl,prolog_fact,23,"lifts_to(haskell, metacoq, ghc_core)."
./grand_unification.pl,prolog_fact,24,"lifts_to(metacoq, unimath, reflection)."
./grand_unification.pl,prolog_fact,25,"lifts_to(unimath, prolog, extraction)."
./grand_unification.pl,prolog_fact,28,"circle([prolog, lean4, haskell, metacoq, unimath, prolog])."
./grand_unification.pl,prolog_fact,59,"system(prolog, logic, 'SWI-Prolog')."
./grand_unification.pl,prolog_fact,60,"system(lean4, type_theory, 'Lean 4')."
./grand_unification.pl,prolog_fact,61,"system(haskell, functional, 'GHC')."
./grand_unification.pl,prolog_fact,62,"system(metacoq, reflective, 'MetaCoq')."
./grand_unification.pl,prolog_fact,63,"system(unimath, hott, 'UniMath')."
./grand_unification.pl,prolog_fact,64,"system(lmfdb, database, 'LMFDB')."
./grand_unification.pl,prolog_fact,67,"system(coq, type_theory, 'Coq')."
./grand_unification.pl,prolog_fact,68,"system(isabelle, hol, 'Isabelle/HOL')."
./grand_unification.pl,prolog_fact,69,"system(agda, type_theory, 'Agda')."
./grand_unification.pl,prolog_fact,210,"view(prolog, logic)."
./grand_unification.pl,prolog_fact,211,"view(lean4, type_theory)."
./grand_unification.pl,prolog_fact,212,"view(haskell, functional)."
./grand_unification.pl,prolog_fact,213,"view(metacoq, reflective)."
./grand_unification.pl,prolog_fact,214,"view(unimath, hott)."
./grand_unification.pl,prolog_fact,215,"view(lmfdb, computational)."
./grand_unification.pl,prolog_fact,244,"system_to_hott(prolog, prolog_to_hott)."
./grand_unification.pl,prolog_fact,245,"system_to_hott(lean4, lean4_to_hott)."
./grand_unification.pl,prolog_fact,246,"hott_to_system(prolog, hott_to_prolog)."
./grand_unification.pl,prolog_fact,247,"hott_to_system(lean4, hott_to_lean4)."
./grand_unification.pl,prolog_fact,249,"prolog_to_hott(T, hott(T))."
./grand_unification.pl,prolog_fact,251,"hott_to_prolog(hott(T), T)."
./grand_unification.pl,prolog_fact,253,"hott_translate(H, H)."
./grand_unification.pl,prolog_fact,255,"lmfdb_query(_, _, [])."
./grand_unification.pl,prolog_fact,256,"results_to_facts([], [])."
./grand_unification.pl,prolog_fact,258,"extract_coq([])."
./grand_unification.pl,prolog_fact,259,"extract_isabelle([])."
./grand_unification.pl,prolog_fact,260,"extract_agda([])."
./grand_unification.pl,prolog_fact,261,"extract_unimath([])."
./grand_unification.pl,prolog_fact,262,"extract_lmfdb([])."
./grand_unification.pl,prolog_fact,265,"distribute_to_coq(_)."
./grand_unification.pl,prolog_fact,266,"distribute_to_isabelle(_)."
./grand_unification.pl,prolog_fact,267,"distribute_to_agda(_)."
./grand_unification.pl,prolog_fact,268,"distribute_to_unimath(_)."
./grand_unification.pl,prolog_fact,269,"distribute_to_lmfdb(_)."
./grand_unification.pl,prolog_fact,271,"extract_coq_stdlib([])."
./grand_unification.pl,prolog_fact,272,"extract_lmfdb_all([])."
./grand_unification.pl,prolog_fact,273,"save_unimath_theorem(_)."
./grand_unification.pl,prolog_fact,274,"metacoq_extract(_, ast)."
./grand_unification.pl,prolog_fact,275,"translate_ast(AST, _, _, AST)."
./grand_unification.pl,prolog_fact,276,"verify_bisimulation(_, _)."
./monster_complexity_proof.pl,prolog_fact,13,"monster_prime(2)."
./monster_complexity_proof.pl,prolog_fact,14,"monster_prime(3)."
./monster_complexity_proof.pl,prolog_fact,15,"monster_prime(5)."
./monster_complexity_proof.pl,prolog_fact,16,"monster_prime(7)."
./monster_complexity_proof.pl,prolog_fact,17,"monster_prime(11)."
./monster_complexity_proof.pl,prolog_fact,18,"monster_prime(13)."
./monster_complexity_proof.pl,prolog_fact,19,"monster_prime(17)."
./monster_complexity_proof.pl,prolog_fact,20,"monster_prime(19)."
./monster_complexity_proof.pl,prolog_fact,21,"monster_prime(23)."
./monster_complexity_proof.pl,prolog_fact,22,"monster_prime(29)."
./monster_complexity_proof.pl,prolog_fact,23,"monster_prime(31)."
./monster_complexity_proof.pl,prolog_fact,24,"monster_prime(41)."
./monster_complexity_proof.pl,prolog_fact,25,"monster_prime(47)."
./monster_complexity_proof.pl,prolog_fact,26,"monster_prime(59)."
./monster_complexity_proof.pl,prolog_fact,27,"monster_prime(71)."
./monster_complexity_proof.pl,prolog_fact,30,"non_monster_prime(37)."
./monster_complexity_proof.pl,prolog_fact,31,"non_monster_prime(43)."
./monster_complexity_proof.pl,prolog_fact,32,"non_monster_prime(53)."
./monster_complexity_proof.pl,prolog_fact,33,"non_monster_prime(61)."
./monster_complexity_proof.pl,prolog_fact,34,"non_monster_prime(67)."
./monster_complexity_proof.pl,prolog_fact,82,"prime_lattice([2,3,5,7,11,13,17,19,23,29,31,37,41,43,47,53,59,61,67,71])."
./monster_complexity_proof.pl,prolog_fact,84,"emoji_prime(2, '🔴'). emoji_prime(3, '🟠'). emoji_prime(5, '🟡')."
./monster_complexity_proof.pl,prolog_fact,85,"emoji_prime(7, '🟢'). emoji_prime(11, '🔵'). emoji_prime(13, '🟣')."
./monster_complexity_proof.pl,prolog_fact,86,"emoji_prime(17, '🟤'). emoji_prime(19, '⚫'). emoji_prime(23, '⚪')."
./monster_complexity_proof.pl,prolog_fact,87,"emoji_prime(29, '🔺'). emoji_prime(31, '🔻'). emoji_prime(37, '🔶')."
./monster_complexity_proof.pl,prolog_fact,88,"emoji_prime(41, '🔷'). emoji_prime(43, '🔸'). emoji_prime(47, '🔹')."
./monster_complexity_proof.pl,prolog_fact,89,"emoji_prime(53, '⭐'). emoji_prime(59, '✨'). emoji_prime(61, '💫')."
./monster_complexity_proof.pl,prolog_fact,90,"emoji_prime(67, '🌟'). emoji_prime(71, '🍄')."
./register_instruction_profiler.pl,prolog_fact,12,"register_prime(rax, 2).   % Return value"
./register_instruction_profiler.pl,prolog_fact,13,"register_prime(rbx, 3).   % Base"
./register_instruction_profiler.pl,prolog_fact,14,"register_prime(rcx, 5).   % Counter"
./register_instruction_profiler.pl,prolog_fact,15,"register_prime(rdx, 7).   % Data"
./register_instruction_profiler.pl,prolog_fact,16,"register_prime(rsi, 11).  % Source index"
./register_instruction_profiler.pl,prolog_fact,17,"register_prime(rdi, 13).  % Destination index"
./register_instruction_profiler.pl,prolog_fact,18,"register_prime(rbp, 17).  % Base pointer"
./register_instruction_profiler.pl,prolog_fact,19,"register_prime(rsp, 19).  % Stack pointer"
./register_instruction_profiler.pl,prolog_fact,20,"register_prime(r8, 23)."
./register_instruction_profiler.pl,prolog_fact,21,"register_prime(r9, 29)."
./register_instruction_profiler.pl,prolog_fact,22,"register_prime(r10, 31)."
./register_instruction_profiler.pl,prolog_fact,23,"register_prime(r11, 37)."
./register_instruction_profiler.pl,prolog_fact,24,"register_prime(r12, 41)."
./register_instruction_profiler.pl,prolog_fact,25,"register_prime(r13, 43)."
./register_instruction_profiler.pl,prolog_fact,26,"register_prime(r14, 47)."
./register_instruction_profiler.pl,prolog_fact,27,"register_prime(r15, 53)."
./register_instruction_profiler.pl,prolog_fact,33,"instruction_prime(mov, 2).    % Data movement"
./register_instruction_profiler.pl,prolog_fact,34,"instruction_prime(add, 3).    % Arithmetic"
./register_instruction_profiler.pl,prolog_fact,35,"instruction_prime(sub, 3)."
./register_instruction_profiler.pl,prolog_fact,36,"instruction_prime(mul, 5)."
./register_instruction_profiler.pl,prolog_fact,37,"instruction_prime(div, 5)."
./register_instruction_profiler.pl,prolog_fact,38,"instruction_prime(cmp, 7).    % Comparison"
./register_instruction_profiler.pl,prolog_fact,39,"instruction_prime(test, 7)."
./register_instruction_profiler.pl,prolog_fact,40,"instruction_prime(jmp, 11).   % Control flow"
./register_instruction_profiler.pl,prolog_fact,41,"instruction_prime(je, 11)."
./register_instruction_profiler.pl,prolog_fact,42,"instruction_prime(jne, 11)."
./register_instruction_profiler.pl,prolog_fact,43,"instruction_prime(call, 13).  % Function calls"
./register_instruction_profiler.pl,prolog_fact,44,"instruction_prime(ret, 13)."
./register_instruction_profiler.pl,prolog_fact,45,"instruction_prime(push, 17).  % Stack operations"
./register_instruction_profiler.pl,prolog_fact,46,"instruction_prime(pop, 17)."
./register_instruction_profiler.pl,prolog_fact,47,"instruction_prime(lea, 19).   % Address calculation"
./register_instruction_profiler.pl,prolog_fact,48,"instruction_prime(xor, 23).   % Bitwise"
./register_instruction_profiler.pl,prolog_fact,49,"instruction_prime(and, 23)."
./register_instruction_profiler.pl,prolog_fact,50,"instruction_prime(or, 23)."
./register_instruction_profiler.pl,prolog_fact,133,"calculate_godel_number([], 1)."
./galois_tower_unification.pl,prolog_fact,14,"invariant_proven(binary, syntax, 'Binary ↔ Syntax via syn parser')."
./galois_tower_unification.pl,prolog_fact,15,"invariant_proven(syntax, semantics, 'Syntax ↔ Semantics via HIR')."
./galois_tower_unification.pl,prolog_fact,16,"invariant_proven(semantics, runtime, 'Semantics ↔ Runtime via MIR')."
./galois_tower_unification.pl,prolog_fact,17,"invariant_proven(runtime, markov, 'Runtime ↔ Markov Model')."
./galois_tower_unification.pl,prolog_fact,41,"eigenvector_fixed_point("
./galois_tower_unification.pl,prolog_fact,51,"galois_extension(base_field, binary_field, 'F₀ → F₁: Binary operations')."
./galois_tower_unification.pl,prolog_fact,52,"galois_extension(binary_field, syntax_field, 'F₁ → F₂: Syntax operations')."
./galois_tower_unification.pl,prolog_fact,53,"galois_extension(syntax_field, semantic_field, 'F₂ → F₃: Semantic operations')."
./galois_tower_unification.pl,prolog_fact,54,"galois_extension(semantic_field, runtime_field, 'F₃ → F₄: Runtime operations')."
./galois_tower_unification.pl,prolog_fact,55,"galois_extension(runtime_field, markov_field, 'F₄ → F₅: Markov operations')."
./galois_tower_unification.pl,prolog_fact,56,"galois_extension(markov_field, monster_field, 'F₅ → F₆: Monster group (8.08×10⁵³)')."
./galois_tower_unification.pl,prolog_fact,74,"complexity_lattice([0, 1, 2, 3, 5, 7, 11, 13, 17, 19, 23, 29, 31, 37, 41, 43, 47, 53, 59, 61, 67, 71])."
./galois_tower_unification.pl,prolog_fact,77,"lattice_to_field(0, base_field)."
./galois_tower_unification.pl,prolog_fact,78,"lattice_to_field(2, binary_field)."
./galois_tower_unification.pl,prolog_fact,79,"lattice_to_field(3, syntax_field)."
./galois_tower_unification.pl,prolog_fact,80,"lattice_to_field(5, semantic_field)."
./galois_tower_unification.pl,prolog_fact,81,"lattice_to_field(7, runtime_field)."
./galois_tower_unification.pl,prolog_fact,82,"lattice_to_field(11, markov_field)."
./galois_tower_unification.pl,prolog_fact,83,"lattice_to_field(71, monster_field)."
./galois_tower_unification.pl,prolog_fact,184,"read_parquet_markov(File, markov_model(File))."
./universal_godel_lattice.pl,prolog_fact,7,"monster_primes([2,3,5,7,11,13,17,19,23,29,31,37,41,43,47,53,59,61,67,71])."
./universal_godel_lattice.pl,prolog_fact,18,"product([], 1)."
./universal_godel_lattice.pl,prolog_fact,26,"entity_primes(tool(rust, _), [2])."
./universal_godel_lattice.pl,prolog_fact,27,"entity_primes(tool(prolog, _), [71])."
./universal_godel_lattice.pl,prolog_fact,28,"entity_primes(tool(lean4, _), [61])."
./universal_godel_lattice.pl,prolog_fact,29,"entity_primes(tool(python, _), [67])."
./universal_godel_lattice.pl,prolog_fact,30,"entity_primes(tool(nix, _), [23])."
./universal_godel_lattice.pl,prolog_fact,31,"entity_primes(tool(shell, _), [31])."
./universal_godel_lattice.pl,prolog_fact,148,"entity_type_path(_, unknown, '')."
./ingest_lean_json.pl,prolog_fact,121,"prime_lattice([2,3,5,7,11,13,17,19,23,29,31,37,41,43,47,53,59,61,67,71])."
./ingest_lean_json.pl,prolog_fact,123,"monster_prime(2). monster_prime(3). monster_prime(5). monster_prime(7)."
./ingest_lean_json.pl,prolog_fact,124,"monster_prime(11). monster_prime(13). monster_prime(17). monster_prime(19)."
./ingest_lean_json.pl,prolog_fact,125,"monster_prime(23). monster_prime(29). monster_prime(31). monster_prime(41)."
./ingest_lean_json.pl,prolog_fact,126,"monster_prime(47). monster_prime(59). monster_prime(71)."
./ingest_lean_json.pl,prolog_fact,128,"emoji_prime(2, '🔴'). emoji_prime(3, '🟠'). emoji_prime(5, '🟡')."
./ingest_lean_json.pl,prolog_fact,129,"emoji_prime(7, '🟢'). emoji_prime(11, '🔵'). emoji_prime(13, '🟣')."
./ingest_lean_json.pl,prolog_fact,130,"emoji_prime(17, '🟤'). emoji_prime(19, '⚫'). emoji_prime(23, '⚪')."
./ingest_lean_json.pl,prolog_fact,131,"emoji_prime(29, '🔺'). emoji_prime(31, '🔻'). emoji_prime(37, '🔶')."
./ingest_lean_json.pl,prolog_fact,132,"emoji_prime(41, '🔷'). emoji_prime(43, '🔸'). emoji_prime(47, '🔹')."
./ingest_lean_json.pl,prolog_fact,133,"emoji_prime(53, '⭐'). emoji_prime(59, '✨'). emoji_prime(61, '💫')."
./ingest_lean_json.pl,prolog_fact,134,"emoji_prime(67, '🌟'). emoji_prime(71, '🍄')."
./parquet_macros.pl,prolog_fact,80,"audio_feature(File, RMS, ZC, Peak, Spectral, Primes) from_parquet 'generated/audio_features.parquet'."
./reconstruct_compcert.pl,prolog_fact,44,"emoji_prime(2, '🔴'). emoji_prime(3, '🟠'). emoji_prime(5, '🟡')."
./reconstruct_compcert.pl,prolog_fact,45,"emoji_prime(7, '🟢'). emoji_prime(11, '🔵'). emoji_prime(13, '🟣')."
./reconstruct_compcert.pl,prolog_fact,46,"emoji_prime(17, '🟤'). emoji_prime(19, '⚫'). emoji_prime(23, '⚪')."
./reconstruct_compcert.pl,prolog_fact,47,"emoji_prime(29, '🔺'). emoji_prime(31, '🔻'). emoji_prime(41, '🔷')."
./reconstruct_compcert.pl,prolog_fact,48,"emoji_prime(71, '🍄')."
./horizontal_meme_transfer.pl,prolog_fact,64,"prolog_target('SWI-Prolog', swipl, '/nix/store/...')."
./horizontal_meme_transfer.pl,prolog_fact,65,"prolog_target('GNU Prolog', gprolog, '/nix/store/...')."
./horizontal_meme_transfer.pl,prolog_fact,66,"prolog_target('YAP', yap, '/nix/store/...')."
./horizontal_meme_transfer.pl,prolog_fact,67,"prolog_target('Scryer', scryer, '/nix/store/...')."
./horizontal_meme_transfer.pl,prolog_fact,68,"prolog_target('Trealla', trealla, '/nix/store/...')."
./horizontal_meme_transfer.pl,prolog_fact,69,"prolog_target('SICStus', sicstus, '/nix/store/...')."
./horizontal_meme_transfer.pl,prolog_fact,233,"transfer_record("
./test_all_primes.pl,prolog_fact,13,"test_program(2, types, '"
./test_all_primes.pl,prolog_fact,23,"test_program(3, operators, '"
./test_all_primes.pl,prolog_fact,33,"test_program(5, variables, '"
./test_all_primes.pl,prolog_fact,44,"test_program(7, control, '"
./test_all_primes.pl,prolog_fact,56,"test_program(11, functions, '"
./test_all_primes.pl,prolog_fact,67,"test_program(13, pointers, '"
./test_all_primes.pl,prolog_fact,77,"test_program(17, structures, '"
./test_all_primes.pl,prolog_fact,91,"test_program(19, arrays, '"
./test_all_primes.pl,prolog_fact,100,"test_program(23, memory, '"
./test_all_primes.pl,prolog_fact,352,"emoji_prime(2, '🔴'). emoji_prime(3, '🟠'). emoji_prime(5, '🟡')."
./test_all_primes.pl,prolog_fact,353,"emoji_prime(7, '🟢'). emoji_prime(11, '🔵'). emoji_prime(13, '🟣')."
./test_all_primes.pl,prolog_fact,354,"emoji_prime(17, '🟤'). emoji_prime(19, '⚫'). emoji_prime(23, '⚪')."
./label_source_with_traces.pl,prolog_fact,246,"emoji_prime(2, '🔴'). emoji_prime(3, '🟠'). emoji_prime(5, '🟡')."
./label_source_with_traces.pl,prolog_fact,247,"emoji_prime(7, '🟢'). emoji_prime(11, '🔵'). emoji_prime(13, '🟣')."
./label_source_with_traces.pl,prolog_fact,248,"emoji_prime(17, '🟤'). emoji_prime(19, '⚫'). emoji_prime(23, '⚪')."
./label_source_with_traces.pl,prolog_fact,249,"emoji_prime(29, '🔺'). emoji_prime(31, '🔻'). emoji_prime(41, '🔷')."
./label_source_with_traces.pl,prolog_fact,250,"emoji_prime(71, '🍄'). emoji_prime(_, '⚫')."
./zkprologml_fork.pl,prolog_fact,15,"nix_prolog('SWI-Prolog', 'swiProlog', '9.2.7')."
./zkprologml_fork.pl,prolog_fact,16,"nix_prolog('GNU Prolog', 'gprolog', '1.5.0')."
./zkprologml_fork.pl,prolog_fact,17,"nix_prolog('SICStus Prolog', 'sicstus', '4.8.0')."
./zkprologml_fork.pl,prolog_fact,18,"nix_prolog('YAP', 'yap', '6.3.4')."
./zkprologml_fork.pl,prolog_fact,19,"nix_prolog('Scryer Prolog', 'scryer-prolog', '0.9.0')."
./zkprologml_fork.pl,prolog_fact,20,"nix_prolog('Trealla Prolog', 'trealla', '2.0.0')."
./zkprologml_fork.pl,prolog_fact,182,"proof_data(~q)."
./syntax_lattice.pl,prolog_fact,9,"syntax_prime(int, 2)."
./syntax_lattice.pl,prolog_fact,10,"syntax_prime(bool, 3)."
./syntax_lattice.pl,prolog_fact,11,"syntax_prime(char, 5)."
./syntax_lattice.pl,prolog_fact,14,"syntax_prime(array, 7)."
./syntax_lattice.pl,prolog_fact,15,"syntax_prime(struct, 11)."
./syntax_lattice.pl,prolog_fact,16,"syntax_prime(enum, 13)."
./syntax_lattice.pl,prolog_fact,17,"syntax_prime(union, 17)."
./syntax_lattice.pl,prolog_fact,18,"syntax_prime(pointer, 19)."
./syntax_lattice.pl,prolog_fact,21,"syntax_prime(if, 23)."
./syntax_lattice.pl,prolog_fact,22,"syntax_prime(while, 29)."
./syntax_lattice.pl,prolog_fact,23,"syntax_prime(for, 31)."
./syntax_lattice.pl,prolog_fact,24,"syntax_prime(switch, 37)."
./syntax_lattice.pl,prolog_fact,25,"syntax_prime(match, 41)."
./syntax_lattice.pl,prolog_fact,28,"syntax_prime(closure, 43)."
./syntax_lattice.pl,prolog_fact,29,"syntax_prime(trait, 47)."
./syntax_lattice.pl,prolog_fact,30,"syntax_prime(generic, 53)."
./syntax_lattice.pl,prolog_fact,37,"c_enum(color, [red, green, blue])."
./syntax_lattice.pl,prolog_fact,39,"c_enum_code(color, '"
./syntax_lattice.pl,prolog_fact,57,"scheme_enum(color, '"
./syntax_lattice.pl,prolog_fact,58,"(define (make-color n)"
./syntax_lattice.pl,prolog_fact,65,"(define (color-value c)"
./syntax_lattice.pl,prolog_fact,73,"prolog_enum(color, ["
./syntax_lattice.pl,prolog_fact,84,"c_struct(point, [x-int, y-int])."
./syntax_lattice.pl,prolog_fact,86,"c_struct_code(point, '"
./syntax_lattice.pl,prolog_fact,103,"scheme_struct(point, '"
./syntax_lattice.pl,prolog_fact,104,"(define (make-point x y)"
./syntax_lattice.pl,prolog_fact,107,"(define (point-x p) (car p))"
./syntax_lattice.pl,prolog_fact,108,"(define (point-y p) (cadr p))"
./syntax_lattice.pl,prolog_fact,110,"(define (point-distance-sq p)"
./syntax_lattice.pl,prolog_fact,127,"control_if_c('"
./syntax_lattice.pl,prolog_fact,137,"control_if_scheme('"
./syntax_lattice.pl,prolog_fact,138,"(define (max a b)"
./syntax_lattice.pl,prolog_fact,146,"control_while_c('"
./syntax_lattice.pl,prolog_fact,158,"control_while_scheme('"
./syntax_lattice.pl,prolog_fact,159,"(define (sum-to-n n)"
./syntax_lattice.pl,prolog_fact,177,"control_for_c('"
./syntax_lattice.pl,prolog_fact,187,"control_for_scheme('"
./syntax_lattice.pl,prolog_fact,188,"(define (product-range start end)"
./syntax_lattice.pl,prolog_fact,206,"control_switch_c('"
./syntax_lattice.pl,prolog_fact,221,"control_switch_scheme('"
./syntax_lattice.pl,prolog_fact,222,"(define (day-name day)"
./syntax_lattice.pl,prolog_fact,234,"control_switch_prolog(day_name(0, "Monday"))."
./syntax_lattice.pl,prolog_fact,235,"control_switch_prolog(day_name(1, "Tuesday"))."
./syntax_lattice.pl,prolog_fact,236,"control_switch_prolog(day_name(2, "Wednesday"))."
./syntax_lattice.pl,prolog_fact,237,"control_switch_prolog(day_name(3, "Thursday"))."
./syntax_lattice.pl,prolog_fact,238,"control_switch_prolog(day_name(4, "Friday"))."
./syntax_lattice.pl,prolog_fact,239,"control_switch_prolog(day_name(5, "Saturday"))."
./syntax_lattice.pl,prolog_fact,240,"control_switch_prolog(day_name(6, "Sunday"))."
./syntax_lattice.pl,prolog_fact,241,"control_switch_prolog(day_name(_, "Unknown"))."
./syntax_lattice.pl,prolog_fact,336,"(* Syntax constructs *)"
./syntax_lattice.pl,prolog_fact,347,"(* Prime lattice mapping *)"
./syntax_lattice.pl,prolog_fact,360,"(* Enum example *)"
./syntax_lattice.pl,prolog_fact,366,"(* Struct example *)"
./syntax_lattice.pl,prolog_fact,375,"(* Theorem: All constructs map to primes *)"
./compiler_symphony.pl,prolog_fact,12,"compiler_signature(mes, [2,3,5,7,11]).      % Minimal: types, ops, vars, control, functions"
./compiler_symphony.pl,prolog_fact,13,"compiler_signature(gcc, [2,3,5,7,11,13,17,19,23,29,31]).  % Full C features"
./compiler_symphony.pl,prolog_fact,14,"compiler_signature(llvm, [2,3,5,7,11,13,17,19,23,29,31,37,41]).  % + optimization, machine"
./compiler_symphony.pl,prolog_fact,15,"compiler_signature(rustc, [2,3,5,7,11,13,17,19,23,29,31,37,41,43,47,53]).  % + safety, traits, generics"
./compiler_symphony.pl,prolog_fact,44,"which_binary(_, none)."
./compiler_symphony.pl,prolog_fact,63,"feature_prime(types, 2)."
./compiler_symphony.pl,prolog_fact,64,"feature_prime(operators, 3)."
./compiler_symphony.pl,prolog_fact,65,"feature_prime(variables, 5)."
./compiler_symphony.pl,prolog_fact,66,"feature_prime(control, 7)."
./compiler_symphony.pl,prolog_fact,67,"feature_prime(functions, 11)."
./compiler_symphony.pl,prolog_fact,68,"feature_prime(pointers, 13)."
./compiler_symphony.pl,prolog_fact,69,"feature_prime(structures, 17)."
./compiler_symphony.pl,prolog_fact,70,"feature_prime(arrays, 19)."
./compiler_symphony.pl,prolog_fact,71,"feature_prime(memory, 23)."
./compiler_symphony.pl,prolog_fact,72,"feature_prime(optimization, 29)."
./compiler_symphony.pl,prolog_fact,73,"feature_prime(output, 31)."
./compiler_symphony.pl,prolog_fact,74,"feature_prime(loops, 37)."
./compiler_symphony.pl,prolog_fact,75,"feature_prime(machine, 41)."
./compiler_symphony.pl,prolog_fact,76,"feature_prime(safety, 43)."
./compiler_symphony.pl,prolog_fact,77,"feature_prime(network, 47)."
./compiler_symphony.pl,prolog_fact,78,"feature_prime(generics, 53)."
./compiler_symphony.pl,prolog_fact,128,"prime_to_note(2, 'c,')."
./compiler_symphony.pl,prolog_fact,129,"prime_to_note(3, 'd,')."
./compiler_symphony.pl,prolog_fact,130,"prime_to_note(5, 'e,')."
./compiler_symphony.pl,prolog_fact,131,"prime_to_note(7, 'f,')."
./compiler_symphony.pl,prolog_fact,132,"prime_to_note(11, 'g,')."
./compiler_symphony.pl,prolog_fact,133,"prime_to_note(13, 'a,')."
./compiler_symphony.pl,prolog_fact,134,"prime_to_note(17, 'b,')."
./compiler_symphony.pl,prolog_fact,135,"prime_to_note(19, 'c')."
./compiler_symphony.pl,prolog_fact,136,"prime_to_note(23, 'd')."
./compiler_symphony.pl,prolog_fact,137,"prime_to_note(29, 'e')."
./compiler_symphony.pl,prolog_fact,138,"prime_to_note(31, 'f')."
./compiler_symphony.pl,prolog_fact,139,"prime_to_note(37, 'g')."
./compiler_symphony.pl,prolog_fact,140,"prime_to_note(41, 'a')."
./compiler_symphony.pl,prolog_fact,141,"prime_to_note(43, 'b')."
./compiler_symphony.pl,prolog_fact,142,"prime_to_note(47, 'c'')."
./compiler_symphony.pl,prolog_fact,143,"prime_to_note(53, 'd'')."
./compiler_symphony.pl,prolog_fact,144,"prime_to_note(59, 'e'')."
./compiler_symphony.pl,prolog_fact,145,"prime_to_note(61, 'f'')."
./compiler_symphony.pl,prolog_fact,146,"prime_to_note(67, 'g'')."
./compiler_symphony.pl,prolog_fact,147,"prime_to_note(71, 'a'')."
./compiler_symphony.pl,prolog_fact,148,"prime_to_note(_, 'c')."
./compiler_symphony.pl,prolog_fact,176,"prime_frequency(2, 130.81).   % C3"
./compiler_symphony.pl,prolog_fact,177,"prime_frequency(3, 146.83).   % D3"
./compiler_symphony.pl,prolog_fact,178,"prime_frequency(5, 164.81).   % E3"
./compiler_symphony.pl,prolog_fact,179,"prime_frequency(7, 174.61).   % F3"
./compiler_symphony.pl,prolog_fact,180,"prime_frequency(11, 196.00).  % G3"
./compiler_symphony.pl,prolog_fact,181,"prime_frequency(13, 220.00).  % A3"
./compiler_symphony.pl,prolog_fact,182,"prime_frequency(17, 246.94).  % B3"
./compiler_symphony.pl,prolog_fact,183,"prime_frequency(19, 261.63).  % C4"
./compiler_symphony.pl,prolog_fact,184,"prime_frequency(23, 293.66).  % D4"
./compiler_symphony.pl,prolog_fact,185,"prime_frequency(29, 329.63).  % E4"
./compiler_symphony.pl,prolog_fact,186,"prime_frequency(31, 349.23).  % F4"
./compiler_symphony.pl,prolog_fact,187,"prime_frequency(37, 392.00).  % G4"
./compiler_symphony.pl,prolog_fact,188,"prime_frequency(41, 440.00).  % A4"
./compiler_symphony.pl,prolog_fact,189,"prime_frequency(43, 493.88).  % B4"
./compiler_symphony.pl,prolog_fact,190,"prime_frequency(47, 523.25).  % C5"
./compiler_symphony.pl,prolog_fact,191,"prime_frequency(53, 587.33).  % D5"
./compiler_symphony.pl,prolog_fact,192,"prime_frequency(_, 261.63)."
./compiler_symphony.pl,prolog_fact,204,"sum_sines([], _, 0.0)."
./zkml_seed.pl,prolog_fact,273,"state(potential, unwitnessed)."
./zkml_seed.pl,prolog_fact,274,"state(collapsed, witnessed)."
./zkml_seed.pl,prolog_fact,275,"state(proven, zk_signed)."
./zkml_seed.pl,prolog_fact,276,"state(verified, zk_verified)."
./zkml_seed.pl,prolog_fact,277,"state(seed, zkml_ready)."
./zkml_seed.pl,prolog_fact,280,"transition(potential, witness, collapsed)."
./zkml_seed.pl,prolog_fact,281,"transition(collapsed, zk_sign, proven)."
./zkml_seed.pl,prolog_fact,282,"transition(proven, verify, verified)."
./zkml_seed.pl,prolog_fact,283,"transition(verified, seed, seed)."
./zkml_seed.pl,prolog_fact,286,"flow(meta_meme, potential)."
./zkml_seed.pl,prolog_fact,287,"flow(witness, collapsed)."
./zkml_seed.pl,prolog_fact,288,"flow(zk_proof, proven)."
./zkml_seed.pl,prolog_fact,289,"flow(verification, verified)."
./zkml_seed.pl,prolog_fact,290,"flow(zkml_seed, seed)."
./strange_loop.pl,prolog_fact,10,"language(prolog, logic_programming, self)."
./strange_loop.pl,prolog_fact,11,"purpose(prolog, 'Reason about the strange loop')."
./strange_loop.pl,prolog_fact,17,"language(lisp, functional, 1958)."
./strange_loop.pl,prolog_fact,18,"purpose(lisp, 'Code as data, data as code')."
./strange_loop.pl,prolog_fact,19,"property(lisp, homoiconicity)."
./strange_loop.pl,prolog_fact,22,"lisp_eval('(eval (quote (+ 1 2)))', 3)."
./strange_loop.pl,prolog_fact,23,"lisp_quote('(quote x)', x)."
./strange_loop.pl,prolog_fact,29,"language(scheme, functional, 1975)."
./strange_loop.pl,prolog_fact,30,"purpose(scheme, 'Minimal Lisp with proper tail calls')."
./strange_loop.pl,prolog_fact,31,"derives_from(scheme, lisp)."
./strange_loop.pl,prolog_fact,34,"scheme_eval('(eval expr env)', result)."
./strange_loop.pl,prolog_fact,37,"strange_loop_property(scheme, appears_at_start_and_end)."
./strange_loop.pl,prolog_fact,43,"language(ocaml, functional_typed, 1996)."
./strange_loop.pl,prolog_fact,44,"purpose(ocaml, 'Typed functional with objects')."
./strange_loop.pl,prolog_fact,45,"implements(ocaml, hindley_milner_type_system)."
./strange_loop.pl,prolog_fact,48,"compiles(ocaml, coq)."
./strange_loop.pl,prolog_fact,51,"extracted_from(athena_hs, ocaml)."
./strange_loop.pl,prolog_fact,57,"language(coq, proof_assistant, 1989)."
./strange_loop.pl,prolog_fact,58,"purpose(coq, 'Formal verification with dependent types')."
./strange_loop.pl,prolog_fact,59,"based_on(coq, calculus_of_constructions)."
./strange_loop.pl,prolog_fact,62,"coq_file('lang_model.v', unimath_foundations)."
./strange_loop.pl,prolog_fact,63,"coq_notation('UU', 'Type')."
./strange_loop.pl,prolog_fact,64,"coq_notation('∑u', total2)."
./strange_loop.pl,prolog_fact,67,"proves(coq, theorems)."
./strange_loop.pl,prolog_fact,73,"language(metacoq, meta_proof_assistant, 2018)."
./strange_loop.pl,prolog_fact,74,"purpose(metacoq, 'Coq formalized in Coq')."
./strange_loop.pl,prolog_fact,75,"property(metacoq, self_referential)."
./strange_loop.pl,prolog_fact,78,"reflects_on(metacoq, coq)."
./strange_loop.pl,prolog_fact,79,"strange_loop_property(metacoq, self_reflection)."
./strange_loop.pl,prolog_fact,85,"language(haskell, pure_functional, 1990)."
./strange_loop.pl,prolog_fact,86,"purpose(haskell, 'Pure lazy functional programming')."
./strange_loop.pl,prolog_fact,87,"property(haskell, lazy_evaluation)."
./strange_loop.pl,prolog_fact,90,"haskell_file('athena.hs', mythos_structure)."
./strange_loop.pl,prolog_fact,91,"haskell_data('Mythos', parametric_types)."
./strange_loop.pl,prolog_fact,94,"extraction_target(coq, haskell)."
./strange_loop.pl,prolog_fact,100,"language(rust, systems, 2015)."
./strange_loop.pl,prolog_fact,101,"purpose(rust, 'Memory safe systems programming')."
./strange_loop.pl,prolog_fact,102,"property(rust, ownership_system)."
./strange_loop.pl,prolog_fact,105,"our_system(rust)."
./strange_loop.pl,prolog_fact,106,"rust_file('add_athena.rs', search_system)."
./strange_loop.pl,prolog_fact,107,"rust_file('athena_unified.rs', wisdom_system)."
./strange_loop.pl,prolog_fact,110,"compiles_to(rust, llvm_ir)."
./strange_loop.pl,prolog_fact,116,"language(lean4, proof_assistant, 2021)."
./strange_loop.pl,prolog_fact,117,"purpose(lean4, 'Modern dependent types with tactics')."
./strange_loop.pl,prolog_fact,118,"property(lean4, metaprogramming)."
./strange_loop.pl,prolog_fact,121,"lean_file('theorem_42.lean', ultimate_answer)."
./strange_loop.pl,prolog_fact,122,"lean_file('athena_lattice.lean', lattice_proofs)."
./strange_loop.pl,prolog_fact,123,"lean_file('nine_muses.lean', muse_theorems)."
./strange_loop.pl,prolog_fact,126,"strange_loop_property(lean4, self_hosting)."
./strange_loop.pl,prolog_fact,132,"language(llvm, compiler_ir, 2003)."
./strange_loop.pl,prolog_fact,133,"purpose(llvm, 'Universal compiler backend')."
./strange_loop.pl,prolog_fact,134,"property(llvm, intermediate_representation)."
./strange_loop.pl,prolog_fact,137,"compiles_to(rust, llvm)."
./strange_loop.pl,prolog_fact,138,"compiles_to(haskell, llvm)."
./strange_loop.pl,prolog_fact,139,"compiles_to(ocaml, llvm)."
./strange_loop.pl,prolog_fact,142,"compiles_to(llvm, machine_code)."
./strange_loop.pl,prolog_fact,148,"language(gcc, compiler, 1987)."
./strange_loop.pl,prolog_fact,149,"purpose(gcc, 'Compile C/C++ and many languages')."
./strange_loop.pl,prolog_fact,150,"property(gcc, multi_language_support)."
./strange_loop.pl,prolog_fact,153,"compiles(gcc, gcc)."
./strange_loop.pl,prolog_fact,154,"strange_loop_property(gcc, self_compiling)."
./strange_loop.pl,prolog_fact,157,"written_in(gcc, cpp)."
./strange_loop.pl,prolog_fact,163,"language(mes, scheme_bootstrap, 2016)."
./strange_loop.pl,prolog_fact,164,"purpose(mes, 'Bootstrap GCC from 357 bytes')."
./strange_loop.pl,prolog_fact,165,"property(mes, minimal_trusted_base)."
./strange_loop.pl,prolog_fact,168,"implements(mes, scheme)."
./strange_loop.pl,prolog_fact,171,"bootstrap_chain(["
./strange_loop.pl,prolog_fact,192,"strange_loop_closes(scheme, scheme)."
./strange_loop.pl,prolog_fact,198,"language(minizinc, constraint_programming, 2007)."
./strange_loop.pl,prolog_fact,199,"purpose(minizinc, 'Declarative constraint modeling')."
./strange_loop.pl,prolog_fact,200,"property(minizinc, optimization)."
./strange_loop.pl,prolog_fact,203,"minizinc_model('optimal_build_plan.mzn', build_scheduling)."
./strange_loop.pl,prolog_fact,204,"minizinc_model('build_schedule.mzn', bott_periodicity)."
./strange_loop.pl,prolog_fact,205,"minizinc_model('universe_of_minizinc.mzn', meta_reasoning)."
./strange_loop.pl,prolog_fact,208,"reasons_about(minizinc, system_optimization)."
./strange_loop.pl,prolog_fact,214,"tool(perf, performance_analysis, linux)."
./strange_loop.pl,prolog_fact,215,"purpose(perf, 'Measure CPU cycles, cache misses')."
./strange_loop.pl,prolog_fact,216,"measures(perf, [cycles, instructions, cache_misses, branches])."
./strange_loop.pl,prolog_fact,219,"perf_trace_contains(monster_primes, [2,5,13,19])."
./strange_loop.pl,prolog_fact,225,"format(elf, executable_linkable_format)."
./strange_loop.pl,prolog_fact,226,"library(goblin, rust_elf_parser)."
./strange_loop.pl,prolog_fact,227,"purpose(goblin, 'Parse ELF binaries in Rust')."
./strange_loop.pl,prolog_fact,230,"tool_at_layer(goblin, 7, layer_71)."
./strange_loop.pl,prolog_fact,236,"library(crossbeam, rust_concurrency)."
./strange_loop.pl,prolog_fact,237,"purpose(crossbeam, 'Lock-free data structures')."
./strange_loop.pl,prolog_fact,238,"property(crossbeam, wait_free_algorithms)."
./strange_loop.pl,prolog_fact,241,"parallel_execution(24_workers, crossbeam)."
./strange_loop.pl,prolog_fact,247,"platform(cuda, gpu_computing)."
./strange_loop.pl,prolog_fact,248,"purpose(cuda, 'Massively parallel computation')."
./strange_loop.pl,prolog_fact,249,"property(cuda, thousands_of_cores)."
./strange_loop.pl,prolog_fact,252,"accelerates(gpu, pnm_lattice_computation)."
./strange_loop.pl,prolog_fact,258,"architecture(transformer, neural_network)."
./strange_loop.pl,prolog_fact,259,"purpose(transformer, 'Attention-based sequence modeling')."
./strange_loop.pl,prolog_fact,260,"property(transformer, self_attention)."
./strange_loop.pl,prolog_fact,263,"learns(transformer, patterns_in_data)."
./strange_loop.pl,prolog_fact,267,"attention_mechanism(transformer, focus_on_important)."
./strange_loop.pl,prolog_fact,268,"attention_mechanism(our_system, focus_on_primes)."
./strange_loop.pl,prolog_fact,274,"algorithm(deep_q_network, reinforcement_learning)."
./strange_loop.pl,prolog_fact,275,"purpose(dqn, 'Learn optimal policies through experience')."
./strange_loop.pl,prolog_fact,276,"property(dqn, value_function_approximation)."
./71_meme_mining.pl,prolog_fact,11,"monster_primes([2,3,5,7,11,13,17,19,23,29,31,37,41,43,47,53,59,61,67,71])."
./71_meme_mining.pl,prolog_fact,39,"generate_prompt(2, "Generate a meme about types: int, bool, char. Show the foundation of computation.")."
./71_meme_mining.pl,prolog_fact,40,"generate_prompt(3, "Create a meme about operators: +, -, *, /. Visualize mathematical operations.")."
./71_meme_mining.pl,prolog_fact,41,"generate_prompt(5, "Design a meme about variables: x, y, z. Illustrate state and mutation.")."
./71_meme_mining.pl,prolog_fact,42,"generate_prompt(7, "Make a meme about control flow: if, while, for. Show branching paths.")."
./71_meme_mining.pl,prolog_fact,43,"generate_prompt(11, "Craft a meme about functions: def, fn, lambda. Depict abstraction.")."
./71_meme_mining.pl,prolog_fact,44,"generate_prompt(13, "Build a meme about pointers: *ptr, &ref. Visualize memory references.")."
./71_meme_mining.pl,prolog_fact,45,"generate_prompt(17, "Compose a meme about structures: struct, record. Show data organization.")."
./71_meme_mining.pl,prolog_fact,46,"generate_prompt(19, "Create a meme about arrays: [], vector. Illustrate collections.")."
./71_meme_mining.pl,prolog_fact,47,"generate_prompt(23, "Generate a meme about memory: malloc, free. Show resource management.")."
./71_meme_mining.pl,prolog_fact,48,"generate_prompt(29, "Design a meme about optimization: SSA, inlining. Visualize speed.")."
./71_meme_mining.pl,prolog_fact,49,"generate_prompt(31, "Make a meme about output: print, write. Show communication.")."
./71_meme_mining.pl,prolog_fact,50,"generate_prompt(37, "Craft a meme about loops: loop, iterate. Depict repetition.")."
./71_meme_mining.pl,prolog_fact,51,"generate_prompt(41, "Build a meme about machine code: asm, linking. Show low-level execution.")."
./71_meme_mining.pl,prolog_fact,52,"generate_prompt(43, "Compose a meme about safety: borrow, lifetime. Illustrate Rust's guarantees.")."
./71_meme_mining.pl,prolog_fact,53,"generate_prompt(47, "Create a meme about networking: tcp, http. Show distributed systems.")."
./71_meme_mining.pl,prolog_fact,54,"generate_prompt(53, "Generate a meme about generics: <T>, impl. Visualize polymorphism.")."
./71_meme_mining.pl,prolog_fact,55,"generate_prompt(59, "Design a meme about macros: macro!, quote. Show metaprogramming.")."
./71_meme_mining.pl,prolog_fact,56,"generate_prompt(61, "Make a meme about reflection: typeof, meta. Illustrate introspection.")."
./71_meme_mining.pl,prolog_fact,57,"generate_prompt(67, "Craft a meme about metaprogramming: eval, compile. Depict code generation.")."
./71_meme_mining.pl,prolog_fact,58,"generate_prompt(71, "Build a meme about the universe: Type, Kind, Universe. Show the infinite.")."
./fifth_generation.pl,prolog_fact,278,"llm_execution(pure, local, deterministic, content_addressed)."
./fifth_generation.pl,prolog_fact,279,"llm_execution(impure, external, non_deterministic, side_effects)."
./fifth_generation.pl,prolog_fact,282,"llm_bisimulation(pure, impure, same_prompt, temperature_zero)."
./fifth_generation.pl,prolog_fact,285,"build_pipeline(llm, generates, code)."
./fifth_generation.pl,prolog_fact,286,"build_pipeline(code, built_by, nix)."
./fifth_generation.pl,prolog_fact,287,"build_pipeline(nix, measured_by, perf)."
./fifth_generation.pl,prolog_fact,288,"build_pipeline(perf, reasoned_by, prolog)."
./fifth_generation.pl,prolog_fact,291,"generation(1, machine_code)."
./fifth_generation.pl,prolog_fact,292,"generation(2, assembly)."
./fifth_generation.pl,prolog_fact,293,"generation(3, high_level)."
./fifth_generation.pl,prolog_fact,294,"generation(4, logic_declarative)."
./fifth_generation.pl,prolog_fact,295,"generation(5, ai_reasoning)."
./coq_proof_harmonics.pl,prolog_fact,14,"coq_theorem('Clight_semantics', 'Operational semantics of Clight', 2, 'cfrontend/Clight.v')."
./coq_proof_harmonics.pl,prolog_fact,15,"coq_theorem('RTL_semantics', 'Register Transfer Language semantics', 13, 'backend/RTL.v')."
./coq_proof_harmonics.pl,prolog_fact,16,"coq_theorem('LTL_semantics', 'Location Transfer Language', 17, 'backend/LTL.v')."
./coq_proof_harmonics.pl,prolog_fact,17,"coq_theorem('Mach_semantics', 'Abstract machine semantics', 19, 'backend/Mach.v')."
./coq_proof_harmonics.pl,prolog_fact,18,"coq_theorem('Asm_semantics', 'Assembly semantics', 41, 'backend/Asm.v')."
./coq_proof_harmonics.pl,prolog_fact,21,"coq_theorem('SimplLocals_correct', 'Local variable simplification correct', 5, 'cfrontend/SimplLocals.v')."
./coq_proof_harmonics.pl,prolog_fact,22,"coq_theorem('Cminorgen_correct', 'Cminor generation correct', 7, 'cfrontend/Cminorgen.v')."
./coq_proof_harmonics.pl,prolog_fact,23,"coq_theorem('Selection_correct', 'Instruction selection correct', 11, 'backend/Selection.v')."
./coq_proof_harmonics.pl,prolog_fact,24,"coq_theorem('RTLgen_correct', 'RTL generation correct', 13, 'backend/RTLgen.v')."
./coq_proof_harmonics.pl,prolog_fact,25,"coq_theorem('Tailcall_correct', 'Tail call optimization correct', 17, 'backend/Tailcall.v')."
./coq_proof_harmonics.pl,prolog_fact,26,"coq_theorem('Inlining_correct', 'Inlining correct', 19, 'backend/Inlining.v')."
./coq_proof_harmonics.pl,prolog_fact,27,"coq_theorem('Constprop_correct', 'Constant propagation correct', 23, 'backend/Constprop.v')."
./coq_proof_harmonics.pl,prolog_fact,28,"coq_theorem('Allocation_correct', 'Register allocation correct', 29, 'backend/Allocation.v')."
./coq_proof_harmonics.pl,prolog_fact,29,"coq_theorem('Linearize_correct', 'Linearization correct', 31, 'backend/Linearize.v')."
./coq_proof_harmonics.pl,prolog_fact,30,"coq_theorem('Asmgen_correct', 'Assembly generation correct', 41, 'backend/Asmgen.v')."
./coq_proof_harmonics.pl,prolog_fact,37,"prime_harmonic(2, 0.5)."
./coq_proof_harmonics.pl,prolog_fact,38,"prime_harmonic(3, 0.333)."
./coq_proof_harmonics.pl,prolog_fact,39,"prime_harmonic(5, 0.2)."
./coq_proof_harmonics.pl,prolog_fact,40,"prime_harmonic(7, 0.143)."
./coq_proof_harmonics.pl,prolog_fact,41,"prime_harmonic(11, 0.091)."
./coq_proof_harmonics.pl,prolog_fact,42,"prime_harmonic(13, 0.077)."
./coq_proof_harmonics.pl,prolog_fact,43,"prime_harmonic(17, 0.059)."
./coq_proof_harmonics.pl,prolog_fact,44,"prime_harmonic(19, 0.053)."
./coq_proof_harmonics.pl,prolog_fact,45,"prime_harmonic(23, 0.043)."
./coq_proof_harmonics.pl,prolog_fact,46,"prime_harmonic(29, 0.034)."
./coq_proof_harmonics.pl,prolog_fact,47,"prime_harmonic(31, 0.032)."
./coq_proof_harmonics.pl,prolog_fact,48,"prime_harmonic(41, 0.024)."
./coq_proof_harmonics.pl,prolog_fact,49,"prime_harmonic(71, 0.014)."
./coq_proof_harmonics.pl,prolog_fact,52,"resonance(2, 3, 5, addition).      % 2+3=5"
./coq_proof_harmonics.pl,prolog_fact,53,"resonance(2, 5, 7, addition).      % 2+5=7"
./coq_proof_harmonics.pl,prolog_fact,54,"resonance(3, 5, 2, multiplication). % 3*5=15≈2 (mod 13)"
./coq_proof_harmonics.pl,prolog_fact,55,"resonance(7, 11, 18, addition).    % 7+11=18"
./coq_proof_harmonics.pl,prolog_fact,56,"resonance(13, 17, 30, addition).   % 13+17=30"
./coq_proof_harmonics.pl,prolog_fact,57,"resonance(19, 23, 42, addition).   % 19+23=42≈41"
./coq_proof_harmonics.pl,prolog_fact,58,"resonance(29, 31, 60, addition).   % 29+31=60"
./coq_proof_harmonics.pl,prolog_fact,253,"emoji_prime(2, '🔴'). emoji_prime(3, '🟠'). emoji_prime(5, '🟡')."
./coq_proof_harmonics.pl,prolog_fact,254,"emoji_prime(7, '🟢'). emoji_prime(11, '🔵'). emoji_prime(13, '🟣')."
./coq_proof_harmonics.pl,prolog_fact,255,"emoji_prime(17, '🟤'). emoji_prime(19, '⚫'). emoji_prime(23, '⚪')."
./coq_proof_harmonics.pl,prolog_fact,256,"emoji_prime(29, '🔺'). emoji_prime(31, '🔻'). emoji_prime(41, '🔷')."
./coq_proof_harmonics.pl,prolog_fact,257,"emoji_prime(71, '🍄'). emoji_prime(_, '⚫')."
./consume_parquet_git_prolog.pl,prolog_fact,9,"total_consumed(0)."
./reason_scryer.pl,prolog_fact,15,"csv_rows([Row|Rows]) --> csv_row(Row), !, csv_rows(Rows)."
./reason_scryer.pl,prolog_fact,16,"csv_rows([]) --> []."
./reason_scryer.pl,prolog_fact,18,"csv_row(Row) --> csv_fields(Row), "n"."
./reason_scryer.pl,prolog_fact,19,"csv_row(Row) --> csv_fields(Row), eos."
./reason_scryer.pl,prolog_fact,21,"csv_fields([Field|Fields]) --> csv_field(Field), ",", !, csv_fields(Fields)."
./reason_scryer.pl,prolog_fact,22,"csv_fields([Field]) --> csv_field(Field)."
./reason_scryer.pl,prolog_fact,24,"csv_field(Field) --> """, string(Codes), """, { atom_codes(Field, Codes) }."
./reason_scryer.pl,prolog_fact,25,"csv_field(Field) --> string(Codes), { Codes = [], atom_codes(Field, Codes) }."
./index_all_parquets.pl,prolog_fact,5,"meta_parquet('/mnt/data1/time2/time/2023/07/30/meta-meme/plocate_witness/lists_of_lists.parquet')."
./comprehend_lean_core.pl,prolog_fact,152,"emoji_prime(2, '🔴'). emoji_prime(3, '🟠'). emoji_prime(5, '🟡')."
./comprehend_lean_core.pl,prolog_fact,153,"emoji_prime(7, '🟢'). emoji_prime(11, '🔵'). emoji_prime(13, '🟣')."
./comprehend_lean_core.pl,prolog_fact,154,"emoji_prime(17, '🟤'). emoji_prime(19, '⚫')."
./pump_token_tracker.pl,prolog_fact,12,"pump_token('BwUTq7fS6sfUmHDwAiCQZ3asSiPEapW5zDrsbwtapump')."
./pump_token_tracker.pl,prolog_fact,13,"pump_token_balance(14.983088791).  % From account data"
./pump_token_tracker.pl,prolog_fact,69,"cohort_member('Whale1', whale)."
./pump_token_tracker.pl,prolog_fact,70,"cohort_member('Trader1', trader)."
./pump_token_tracker.pl,prolog_fact,71,"cohort_member('Holder1', holder)."
./pump_token_tracker.pl,prolog_fact,72,"cohort_member('Degen1', degen)."
./pump_token_tracker.pl,prolog_fact,73,"cohort_member('Bot1', bot)."
./extract_keywords_find_similar.pl,prolog_fact,12,"high_value_projects(["
./automorphic_orbits.pl,prolog_fact,38,"automorphism(prolog_interpreter, prolog, prolog)."
./automorphic_orbits.pl,prolog_fact,39,"automorphism(metacoq, coq, coq)."
./automorphic_orbits.pl,prolog_fact,40,"automorphism(gcc_bootstrap, gcc, gcc)."
./automorphic_orbits.pl,prolog_fact,52,"apply(prolog_interpreter, prolog, prolog)."
./automorphic_orbits.pl,prolog_fact,53,"apply(metacoq, coq, coq)."
./automorphic_orbits.pl,prolog_fact,54,"apply(gcc_bootstrap, gcc, gcc)."
./automorphic_orbits.pl,prolog_fact,57,"orbit_length(prolog_interpreter, 1)."
./automorphic_orbits.pl,prolog_fact,58,"orbit_length(metacoq, 1)."
./automorphic_orbits.pl,prolog_fact,59,"orbit_length(gcc_bootstrap, 1)."
./automorphic_orbits.pl,prolog_fact,73,"eigenvector(prolog_interpreter, athena, eigenvalue(1))."
./automorphic_orbits.pl,prolog_fact,74,"eigenvector(metacoq, athena, eigenvalue(1))."
./automorphic_orbits.pl,prolog_fact,75,"eigenvector(gcc_bootstrap, athena, eigenvalue(1))."
./automorphic_orbits.pl,prolog_fact,104,"self_referential_pattern("
./automorphic_orbits.pl,prolog_fact,109,"self_referential_pattern("
./automorphic_orbits.pl,prolog_fact,114,"self_referential_pattern("
./automorphic_orbits.pl,prolog_fact,126,"endofunctor(prolog_interpreter, category(logic_programming))."
./automorphic_orbits.pl,prolog_fact,127,"endofunctor(metacoq, category(type_theory))."
./automorphic_orbits.pl,prolog_fact,128,"endofunctor(gcc_bootstrap, category(compilation))."
./automorphic_orbits.pl,prolog_fact,131,"natural_transformation(System, identity, System)."
./automorphic_orbits.pl,prolog_fact,140,"monad(prolog_interpreter)."
./automorphic_orbits.pl,prolog_fact,141,"monad(metacoq)."
./automorphic_orbits.pl,prolog_fact,142,"monad(gcc_bootstrap)."
./automorphic_orbits.pl,prolog_fact,174,"athena_basis_vector(1, prolog_interpreter)."
./automorphic_orbits.pl,prolog_fact,175,"athena_basis_vector(2, metacoq)."
./automorphic_orbits.pl,prolog_fact,176,"athena_basis_vector(3, gcc_bootstrap)."
./automorphic_orbits.pl,prolog_fact,177,"athena_basis_vector(4, lean4_self_hosting)."
./automorphic_orbits.pl,prolog_fact,178,"athena_basis_vector(5, rust_self_compiling)."
./automorphic_orbits.pl,prolog_fact,179,"athena_basis_vector(6, our_system)."
./flag_lattice.pl,prolog_fact,12,"flag_prime(2, '-O0', 'No optimization')."
./flag_lattice.pl,prolog_fact,13,"flag_prime(3, '-O1', 'Basic optimization')."
./flag_lattice.pl,prolog_fact,14,"flag_prime(5, '-O2', 'Standard optimization')."
./flag_lattice.pl,prolog_fact,15,"flag_prime(7, '-O3', 'Aggressive optimization')."
./flag_lattice.pl,prolog_fact,16,"flag_prime(11, '-Os', 'Size optimization')."
./flag_lattice.pl,prolog_fact,17,"flag_prime(13, '-march=native', 'Native architecture')."
./flag_lattice.pl,prolog_fact,18,"flag_prime(17, '-fno-inline', 'Disable inlining')."
./flag_lattice.pl,prolog_fact,19,"flag_prime(19, '-funroll-loops', 'Unroll loops')."
./flag_lattice.pl,prolog_fact,286,"find_factor(N, _, N)."
./flag_lattice.pl,prolog_fact,288,"emoji_prime(2, '🔴'). emoji_prime(3, '🟠'). emoji_prime(5, '🟡')."
./flag_lattice.pl,prolog_fact,289,"emoji_prime(7, '🟢'). emoji_prime(11, '🔵'). emoji_prime(13, '🟣')."
./closed_loop_primes.pl,prolog_fact,95,"(* Translated from Rust *)"
./closed_loop_primes.pl,prolog_fact,97,"(* Prime checker *)"
./closed_loop_primes.pl,prolog_fact,113,"(* Monster group primes *)"
./closed_loop_primes.pl,prolog_fact,117,"(* Prime signature *)"
./closed_loop_primes.pl,prolog_fact,121,"(* Theorem: All Monster primes are prime *)"
./closed_loop_primes.pl,prolog_fact,130,"(* Theorem: Prime signature preserves structure *)"
./closed_loop_primes.pl,prolog_fact,169,"(* Extracted from Coq *)"
./closed_loop_primes.pl,prolog_fact,221,"(* Translated from OCaml *)"
./expert_system_models.pl,prolog_fact,13,"concept(monster)."
./expert_system_models.pl,prolog_fact,14,"concept(godel)."
./expert_system_models.pl,prolog_fact,15,"concept(kurt)."
./expert_system_models.pl,prolog_fact,16,"concept(umberto)."
./expert_system_models.pl,prolog_fact,17,"concept(athena)."
./expert_system_models.pl,prolog_fact,18,"concept(urania)."
./expert_system_models.pl,prolog_fact,19,"concept(platonic)."
./expert_system_models.pl,prolog_fact,20,"concept(pnm_lattice)."
./expert_system_models.pl,prolog_fact,21,"concept(keywords)."
./shard_into_71.pl,prolog_fact,7,"monster_primes([2,3,5,7,11,13,17,19,23,29,31,37,41,43,47,53,59,61,67,71])."
./reason_lists_of_lists.pl,prolog_fact,13,"prime_lattice([2,3,5,7,11,13,17,19,23,29,31,37,41,43,47,53,59,61,67,71])."
./extract_noweb.pl,prolog_fact,38,"extract_code_lines([], Acc, Acc)."
./meta_prolog_universal_lift.pl,prolog_fact,12,"lift_level(0, source, 'Source code (Prolog/Coq/Lean4)')."
./meta_prolog_universal_lift.pl,prolog_fact,13,"lift_level(1, meta_prolog, 'Meta-Prolog universal representation')."
./meta_prolog_universal_lift.pl,prolog_fact,14,"lift_level(2, coq_term, 'Coq term via reflection')."
./meta_prolog_universal_lift.pl,prolog_fact,15,"lift_level(3, metacoq_quote, 'MetaCoq quoted term')."
./meta_prolog_universal_lift.pl,prolog_fact,16,"lift_level(4, ocaml_extract, 'OCaml via MetaCoq extraction')."
./meta_prolog_universal_lift.pl,prolog_fact,17,"lift_level(5, rust_ffi, 'Rust via OCaml FFI')."
./meta_prolog_universal_lift.pl,prolog_fact,18,"lift_level(6, wasm, 'WASM pure functions')."
./perf_data.pl,prolog_fact,9,"perf_trace(0, 800, 1000, 10, 150)."
./perf_data.pl,prolog_fact,10,"instruction_class(0, mixed, 1.25, 0.0100)."
./perf_data.pl,prolog_fact,11,"prime_invariant(0, 2)."
./perf_data.pl,prolog_fact,12,"harmonic_layer(0, 2)."
./perf_data.pl,prolog_fact,13,"perf_trace(1, 1608, 2010, 20, 301)."
./perf_data.pl,prolog_fact,14,"instruction_class(1, mixed, 1.25, 0.0100)."
./perf_data.pl,prolog_fact,15,"prime_invariant(1, 3)."
./perf_data.pl,prolog_fact,16,"harmonic_layer(1, 3)."
./perf_data.pl,prolog_fact,17,"perf_trace(2, 2432, 3040, 30, 456)."
./perf_data.pl,prolog_fact,18,"instruction_class(2, mixed, 1.25, 0.0099)."
./perf_data.pl,prolog_fact,19,"prime_invariant(2, 5)."
./perf_data.pl,prolog_fact,20,"harmonic_layer(2, 5)."
./perf_data.pl,prolog_fact,21,"perf_trace(3, 3272, 4090, 40, 613)."
./perf_data.pl,prolog_fact,22,"instruction_class(3, mixed, 1.25, 0.0098)."
./perf_data.pl,prolog_fact,23,"prime_invariant(3, 7)."
./perf_data.pl,prolog_fact,24,"harmonic_layer(3, 7)."
./perf_data.pl,prolog_fact,25,"perf_trace(4, 4128, 5160, 51, 774)."
./perf_data.pl,prolog_fact,26,"instruction_class(4, mixed, 1.25, 0.0099)."
./perf_data.pl,prolog_fact,27,"prime_invariant(4, 11)."
./perf_data.pl,prolog_fact,28,"harmonic_layer(4, 11)."
./perf_data.pl,prolog_fact,29,"perf_trace(5, 5000, 6250, 62, 937)."
./perf_data.pl,prolog_fact,30,"instruction_class(5, mixed, 1.25, 0.0099)."
./perf_data.pl,prolog_fact,31,"prime_invariant(5, 13)."
./perf_data.pl,prolog_fact,32,"harmonic_layer(5, 13)."
./perf_data.pl,prolog_fact,33,"perf_trace(6, 5888, 7360, 73, 1104)."
./perf_data.pl,prolog_fact,34,"instruction_class(6, mixed, 1.25, 0.0099)."
./perf_data.pl,prolog_fact,35,"prime_invariant(6, 17)."
./perf_data.pl,prolog_fact,36,"harmonic_layer(6, 17)."
./perf_data.pl,prolog_fact,37,"perf_trace(7, 6792, 8490, 84, 1273)."
./perf_data.pl,prolog_fact,38,"instruction_class(7, mixed, 1.25, 0.0099)."
./perf_data.pl,prolog_fact,39,"prime_invariant(7, 19)."
./perf_data.pl,prolog_fact,40,"harmonic_layer(7, 19)."
./perf_data.pl,prolog_fact,67,"monster_prime(2)."
./perf_data.pl,prolog_fact,68,"monster_prime(3)."
./perf_data.pl,prolog_fact,69,"monster_prime(5)."
./perf_data.pl,prolog_fact,70,"monster_prime(7)."
./perf_data.pl,prolog_fact,71,"monster_prime(11)."
./perf_data.pl,prolog_fact,72,"monster_prime(13)."
./perf_data.pl,prolog_fact,73,"monster_prime(17)."
./perf_data.pl,prolog_fact,74,"monster_prime(19)."
./perf_data.pl,prolog_fact,75,"monster_prime(23)."
./perf_data.pl,prolog_fact,76,"monster_prime(29)."
./perf_data.pl,prolog_fact,77,"monster_prime(31)."
./perf_data.pl,prolog_fact,78,"monster_prime(41)."
./perf_data.pl,prolog_fact,79,"monster_prime(47)."
./perf_data.pl,prolog_fact,80,"monster_prime(59)."
./perf_data.pl,prolog_fact,81,"monster_prime(71)."
./fail2llm.pl,prolog_fact,64,"encode_components([], [])."
./self_hosting_prolog_tower.pl,prolog_fact,31,"eval(true, _)."
./self_hosting_prolog_tower.pl,prolog_fact,36,"unify(X, X)."
./self_hosting_prolog_tower.pl,prolog_fact,40,"clause_db(["
./self_hosting_prolog_tower.pl,prolog_fact,57,"(* Prolog terms *)"
./self_hosting_prolog_tower.pl,prolog_fact,63,"(* Prolog goals *)"
./self_hosting_prolog_tower.pl,prolog_fact,70,"(* Environment: list of clauses *)"
./self_hosting_prolog_tower.pl,prolog_fact,74,"(* Substitution *)"
./self_hosting_prolog_tower.pl,prolog_fact,77,"(* Unification *)"
./self_hosting_prolog_tower.pl,prolog_fact,106,"(* Prolog interpreter *)"
./self_hosting_prolog_tower.pl,prolog_fact,134,"(* Example: factorial *)"
./self_hosting_prolog_tower.pl,prolog_fact,146,"(* Correctness theorem *)"
./project_expert.pl,prolog_fact,53,"index_file(_).  % Skip non-code files"
./project_expert.pl,prolog_fact,85,"extract_functions(_, _, _).  % Default: no extraction"
./project_expert.pl,prolog_fact,267,"take(_, List, List)."
./oracle_git_history_mcts.pl,prolog_fact,35,"parse_commits([], _, _)."
./godel_programs.pl,prolog_fact,13,"prime_feature(2, types, '"
./godel_programs.pl,prolog_fact,21,"prime_feature(3, operators, '"
./godel_programs.pl,prolog_fact,31,"prime_feature(5, variables, '"
./godel_programs.pl,prolog_fact,41,"prime_feature(7, control, '"
./godel_programs.pl,prolog_fact,52,"prime_feature(11, functions, '"
./godel_programs.pl,prolog_fact,63,"prime_feature(13, pointers, '"
./godel_programs.pl,prolog_fact,72,"prime_feature(17, structures, '"
./godel_programs.pl,prolog_fact,86,"prime_feature(19, arrays, '"
./godel_programs.pl,prolog_fact,95,"prime_feature(23, memory, '"
./godel_programs.pl,prolog_fact,117,"multiply_list([], 1)."
./godel_programs.pl,prolog_fact,153,"find_factor(N, _, N)."
./godel_programs.pl,prolog_fact,155,"merge_code([], '')."
./godel_programs.pl,prolog_fact,291,"emoji_prime(2, '🔴'). emoji_prime(3, '🟠'). emoji_prime(5, '🟡')."
./godel_programs.pl,prolog_fact,292,"emoji_prime(7, '🟢'). emoji_prime(11, '🔵'). emoji_prime(13, '🟣')."
./godel_programs.pl,prolog_fact,293,"emoji_prime(17, '🟤'). emoji_prime(19, '⚫'). emoji_prime(23, '⚪')."
./bott_k_theory.pl,prolog_fact,17,"bott_period(8)."
./bott_k_theory.pl,prolog_fact,88,"k_class(0, 'K⁰', 'Trivial bundle - identity')."
./bott_k_theory.pl,prolog_fact,89,"k_class(1, 'K¹', 'Line bundle - Hopf fibration')."
./bott_k_theory.pl,prolog_fact,90,"k_class(2, 'K²', 'Quaternionic - symplectic')."
./bott_k_theory.pl,prolog_fact,91,"k_class(3, 'K³', 'Octonionic - exceptional')."
./bott_k_theory.pl,prolog_fact,92,"k_class(4, 'K⁴', 'Real - orthogonal')."
./bott_k_theory.pl,prolog_fact,93,"k_class(5, 'K⁵', 'Complex - unitary')."
./bott_k_theory.pl,prolog_fact,94,"k_class(6, 'K⁶', 'Quaternionic dual')."
./bott_k_theory.pl,prolog_fact,95,"k_class(7, 'K⁷', 'Octonionic dual')."
./bott_k_theory.pl,prolog_fact,125,"sum_alternating([], 0)."
./bott_k_theory.pl,prolog_fact,126,"sum_alternating([X], X)."
./bott_k_theory.pl,prolog_fact,150,"homotopy_group(0, 'ℤ')."
./bott_k_theory.pl,prolog_fact,151,"homotopy_group(1, 'ℤ/2ℤ')."
./bott_k_theory.pl,prolog_fact,152,"homotopy_group(2, 'ℤ/2ℤ')."
./bott_k_theory.pl,prolog_fact,153,"homotopy_group(3, 'ℤ/24ℤ')."
./bott_k_theory.pl,prolog_fact,154,"homotopy_group(4, '0')."
./bott_k_theory.pl,prolog_fact,155,"homotopy_group(5, '0')."
./bott_k_theory.pl,prolog_fact,156,"homotopy_group(6, 'ℤ')."
./bott_k_theory.pl,prolog_fact,157,"homotopy_group(7, 'ℤ/2ℤ')."
./test_variations.pl,prolog_fact,12,"variation(2, 1, 'int only', '"
./test_variations.pl,prolog_fact,16,"variation(2, 2, 'char only', '"
./test_variations.pl,prolog_fact,20,"variation(2, 3, 'int + char', '"
./test_variations.pl,prolog_fact,24,"variation(2, 4, 'multiple types', '"
./test_variations.pl,prolog_fact,29,"variation(3, 1, 'add only', '"
./test_variations.pl,prolog_fact,33,"variation(3, 2, 'multiply only', '"
./test_variations.pl,prolog_fact,37,"variation(3, 3, 'add + multiply', '"
./test_variations.pl,prolog_fact,41,"variation(3, 4, 'subtract', '"
./test_variations.pl,prolog_fact,45,"variation(3, 5, 'divide', '"
./test_variations.pl,prolog_fact,49,"variation(3, 6, 'add + subtract', '"
./test_variations.pl,prolog_fact,53,"variation(3, 7, 'multiply + divide', '"
./test_variations.pl,prolog_fact,57,"variation(3, 8, 'all operators', '"
./test_variations.pl,prolog_fact,62,"variation(5, 1, 'single var', '"
./test_variations.pl,prolog_fact,66,"variation(5, 2, 'two vars', '"
./test_variations.pl,prolog_fact,70,"variation(5, 3, 'chain assignment', '"
./test_variations.pl,prolog_fact,74,"variation(5, 4, 'multiple assign', '"
./test_variations.pl,prolog_fact,79,"variation(7, 1, 'if only', '"
./test_variations.pl,prolog_fact,83,"variation(7, 2, 'if-else', '"
./test_variations.pl,prolog_fact,87,"variation(7, 3, 'nested if', '"
./test_variations.pl,prolog_fact,91,"variation(7, 4, 'while loop', '"
./test_variations.pl,prolog_fact,95,"variation(7, 5, 'for loop', '"
./test_variations.pl,prolog_fact,99,"variation(7, 6, 'if + while', '"
./test_variations.pl,prolog_fact,103,"variation(7, 7, 'nested loops', '"
./test_variations.pl,prolog_fact,107,"variation(7, 8, 'complex control', '"
./test_variations.pl,prolog_fact,112,"variation(11, 1, 'simple call', '"
./test_variations.pl,prolog_fact,117,"variation(11, 2, 'with param', '"
./test_variations.pl,prolog_fact,122,"variation(11, 3, 'multiple params', '"
./test_variations.pl,prolog_fact,127,"variation(11, 4, 'recursive', '"
./test_variations.pl,prolog_fact,327,"emoji_prime(2, '🔴'). emoji_prime(3, '🟠'). emoji_prime(5, '🟡')."
./test_variations.pl,prolog_fact,328,"emoji_prime(7, '🟢'). emoji_prime(11, '🔵'). emoji_prime(13, '🟣')."
./generate_hf_datasets.pl,prolog_fact,11,"monster_primes([2,3,5,7,11,13,17,19,23,29,31,37,41,43,47,53,59,61,67,71])."
./generate_hf_datasets.pl,prolog_fact,21,"prime_domain(2, types, "Foundation of computation")."
./generate_hf_datasets.pl,prolog_fact,22,"prime_domain(3, operators, "Mathematical operations")."
./generate_hf_datasets.pl,prolog_fact,23,"prime_domain(5, variables, "State and mutation")."
./generate_hf_datasets.pl,prolog_fact,24,"prime_domain(7, control, "Branching and flow")."
./generate_hf_datasets.pl,prolog_fact,25,"prime_domain(11, functions, "Abstraction and composition")."
./generate_hf_datasets.pl,prolog_fact,26,"prime_domain(13, pointers, "Memory references")."
./generate_hf_datasets.pl,prolog_fact,27,"prime_domain(17, structures, "Data organization")."
./generate_hf_datasets.pl,prolog_fact,28,"prime_domain(19, arrays, "Collections and sequences")."
./generate_hf_datasets.pl,prolog_fact,29,"prime_domain(23, memory, "Resource management")."
./generate_hf_datasets.pl,prolog_fact,30,"prime_domain(29, optimization, "Performance tuning")."
./generate_hf_datasets.pl,prolog_fact,31,"prime_domain(31, output, "Communication and I/O")."
./generate_hf_datasets.pl,prolog_fact,32,"prime_domain(37, loops, "Iteration and repetition")."
./generate_hf_datasets.pl,prolog_fact,33,"prime_domain(41, machine, "Low-level execution")."
./generate_hf_datasets.pl,prolog_fact,34,"prime_domain(43, safety, "Correctness guarantees")."
./generate_hf_datasets.pl,prolog_fact,35,"prime_domain(47, network, "Distributed systems")."
./generate_hf_datasets.pl,prolog_fact,36,"prime_domain(53, generics, "Polymorphism")."
./generate_hf_datasets.pl,prolog_fact,37,"prime_domain(59, macros, "Metaprogramming")."
./generate_hf_datasets.pl,prolog_fact,38,"prime_domain(61, reflection, "Introspection")."
./generate_hf_datasets.pl,prolog_fact,39,"prime_domain(67, metaprogramming, "Code generation")."
./generate_hf_datasets.pl,prolog_fact,40,"prime_domain(71, universe, "Type theory and foundations")."
./generate_hf_datasets.pl,prolog_fact,85,"get_code_flavor(2, "Rust: pub enum Type { Int, Bool, Char }")."
./generate_hf_datasets.pl,prolog_fact,86,"get_code_flavor(3, "Prolog: operator(+, 3). operator(*, 5).")."
./generate_hf_datasets.pl,prolog_fact,87,"get_code_flavor(5, "Lean4: def variable (α : Type) : Type := α")."
./generate_hf_datasets.pl,prolog_fact,88,"get_code_flavor(7, "LLVM: br i1 %cond, label %then, label %else")."
./generate_hf_datasets.pl,prolog_fact,89,"get_code_flavor(11, "Rust: fn map<F>(self, f: F) -> Self where F: Fn(T) -> U")."
./generate_hf_datasets.pl,prolog_fact,90,"get_code_flavor(13, "C: int *ptr = &value; *ptr = 42;")."
./generate_hf_datasets.pl,prolog_fact,91,"get_code_flavor(17, "Rust: struct Point { x: i32, y: i32 }")."
./generate_hf_datasets.pl,prolog_fact,92,"get_code_flavor(19, "Prolog: array([1,2,3,4,5]).")."
./generate_hf_datasets.pl,prolog_fact,93,"get_code_flavor(23, "Rust: Box::new(value) // heap allocation")."
./generate_hf_datasets.pl,prolog_fact,94,"get_code_flavor(29, "LLVM: %opt = add nsw i32 %a, %b")."
./generate_hf_datasets.pl,prolog_fact,95,"get_code_flavor(31, "Rust: println!("{}", value);")."
./generate_hf_datasets.pl,prolog_fact,96,"get_code_flavor(37, "Rust: for item in collection { process(item); }")."
./generate_hf_datasets.pl,prolog_fact,97,"get_code_flavor(41, "Assembly: mov rax, [rbp-8]")."
./generate_hf_datasets.pl,prolog_fact,98,"get_code_flavor(43, "Rust: fn borrow<'a>(x: &'a T) -> &'a T")."
./generate_hf_datasets.pl,prolog_fact,99,"get_code_flavor(47, "Rust: tokio::spawn(async { tcp_server().await })")."
./generate_hf_datasets.pl,prolog_fact,100,"get_code_flavor(53, "Rust: impl<T: Clone> MyTrait for T")."
./generate_hf_datasets.pl,prolog_fact,101,"get_code_flavor(59, "Rust: macro_rules! vec { ($($x:expr),*) => { ... } }")."
./generate_hf_datasets.pl,prolog_fact,102,"get_code_flavor(61, "Rust: std::any::type_name::<T>()")."
./generate_hf_datasets.pl,prolog_fact,104,"get_code_flavor(71, "Lean4: universe u; Type u : Type (u+1)")."
./self_eigenvector.pl,prolog_fact,16,"emoji_prime(2, '🔴').   % Red - fundamental"
./self_eigenvector.pl,prolog_fact,17,"emoji_prime(3, '🟠').   % Orange"
./self_eigenvector.pl,prolog_fact,18,"emoji_prime(5, '🟡').   % Yellow"
./self_eigenvector.pl,prolog_fact,19,"emoji_prime(7, '🟢').   % Green"
./self_eigenvector.pl,prolog_fact,20,"emoji_prime(11, '🔵').  % Blue"
./self_eigenvector.pl,prolog_fact,21,"emoji_prime(13, '🟣').  % Purple"
./self_eigenvector.pl,prolog_fact,22,"emoji_prime(17, '🟤').  % Brown"
./self_eigenvector.pl,prolog_fact,23,"emoji_prime(19, '⚫').  % Black"
./self_eigenvector.pl,prolog_fact,24,"emoji_prime(23, '⚪').  % White"
./self_eigenvector.pl,prolog_fact,25,"emoji_prime(29, '🔺').  % Triangle"
./self_eigenvector.pl,prolog_fact,26,"emoji_prime(31, '🔻').  % Inverted triangle"
./self_eigenvector.pl,prolog_fact,27,"emoji_prime(37, '🔶').  % Diamond"
./self_eigenvector.pl,prolog_fact,28,"emoji_prime(41, '🔷').  % Blue diamond"
./self_eigenvector.pl,prolog_fact,29,"emoji_prime(43, '🔸').  % Small diamond"
./self_eigenvector.pl,prolog_fact,30,"emoji_prime(47, '🔹').  % Small blue diamond"
./self_eigenvector.pl,prolog_fact,31,"emoji_prime(53, '⭐').  % Star"
./self_eigenvector.pl,prolog_fact,32,"emoji_prime(59, '✨').  % Sparkles"
./self_eigenvector.pl,prolog_fact,33,"emoji_prime(61, '💫').  % Dizzy"
./self_eigenvector.pl,prolog_fact,34,"emoji_prime(67, '🌟').  % Glowing star"
./self_eigenvector.pl,prolog_fact,35,"emoji_prime(71, '🍄').  % Mushroom (fixed point)"
./self_eigenvector.pl,prolog_fact,88,"action_complexity(reading_self, 2)."
./self_eigenvector.pl,prolog_fact,89,"action_complexity(read_content, 3)."
./self_eigenvector.pl,prolog_fact,90,"action_complexity(analyzing, 5)."
./self_eigenvector.pl,prolog_fact,91,"action_complexity(converging, 7)."
./self_eigenvector.pl,prolog_fact,92,"action_complexity(fixed_point, 71)."
./self_eigenvector.pl,prolog_fact,119,"prime_lattice([2,3,5,7,11,13,17,19,23,29,31,37,41,43,47,53,59,61,67,71])."
./self_eigenvector.pl,prolog_fact,123,"find_nearest_prime(_, [], 71). % Default to mushroom"
./universal_coq_consumer.pl,prolog_fact,27,"translator(rust, coq, 'coq-of-rust', 'https://github.com/formal-land/coq-of-rust')."
./universal_coq_consumer.pl,prolog_fact,30,"translator(ocaml, coq, 'coq-of-ocaml', 'https://github.com/formal-land/coq-of-ocaml')."
./universal_coq_consumer.pl,prolog_fact,33,"translator(typescript, coq, 'coq-of-ts', 'https://github.com/formal-land/coq-of-ts')."
./universal_coq_consumer.pl,prolog_fact,36,"translator(c, coq, 'compcert', 'https://github.com/AbsInt/CompCert.git')."
./universal_coq_consumer.pl,prolog_fact,39,"translator(prolog, coq, 'prolog-to-coq', 'self_hosting_prolog_tower.pl')."
./universal_coq_consumer.pl,prolog_fact,226,"(* All factorial implementations *)"
./universal_coq_consumer.pl,prolog_fact,251,"(* Unification theorem *)"
./universal_coq_consumer.pl,prolog_fact,265,"(* Corollary: All are equal *)"
./universal_coq_consumer.pl,prolog_fact,280,"(* The 1980s dream: Verified unification! *)"
./zk_witness_system.pl,prolog_fact,252,"chain(solana, mainnet, 'https://api.mainnet-beta.solana.com', 400)."
./zk_witness_system.pl,prolog_fact,253,"chain(ethereum, mainnet, 'https://eth.llamarpc.com', 12000)."
./zk_witness_system.pl,prolog_fact,254,"chain(bitcoin, mainnet, 'https://blockstream.info/api', 600000)."
./generated/zkprologml_mes.pl,prolog_fact,5,"prime(2). prime(3). prime(5). prime(7). prime(11). prime(13)."
./generated/zkprologml_mes.pl,prolog_fact,8,"mes_c_program(factorial, ["
./generated/zkprologml_mes.pl,prolog_fact,14,"scheme_program(factorial_proof, ["
./generated/zkprologml_mes.pl,prolog_fact,20,"theorem(scheme_verifies_c,"
./generated/emoji_patterns.pl,prolog_fact,3,"emoji_prime('🔢', 2)."
./generated/emoji_patterns.pl,prolog_fact,4,"emoji_prime('⚡', 3)."
./generated/emoji_patterns.pl,prolog_fact,5,"emoji_prime('📦', 5)."
./generated/emoji_patterns.pl,prolog_fact,6,"emoji_prime('🔀', 7)."
./generated/emoji_patterns.pl,prolog_fact,7,"emoji_prime('🎯', 11)."
./generated/emoji_patterns.pl,prolog_fact,8,"emoji_prime('👉', 13)."
./generated/emoji_patterns.pl,prolog_fact,9,"emoji_prime('🏗️', 17)."
./generated/emoji_patterns.pl,prolog_fact,10,"emoji_prime('📊', 19)."
./generated/emoji_patterns.pl,prolog_fact,11,"emoji_prime('💾', 23)."
./generated/emoji_patterns.pl,prolog_fact,12,"emoji_prime('⚙️', 29)."
./generated/emoji_patterns.pl,prolog_fact,13,"emoji_prime('📤', 31)."
./generated/emoji_patterns.pl,prolog_fact,14,"emoji_prime('🔄', 37)."
./generated/emoji_patterns.pl,prolog_fact,15,"emoji_prime('🤖', 41)."
./generated/emoji_patterns.pl,prolog_fact,16,"emoji_prime('🔐', 43)."
./generated/emoji_patterns.pl,prolog_fact,17,"emoji_prime('🌐', 47)."
./generated/emoji_patterns.pl,prolog_fact,18,"emoji_prime('🧬', 53)."
./generated/emoji_patterns.pl,prolog_fact,19,"emoji_prime('🎨', 59)."
./generated/emoji_patterns.pl,prolog_fact,20,"emoji_prime('🔬', 61)."
./generated/emoji_patterns.pl,prolog_fact,21,"emoji_prime('🌌', 67)."
./generated/emoji_patterns.pl,prolog_fact,22,"emoji_prime('♾️', 71)."
./generated/extracted_verify.pl,prolog_fact,2,"monster_primes([[2,3,5,7,11,13,17,19,23,29,31,37,41,43,47,53,59,61,67,71]])."
./generated/extracted_verify.pl,prolog_fact,3,"correlation_coefficient(0.000)."
./generated/extracted_verify.pl,prolog_fact,5,"prime_feature(2, types, "int, bool, char")."
./generated/extracted_verify.pl,prolog_fact,8,"prime_feature(3, operators, "+, -, *, /")."
./generated/extracted_verify.pl,prolog_fact,11,"prime_feature(5, variables, "x, y, z")."
./generated/extracted_verify.pl,prolog_fact,14,"prime_feature(7, control, "if, while, for")."
./generated/extracted_verify.pl,prolog_fact,17,"prime_feature(11, functions, "def, fn, lambda")."
./generated/extracted_verify.pl,prolog_fact,20,"prime_feature(13, pointers, "*ptr, &ref")."
./generated/extracted_verify.pl,prolog_fact,23,"prime_feature(17, structures, "struct, record")."
./generated/extracted_verify.pl,prolog_fact,26,"prime_feature(19, arrays, "[], vector")."
./generated/extracted_verify.pl,prolog_fact,29,"prime_feature(23, memory, "malloc, free")."
./generated/extracted_verify.pl,prolog_fact,32,"prime_feature(29, optimization, "SSA, inlining")."
./generated/extracted_verify.pl,prolog_fact,35,"prime_feature(31, output, "print, write")."
./generated/extracted_verify.pl,prolog_fact,38,"prime_feature(41, machine, "assembly, linking")."
./generated/extracted_verify.pl,prolog_fact,41,"prime_feature(71, universe, "type theory")."
./generated/extracted_verify.pl,prolog_fact,49,"product([], 1)."
./generated/extracted_verify.pl,prolog_fact,94,"program_has_feature(test_program, types)."
./generated/extracted_verify.pl,prolog_fact,95,"program_has_feature(test_program, operators)."
./lift_to_metacoq.pl,prolog_fact,12,"lift_level(0, c_syntax, 'C source code')."
./lift_to_metacoq.pl,prolog_fact,15,"lift_level(1, compcert_ir, 'CompCert intermediate representation')."
./lift_to_metacoq.pl,prolog_fact,18,"lift_level(2, coq_proof, 'Coq theorem about correctness')."
./lift_to_metacoq.pl,prolog_fact,21,"lift_level(3, metacoq_term, 'MetaCoq quoted term')."
./lift_to_metacoq.pl,prolog_fact,24,"lift_level(4, metacoq_type, 'MetaCoq type of term')."
./lift_to_metacoq.pl,prolog_fact,27,"lift_level(5, universe, 'Coq universe level')."
./lift_to_metacoq.pl,prolog_fact,34,"example_c('int factorial(int n) { if (n <= 1) return 1; return n * factorial(n - 1); }')."
./lift_to_metacoq.pl,prolog_fact,37,"example_clight('"
./lift_to_metacoq.pl,prolog_fact,54,"example_coq_proof('"
./lift_to_metacoq.pl,prolog_fact,74,"example_metacoq_quote('"
./lift_to_metacoq.pl,prolog_fact,77,"(* Output: *)"
./lift_to_metacoq.pl,prolog_fact,85,"example_metacoq_type('"
./lift_to_metacoq.pl,prolog_fact,93,"(* Type: Prop *)"
./lift_to_metacoq.pl,prolog_fact,97,"example_universe('"
./lift_to_metacoq.pl,prolog_fact,106,"(* Universe: Set (level 0) *)"
./lift_to_metacoq.pl,prolog_fact,189,"level_complexity(0, 2, 'C syntax')."
./lift_to_metacoq.pl,prolog_fact,190,"level_complexity(1, 5, 'CompCert IR')."
./lift_to_metacoq.pl,prolog_fact,191,"level_complexity(2, 11, 'Coq proof')."
./lift_to_metacoq.pl,prolog_fact,192,"level_complexity(3, 23, 'MetaCoq quote')."
./lift_to_metacoq.pl,prolog_fact,193,"level_complexity(4, 41, 'MetaCoq type')."
./lift_to_metacoq.pl,prolog_fact,194,"level_complexity(5, 71, 'Universe')."
./lift_to_metacoq.pl,prolog_fact,219,"multiply_list([], 1)."
./lift_to_metacoq.pl,prolog_fact,296,"emoji_prime(2, '🔴'). emoji_prime(3, '🟠'). emoji_prime(5, '🟡')."
./lift_to_metacoq.pl,prolog_fact,297,"emoji_prime(7, '🟢'). emoji_prime(11, '🔵'). emoji_prime(13, '🟣')."
./lift_to_metacoq.pl,prolog_fact,298,"emoji_prime(17, '🟤'). emoji_prime(19, '⚫'). emoji_prime(23, '⚪')."
./lift_to_metacoq.pl,prolog_fact,299,"emoji_prime(29, '🔺'). emoji_prime(31, '🔻'). emoji_prime(41, '🔷')."
./lift_to_metacoq.pl,prolog_fact,300,"emoji_prime(71, '🍄')."
./meta_expert_system.pl,prolog_fact,34,"tool_prime(rust, 2).        % Foundation"
./meta_expert_system.pl,prolog_fact,35,"tool_prime(prolog, 71).     % Universe"
./meta_expert_system.pl,prolog_fact,36,"tool_prime(lean4, 61).      % Reflection"
./meta_expert_system.pl,prolog_fact,37,"tool_prime(minizinc, 29).   % Optimization"
./meta_expert_system.pl,prolog_fact,38,"tool_prime(nix, 23).        % Memory/Build"
./meta_expert_system.pl,prolog_fact,39,"tool_prime(shell, 31).      % Output/Execution"
./meta_expert_system.pl,prolog_fact,40,"tool_prime(python, 67).     % Metaprogramming"
./meta_expert_system.pl,prolog_fact,68,"task_prime('find parquet files', 2).      % Rust (fast I/O)"
./meta_expert_system.pl,prolog_fact,69,"task_prime('analyze data', 67).           % Python (data science)"
./meta_expert_system.pl,prolog_fact,70,"task_prime('prove theorem', 61).          % Lean4 (proofs)"
./meta_expert_system.pl,prolog_fact,71,"task_prime('optimize layout', 29).        % MiniZinc (constraint solving)"
./meta_expert_system.pl,prolog_fact,72,"task_prime('build system', 23).           % Nix (builds)"
./meta_expert_system.pl,prolog_fact,73,"task_prime('query database', 71).         % Prolog (logic)"
./meta_expert_system.pl,prolog_fact,74,"task_prime('execute command', 31).        % Shell (execution)"
./multichain_anon_sampler.pl,prolog_fact,13,"chain(solana, mainnet, 'https://api.mainnet-beta.solana.com', 400)."
./multichain_anon_sampler.pl,prolog_fact,14,"chain(ethereum, mainnet, 'https://eth.llamarpc.com', 12000)."
./multichain_anon_sampler.pl,prolog_fact,15,"chain(bitcoin, mainnet, 'https://blockstream.info/api', 600000)."
./multichain_anon_sampler.pl,prolog_fact,16,"chain(polygon, mainnet, 'https://polygon-rpc.com', 2000)."
./multichain_anon_sampler.pl,prolog_fact,17,"chain(avalanche, mainnet, 'https://api.avax.network/ext/bc/C/rpc', 2000)."
./multichain_anon_sampler.pl,prolog_fact,18,"chain(arbitrum, mainnet, 'https://arb1.arbitrum.io/rpc', 250)."
./multichain_anon_sampler.pl,prolog_fact,19,"chain(optimism, mainnet, 'https://mainnet.optimism.io', 2000)."
./multichain_anon_sampler.pl,prolog_fact,20,"chain(base, mainnet, 'https://mainnet.base.org', 2000)."
./multichain_anon_sampler.pl,prolog_fact,23,"chain(solana, testnet, 'https://api.testnet.solana.com', 400)."
./multichain_anon_sampler.pl,prolog_fact,24,"chain(ethereum, sepolia, 'https://rpc.sepolia.org', 12000)."
./multichain_anon_sampler.pl,prolog_fact,25,"chain(polygon, mumbai, 'https://rpc-mumbai.maticvigil.com', 2000)."
./multichain_anon_sampler.pl,prolog_fact,32,"tor_proxy('127.0.0.1:9050')."
./multichain_anon_sampler.pl,prolog_fact,80,"my_wallet(solana, 'YourSolanaWallet')."
./multichain_anon_sampler.pl,prolog_fact,81,"my_wallet(ethereum, '0xYourEthWallet')."
./multichain_anon_sampler.pl,prolog_fact,82,"my_wallet(bitcoin, 'YourBTCAddress')."
./multichain_anon_sampler.pl,prolog_fact,83,"my_wallet(polygon, '0xYourPolygonWallet')."
./analyze_everything.pl,prolog_fact,71,"file_type_from_ext('rs', rust)."
./analyze_everything.pl,prolog_fact,72,"file_type_from_ext('lean', lean4)."
./analyze_everything.pl,prolog_fact,73,"file_type_from_ext('nix', nix)."
./analyze_everything.pl,prolog_fact,74,"file_type_from_ext('mzn', minizinc)."
./analyze_everything.pl,prolog_fact,75,"file_type_from_ext('sh', shell)."
./analyze_everything.pl,prolog_fact,76,"file_type_from_ext('toml', toml)."
./analyze_everything.pl,prolog_fact,77,"file_type_from_ext('pl', prolog)."
./analyze_everything.pl,prolog_fact,78,"file_type_from_ext(_, unknown)."
./oracle_24h.pl,prolog_fact,266,"execute_level(_)."
./oracle_24h.pl,prolog_fact,271,"oracle_accuracy(_, 0.95)."
./oracle_24h.pl,prolog_fact,273,"adjust_schedule(P, _, P)."
./oracle_24h.pl,prolog_fact,274,"adjust_resources(P, _, P)."
./oracle_24h.pl,prolog_fact,276,"resources_available(_)."
./oracle_24h.pl,prolog_fact,277,"oracle_predictions_valid(_)."
./oracle_24h.pl,prolog_fact,280,"measure_hour_temp(_, 2.5)."
./oracle_24h.pl,prolog_fact,281,"read_json(_, [])."
./oracle_24h.pl,prolog_fact,283,"generate_nix_expression('{ pkgs ? import <nixpkgs> {} }: pkgs.hello')."
./galois_tower.pl,prolog_fact,9,"tower_level(0, prolog_v1, 'SWI-Prolog 8.0')."
./galois_tower.pl,prolog_fact,10,"tower_level(1, prolog_v2, 'SWI-Prolog 9.0')."
./galois_tower.pl,prolog_fact,11,"tower_level(2, llm_layer, 'LLM (Prolog → Weights)')."
./galois_tower.pl,prolog_fact,12,"tower_level(3, weight_traces, 'LLM Weights → Traces')."
./galois_tower.pl,prolog_fact,13,"tower_level(4, datalog, 'Datalog (Big Data)')."
./galois_tower.pl,prolog_fact,14,"tower_level(5, minizinc, 'MiniZinc (Optimization)')."
./mes_formalization.pl,prolog_fact,60,"(* MES C program in Clight *)"
./mes_formalization.pl,prolog_fact,61,"(* Load ~w *)"
./mes_formalization.pl,prolog_fact,63,"(* Correctness theorem *)"
./mes_formalization.pl,prolog_fact,73,"(* Scheme as dependent type of C *)"
./mes_formalization.pl,prolog_fact,156,"(* C program type *)"
./mes_formalization.pl,prolog_fact,162,"(* Scheme program type *)"
./mes_formalization.pl,prolog_fact,169,"(* Prime signature *)"
./mes_formalization.pl,prolog_fact,172,"(* Scheme as dependent type of C *)"
./mes_formalization.pl,prolog_fact,178,"(* Theorem: Scheme can verify C *)"
./mes_formalization.pl,prolog_fact,190,"(* Corollary: MES bootstrap is self-verifying *)"
./mes_formalization.pl,prolog_fact,230,"prime(2). prime(3). prime(5). prime(7). prime(11). prime(13)."
./mes_formalization.pl,prolog_fact,233,"mes_c_program(factorial, ["
./mes_formalization.pl,prolog_fact,239,"scheme_program(factorial_proof, ["
./mes_formalization.pl,prolog_fact,245,"theorem(scheme_verifies_c,"
./universal_convergence.pl,prolog_fact,11,"parquet_path('/mnt/data1/time2/time/2023/07/30/meta-meme/plocate_witness')."
./universal_convergence.pl,prolog_fact,252,"emoji_prime(2, '🔴'). emoji_prime(3, '🟠'). emoji_prime(5, '🟡')."
./universal_convergence.pl,prolog_fact,253,"emoji_prime(7, '🟢'). emoji_prime(11, '🔵'). emoji_prime(13, '🟣')."
./universal_convergence.pl,prolog_fact,254,"emoji_prime(17, '🟤'). emoji_prime(19, '⚫'). emoji_prime(23, '⚪')."
./universal_convergence.pl,prolog_fact,255,"emoji_prime(29, '🔺'). emoji_prime(31, '🔻'). emoji_prime(41, '🔷')."
./universal_convergence.pl,prolog_fact,256,"emoji_prime(71, '🍄')."
./lists_of_lists_meta.pl,prolog_fact,11,"meta_parquet('/mnt/data1/time2/time/2023/07/30/meta-meme/plocate_witness/lists_of_lists.parquet')."
./lists_of_lists_meta.pl,prolog_fact,14,"meta_parquet('/mnt/data1/time2/time/2023/07/30/meta-meme/plocate_witness/locate_digest.parquet')."
./lists_of_lists_meta.pl,prolog_fact,15,"meta_parquet('/mnt/data1/time2/time/2023/07/30/meta-meme/plocate_witness/meta_meta_structures.parquet')."
./extract_file.pl,prolog_fact,14,"extract_chunk([], _, Acc, Acc)."
./extract_file.pl,prolog_fact,22,"extract_until_at([], Acc, Acc)."
./prove_lattice_complexity.pl,prolog_fact,157,"verify_monotonic_pairs([])."
./prove_lattice_complexity.pl,prolog_fact,158,"verify_monotonic_pairs([_])."
./prove_lattice_complexity.pl,prolog_fact,205,"complexity_lattice([0, 1, 2, 3, 5, 7, 11, 13, 17, 19, 23, 29, 31, 37, 41, 43, 47, 53, 59, 61, 67, 71])."
./eco_unification.pl,prolog_fact,9,"unimath_type('UU', 'Type')."
./eco_unification.pl,prolog_fact,10,"unimath_empty('∅', empty)."
./eco_unification.pl,prolog_fact,16,"mythos("
./eco_unification.pl,prolog_fact,26,"greek_athena_mythos("
./eco_unification.pl,prolog_fact,49,"muse(calliope, epic_poetry, layer(0))."
./eco_unification.pl,prolog_fact,50,"muse(clio, history, layer(8))."
./eco_unification.pl,prolog_fact,51,"muse(erato, love_poetry, layer(16))."
./eco_unification.pl,prolog_fact,52,"muse(euterpe, music, layer(24))."
./eco_unification.pl,prolog_fact,53,"muse(melpomene, tragedy, layer(32))."
./eco_unification.pl,prolog_fact,54,"muse(polyhymnia, hymns, layer(40))."
./eco_unification.pl,prolog_fact,55,"muse(terpsichore, dance, layer(48))."
./eco_unification.pl,prolog_fact,56,"muse(thalia, comedy, layer(56))."
./eco_unification.pl,prolog_fact,57,"muse(urania, astronomy, layer(64))."
./eco_unification.pl,prolog_fact,60,"goddess(athena, wisdom, [warfare, strategy, crafts])."
./eco_unification.pl,prolog_fact,107,"athena_lattice_node(0, haskell, 'athena.hs', unverified)."
./eco_unification.pl,prolog_fact,108,"athena_lattice_node(1, rust, 'add_athena.rs', unverified)."
./eco_unification.pl,prolog_fact,109,"athena_lattice_node(2, rust, 'athena_unified.rs', verified)."
./eco_unification.pl,prolog_fact,110,"athena_lattice_node(3, lean4, 'athena_lattice.lean', verified)."
./teach_prolog_reasoning.pl,prolog_fact,10,"system(godel_lattice, 'Universal Gödel encoding', 384, 'generated/godel_lattice.csv')."
./teach_prolog_reasoning.pl,prolog_fact,11,"system(hecke_shards, 'Hecke operator sharding', 384, 'generated/hecke_shards_rust.csv')."
./teach_prolog_reasoning.pl,prolog_fact,12,"system(zk_urls, 'ZK RDFa URLs with resonance', 384, 'generated/zk_rdfa_urls.csv')."
./teach_prolog_reasoning.pl,prolog_fact,13,"system(tool_index, 'Prime resonance tool routing', 238, 'generated/tool_index.csv')."
./teach_prolog_reasoning.pl,prolog_fact,14,"system(prime_harmonics, 'Code as music', 228, 'generated/prime_harmonics.csv')."
./teach_prolog_reasoning.pl,prolog_fact,17,"monster_prime(2, types, 440.0)."
./teach_prolog_reasoning.pl,prolog_fact,18,"monster_prime(3, operators, 493.88)."
./teach_prolog_reasoning.pl,prolog_fact,19,"monster_prime(5, variables, 523.25)."
./teach_prolog_reasoning.pl,prolog_fact,20,"monster_prime(7, control, 587.33)."
./teach_prolog_reasoning.pl,prolog_fact,21,"monster_prime(11, functions, 659.25)."
./teach_prolog_reasoning.pl,prolog_fact,22,"monster_prime(13, pointers, 698.46)."
./teach_prolog_reasoning.pl,prolog_fact,23,"monster_prime(17, structures, 783.99)."
./teach_prolog_reasoning.pl,prolog_fact,24,"monster_prime(19, arrays, 880.0)."
./teach_prolog_reasoning.pl,prolog_fact,25,"monster_prime(23, memory, 987.77)."
./teach_prolog_reasoning.pl,prolog_fact,26,"monster_prime(29, optimization, 1046.5)."
./teach_prolog_reasoning.pl,prolog_fact,27,"monster_prime(31, output, 1174.66)."
./teach_prolog_reasoning.pl,prolog_fact,28,"monster_prime(37, loops, 1318.51)."
./teach_prolog_reasoning.pl,prolog_fact,29,"monster_prime(41, machine, 1396.91)."
./teach_prolog_reasoning.pl,prolog_fact,30,"monster_prime(43, safety, 1567.98)."
./teach_prolog_reasoning.pl,prolog_fact,31,"monster_prime(47, network, 1760.0)."
./teach_prolog_reasoning.pl,prolog_fact,32,"monster_prime(53, generics, 1975.53)."
./teach_prolog_reasoning.pl,prolog_fact,33,"monster_prime(59, macros, 2093.0)."
./teach_prolog_reasoning.pl,prolog_fact,34,"monster_prime(61, reflection, 2349.32)."
./teach_prolog_reasoning.pl,prolog_fact,35,"monster_prime(67, metaprogramming, 2637.02)."
./teach_prolog_reasoning.pl,prolog_fact,36,"monster_prime(71, universe, 2793.83)."
./complexity_growth_proof.pl,prolog_fact,47,"extract_number(_, _, 0)."
./monster_port.pl,prolog_fact,53,"verify_lattice_preserved(_, _, _, no)."
./monster_port.pl,prolog_fact,56,"monster_symmetry(identity)."
./monster_port.pl,prolog_fact,57,"monster_symmetry(rotation(_))."
./monster_port.pl,prolog_fact,58,"monster_symmetry(reflection)."
./monster_port.pl,prolog_fact,84,"language_max_complexity(prolog, 2^46)."
./monster_port.pl,prolog_fact,85,"language_max_complexity(lean, 71)."
./monster_port.pl,prolog_fact,86,"language_max_complexity(haskell, 59)."
./monster_port.pl,prolog_fact,87,"language_max_complexity(metacoq, 71)."
./monster_port.pl,prolog_fact,88,"language_max_complexity(lisp, 2^20)."
./monster_port.pl,prolog_fact,89,"language_max_complexity(guile, 2^20)."
./monster_port.pl,prolog_fact,90,"language_max_complexity(mes, 2^10)."
./monster_port.pl,prolog_fact,91,"language_max_complexity(emacs, 2^15)."
./monster_port.pl,prolog_fact,92,"language_max_complexity(ocaml, 47)."
./monster_port.pl,prolog_fact,95,"find_bridge_language(rarest, lean)."
./monster_port.pl,prolog_fact,96,"find_bridge_language(rare, haskell)."
./monster_port.pl,prolog_fact,97,"find_bridge_language(exceptional, metacoq)."
./monster_port.pl,prolog_fact,98,"find_bridge_language(_, prolog)."
./monster_port.pl,prolog_fact,148,"language_lattice_point(prolog, lattice_point([1,0,0,0,0,0,0,0,0,0,0,0,0,0,0,0,0,0,0,0,0,0,0,0]))."
./monster_port.pl,prolog_fact,149,"language_lattice_point(lean, lattice_point([0,1,0,0,0,0,0,0,0,0,0,0,0,0,0,0,0,0,0,0,0,0,0,0]))."
./monster_port.pl,prolog_fact,150,"language_lattice_point(haskell, lattice_point([0,0,1,0,0,0,0,0,0,0,0,0,0,0,0,0,0,0,0,0,0,0,0,0]))."
./monster_port.pl,prolog_fact,151,"language_lattice_point(metacoq, lattice_point([0,0,0,1,0,0,0,0,0,0,0,0,0,0,0,0,0,0,0,0,0,0,0,0]))."
./monster_port.pl,prolog_fact,152,"language_lattice_point(lisp, lattice_point([1,1,0,0,0,0,0,0,0,0,0,0,0,0,0,0,0,0,0,0,0,0,0,0]))."
./monster_port.pl,prolog_fact,153,"language_lattice_point(guile, lattice_point([1,1,1,0,0,0,0,0,0,0,0,0,0,0,0,0,0,0,0,0,0,0,0,0]))."
./prolog_fork_queue.pl,prolog_fact,14,"prolog_queue(scryer, rust, 'https://github.com/mthom/scryer-prolog')."
./prolog_fork_queue.pl,prolog_fact,15,"prolog_queue(swi, c, 'https://github.com/SWI-Prolog/swipl-devel')."
./prolog_fork_queue.pl,prolog_fact,16,"prolog_queue(tau, js, 'https://github.com/tau-prolog/tau-prolog')."
./prolog_fork_queue.pl,prolog_fact,17,"prolog_queue(gnu, c, 'http://www.gprolog.org/')."
./prolog_fork_queue.pl,prolog_fact,18,"prolog_queue(yap, c, 'https://github.com/vscosta/yap-6.3')."
./prolog_fork_queue.pl,prolog_fact,19,"prolog_queue(ciao, native, 'https://github.com/ciao-lang/ciao')."
./prolog_fork_queue.pl,prolog_fact,20,"prolog_queue(trealla, c, 'https://github.com/trealla-prolog/trealla')."
./prolog_fork_queue.pl,prolog_fact,21,"prolog_queue(xsb, c, 'https://xsb.sourceforge.net/')."
./prolog_fork_queue.pl,prolog_fact,22,"prolog_queue(sicstus, commercial, 'https://sicstus.sics.se/')."
./prolog_fork_queue.pl,prolog_fact,23,"prolog_queue(bprolog, cpp, 'http://www.picat-lang.org/bprolog/')."
./prolog_fork_queue.pl,prolog_fact,24,"prolog_queue(picat, hybrid, 'http://picat-lang.org/')."
./prolog_fork_queue.pl,prolog_fact,25,"prolog_queue(mercury, functional, 'https://github.com/Mercury-Language/mercury')."
./prolog_fork_queue.pl,prolog_fact,26,"prolog_queue(logtalk, oop, 'https://github.com/LogtalkDotOrg/logtalk3')."
./prolog_fork_queue.pl,prolog_fact,27,"prolog_queue(lambda_prolog, higher_order, 'https://github.com/teyjus/teyjus')."
./prolog_fork_queue.pl,prolog_fact,28,"prolog_queue(datalog, subset, 'https://github.com/c-cube/datalog')."
./prolog_fork_queue.pl,prolog_fact,29,"prolog_queue(minikanren, embedded, 'https://github.com/miniKanren/miniKanren')."
./prolog_fork_queue.pl,prolog_fact,81,"prime_complexity_lattice([2,3,5,7,11,13,17,19,23,29,31,37,41,43,47,53,59,61,67,71])."
./prolog_fork_queue.pl,prolog_fact,119,"extract_predicates(scryer, 6)."
./prolog_fork_queue.pl,prolog_fact,120,"extract_predicates(swi, 8)."
./prolog_fork_queue.pl,prolog_fact,121,"extract_predicates(tau, 5)."
./prolog_fork_queue.pl,prolog_fact,122,"extract_predicates(gnu, 5)."
./prolog_fork_queue.pl,prolog_fact,123,"extract_predicates(yap, 6)."
./prolog_fork_queue.pl,prolog_fact,124,"extract_predicates(_, 2).  % Default for others"
./llm_activation_lattice.pl,prolog_fact,9,"prime_complexity(2, types, 'Types and basic data')."
./llm_activation_lattice.pl,prolog_fact,10,"prime_complexity(3, operators, 'Operators and expressions')."
./llm_activation_lattice.pl,prolog_fact,11,"prime_complexity(5, variables, 'Variables and assignment')."
./llm_activation_lattice.pl,prolog_fact,12,"prime_complexity(7, control, 'Control flow')."
./llm_activation_lattice.pl,prolog_fact,13,"prime_complexity(11, functions, 'Functions and calls')."
./llm_activation_lattice.pl,prolog_fact,14,"prime_complexity(13, pointers, 'Pointers and references')."
./llm_activation_lattice.pl,prolog_fact,15,"prime_complexity(17, structures, 'Structures and records')."
./llm_activation_lattice.pl,prolog_fact,16,"prime_complexity(19, arrays, 'Arrays and indexing')."
./llm_activation_lattice.pl,prolog_fact,17,"prime_complexity(23, memory, 'Memory management')."
./llm_activation_lattice.pl,prolog_fact,18,"prime_complexity(29, optimization, 'Optimization and SSA')."
./llm_activation_lattice.pl,prolog_fact,19,"prime_complexity(31, output, 'Output and statements')."
./llm_activation_lattice.pl,prolog_fact,20,"prime_complexity(41, machine, 'Machine code and assembly')."
./llm_activation_lattice.pl,prolog_fact,21,"prime_complexity(71, universe, 'Type universe and MetaCoq')."
./llm_activation_lattice.pl,prolog_fact,24,"godel_program(2, 'generated/test_2_1.c')."
./llm_activation_lattice.pl,prolog_fact,25,"godel_program(3, 'generated/variations/test_3_1.c')."
./llm_activation_lattice.pl,prolog_fact,26,"godel_program(5, 'generated/variations/test_5_1.c')."
./llm_activation_lattice.pl,prolog_fact,27,"godel_program(7, 'generated/variations/test_7_1.c')."
./llm_activation_lattice.pl,prolog_fact,28,"godel_program(11, 'generated/variations/test_11_1.c')."
./maxwells_equations_software.pl,prolog_fact,17,"maxwell_equation(gauss_law, "
./maxwells_equations_software.pl,prolog_fact,21,"maxwell_equation(no_monopole,"
./maxwells_equations_software.pl,prolog_fact,25,"maxwell_equation(faraday_law,"
./maxwells_equations_software.pl,prolog_fact,29,"maxwell_equation(ampere_law,"
./maxwells_equations_software.pl,prolog_fact,42,"lisp_form_prime(atom, 2)."
./maxwells_equations_software.pl,prolog_fact,43,"lisp_form_prime(cons, 3)."
./maxwells_equations_software.pl,prolog_fact,44,"lisp_form_prime(quote, 5)."
./maxwells_equations_software.pl,prolog_fact,45,"lisp_form_prime(lambda, 7)."
./maxwells_equations_software.pl,prolog_fact,46,"lisp_form_prime(apply, 11)."
./maxwells_equations_software.pl,prolog_fact,47,"lisp_form_prime(eval, 13)."
./maxwells_equations_software.pl,prolog_fact,48,"lisp_form_prime(if, 17)."
./maxwells_equations_software.pl,prolog_fact,49,"lisp_form_prime(define, 19)."
./maxwells_equations_software.pl,prolog_fact,50,"lisp_form_prime(let, 23)."
./maxwells_equations_software.pl,prolog_fact,51,"lisp_form_prime(macro, 29)."
./maxwells_equations_software.pl,prolog_fact,98,"factors_to_lisp([], 'nil')."
./maxwells_equations_software.pl,prolog_fact,138,"(* Prime lattice *)"
./maxwells_equations_software.pl,prolog_fact,141,"(* Lisp eval *)"
./maxwells_equations_software.pl,prolog_fact,144,"(* Monster group action *)"
./maxwells_equations_software.pl,prolog_fact,147,"(* Theorem: eval commutes with monster action *)"
./maxwells_equations_software.pl,prolog_fact,157,"(* Corollary: Prime preservation *)"
./maxwells_equations_software.pl,prolog_fact,175,"(define primes '(2 3 5 7 11 13 17 19 23 29))"
./maxwells_equations_software.pl,prolog_fact,178,"(define (prime-signature n)"
./maxwells_equations_software.pl,prolog_fact,182,"(define (lisp-eval expr env)"
./maxwells_equations_software.pl,prolog_fact,193,"(define (monster-action g code)"
./maxwells_equations_software.pl,prolog_fact,197,"(define (test-eval-commutes g code)"
./maxwells_equations_software.pl,prolog_fact,202,"(display "Testing eval commutativity: ")"
./maxwells_equations_software.pl,prolog_fact,203,"(display (test-eval-commutes 2 6))"
./maxwells_equations_software.pl,prolog_fact,204,"(newline)"
./maxwells_equations_software.pl,prolog_fact,217,"(define primes (quote (2 3 5 7 11 13)))"
./maxwells_equations_software.pl,prolog_fact,220,"(define (eval-prime expr)"
./maxwells_equations_software.pl,prolog_fact,226,"(define (monster-mult g code)"
./maxwells_equations_software.pl,prolog_fact,230,"(define (prime-preserved? code)"
./generate_lilypond.pl,prolog_fact,59,"prime_to_note(2, 'a')."
./generate_lilypond.pl,prolog_fact,60,"prime_to_note(3, 'b')."
./generate_lilypond.pl,prolog_fact,61,"prime_to_note(5, 'c'')."
./generate_lilypond.pl,prolog_fact,62,"prime_to_note(7, 'd'')."
./generate_lilypond.pl,prolog_fact,63,"prime_to_note(11, 'e'')."
./generate_lilypond.pl,prolog_fact,64,"prime_to_note(13, 'f'')."
./generate_lilypond.pl,prolog_fact,65,"prime_to_note(17, 'g'')."
./generate_lilypond.pl,prolog_fact,66,"prime_to_note(19, 'a'')."
./generate_lilypond.pl,prolog_fact,67,"prime_to_note(23, 'b'')."
./generate_lilypond.pl,prolog_fact,68,"prime_to_note(29, 'c''')."
./generate_lilypond.pl,prolog_fact,69,"prime_to_note(31, 'd''')."
./generate_lilypond.pl,prolog_fact,70,"prime_to_note(37, 'e''')."
./generate_lilypond.pl,prolog_fact,71,"prime_to_note(41, 'f''')."
./generate_lilypond.pl,prolog_fact,72,"prime_to_note(43, 'g''')."
./generate_lilypond.pl,prolog_fact,73,"prime_to_note(47, 'a''')."
./generate_lilypond.pl,prolog_fact,74,"prime_to_note(53, 'b''')."
./generate_lilypond.pl,prolog_fact,75,"prime_to_note(59, 'c'''')."
./generate_lilypond.pl,prolog_fact,76,"prime_to_note(61, 'd'''')."
./generate_lilypond.pl,prolog_fact,77,"prime_to_note(67, 'e'''')."
./generate_lilypond.pl,prolog_fact,78,"prime_to_note(71, 'f'''')."
./generate_lilypond.pl,prolog_fact,79,"prime_to_note(_, 'c'')."
./find_ocaml_kernel.pl,prolog_fact,71,"monster_primes([2,3,5,7,11,13,17,19,23,29,31,41,47,59,71])."
./find_ocaml_kernel.pl,prolog_fact,81,"emoji_prime(2, '🔴'). emoji_prime(3, '🟠'). emoji_prime(5, '🟡')."
./find_ocaml_kernel.pl,prolog_fact,82,"emoji_prime(7, '🟢'). emoji_prime(11, '🔵'). emoji_prime(13, '🟣')."
./find_ocaml_kernel.pl,prolog_fact,83,"emoji_prime(17, '🟤'). emoji_prime(19, '⚫'). emoji_prime(23, '⚪')."
./find_ocaml_kernel.pl,prolog_fact,84,"emoji_prime(29, '🔺'). emoji_prime(31, '🔻'). emoji_prime(41, '🔷')."
./find_ocaml_kernel.pl,prolog_fact,85,"emoji_prime(47, '🔹'). emoji_prime(59, '⭐'). emoji_prime(71, '🍄')."
./find_ocaml_kernel.pl,prolog_fact,145,"is_automorphic(2).  % Base"
./find_ocaml_kernel.pl,prolog_fact,146,"is_automorphic(3).  % Base"
./find_ocaml_kernel.pl,prolog_fact,147,"is_automorphic(5).  % Base"
./find_ocaml_kernel.pl,prolog_fact,148,"is_automorphic(7).  % Base"
./find_ocaml_kernel.pl,prolog_fact,149,"is_automorphic(71). % 🍄 Fixed point"
./24h_resource_plan.pl,prolog_fact,9,"schedule(0, night_batch, 'Eternal loop: 10K theorems', high_load)."
./24h_resource_plan.pl,prolog_fact,10,"schedule(1, night_batch, 'Eternal loop: 10K theorems', high_load)."
./24h_resource_plan.pl,prolog_fact,11,"schedule(2, night_batch, 'Eternal loop: 10K theorems', high_load)."
./24h_resource_plan.pl,prolog_fact,12,"schedule(3, night_batch, 'Eternal loop: 10K theorems', high_load)."
./24h_resource_plan.pl,prolog_fact,13,"schedule(4, night_batch, 'Eternal loop: 10K theorems', high_load)."
./24h_resource_plan.pl,prolog_fact,14,"schedule(5, night_batch, 'Eternal loop: 10K theorems', high_load)."
./24h_resource_plan.pl,prolog_fact,15,"schedule(6, morning_analysis, 'Analyze night results', low_load)."
./24h_resource_plan.pl,prolog_fact,16,"schedule(7, morning_analysis, 'Generate reports', low_load)."
./24h_resource_plan.pl,prolog_fact,17,"schedule(8, day_interactive, 'Interactive proving', medium_load)."
./24h_resource_plan.pl,prolog_fact,18,"schedule(9, day_interactive, 'Interactive proving', medium_load)."
./24h_resource_plan.pl,prolog_fact,19,"schedule(10, day_interactive, 'Interactive proving', medium_load)."
./24h_resource_plan.pl,prolog_fact,20,"schedule(11, day_interactive, 'Interactive proving', medium_load)."
./24h_resource_plan.pl,prolog_fact,21,"schedule(12, lunch_optimize, 'Optimize hot paths', medium_load)."
./24h_resource_plan.pl,prolog_fact,22,"schedule(13, afternoon_batch, 'Batch: 5K theorems', high_load)."
./24h_resource_plan.pl,prolog_fact,23,"schedule(14, afternoon_batch, 'Batch: 5K theorems', high_load)."
./24h_resource_plan.pl,prolog_fact,24,"schedule(15, afternoon_batch, 'Batch: 5K theorems', high_load)."
./24h_resource_plan.pl,prolog_fact,25,"schedule(16, afternoon_batch, 'Batch: 5K theorems', high_load)."
./24h_resource_plan.pl,prolog_fact,26,"schedule(17, evening_analysis, 'Complexity analysis', medium_load)."
./24h_resource_plan.pl,prolog_fact,27,"schedule(18, evening_analysis, 'Instruction capture', medium_load)."
./24h_resource_plan.pl,prolog_fact,28,"schedule(19, evening_batch, 'Batch: 3K theorems', high_load)."
./24h_resource_plan.pl,prolog_fact,29,"schedule(20, evening_batch, 'Batch: 3K theorems', high_load)."
./24h_resource_plan.pl,prolog_fact,30,"schedule(21, evening_batch, 'Batch: 3K theorems', high_load)."
./24h_resource_plan.pl,prolog_fact,31,"schedule(22, night_prep, 'Prepare night batch', low_load)."
./24h_resource_plan.pl,prolog_fact,32,"schedule(23, night_prep, 'Start eternal loop', medium_load)."
./24h_resource_plan.pl,prolog_fact,39,"cpu_allocation(night_batch, 24, 100).      % All cores, 100%"
./24h_resource_plan.pl,prolog_fact,40,"cpu_allocation(morning_analysis, 4, 50).   % 4 cores, 50%"
./24h_resource_plan.pl,prolog_fact,41,"cpu_allocation(day_interactive, 12, 75).   % 12 cores, 75%"
./24h_resource_plan.pl,prolog_fact,42,"cpu_allocation(lunch_optimize, 8, 60).     % 8 cores, 60%"
./24h_resource_plan.pl,prolog_fact,43,"cpu_allocation(afternoon_batch, 24, 100).  % All cores, 100%"
./24h_resource_plan.pl,prolog_fact,44,"cpu_allocation(evening_analysis, 12, 80).  % 12 cores, 80%"
./24h_resource_plan.pl,prolog_fact,45,"cpu_allocation(evening_batch, 24, 90).     % All cores, 90%"
./24h_resource_plan.pl,prolog_fact,46,"cpu_allocation(night_prep, 8, 50).         % 8 cores, 50%"
./24h_resource_plan.pl,prolog_fact,49,"expected_output(night_batch, theorems(60000), proofs(60000))."
./24h_resource_plan.pl,prolog_fact,50,"expected_output(morning_analysis, reports(10), insights(50))."
./24h_resource_plan.pl,prolog_fact,51,"expected_output(day_interactive, theorems(1000), experiments(20))."
./24h_resource_plan.pl,prolog_fact,52,"expected_output(lunch_optimize, optimizations(5), speedup(1.2))."
./24h_resource_plan.pl,prolog_fact,53,"expected_output(afternoon_batch, theorems(20000), proofs(20000))."
./24h_resource_plan.pl,prolog_fact,54,"expected_output(evening_analysis, traces(100), patterns(30))."
./24h_resource_plan.pl,prolog_fact,55,"expected_output(evening_batch, theorems(9000), proofs(9000))."
./24h_resource_plan.pl,prolog_fact,56,"expected_output(night_prep, configs(5), ready(yes))."
./register_analysis.pl,prolog_fact,12,"register_prime(rax, 2).    % Return value"
./register_analysis.pl,prolog_fact,13,"register_prime(rbx, 3).    % Base"
./register_analysis.pl,prolog_fact,14,"register_prime(rcx, 5).    % Counter"
./register_analysis.pl,prolog_fact,15,"register_prime(rdx, 7).    % Data"
./register_analysis.pl,prolog_fact,16,"register_prime(rsi, 11).   % Source index"
./register_analysis.pl,prolog_fact,17,"register_prime(rdi, 13).   % Destination index"
./register_analysis.pl,prolog_fact,18,"register_prime(rbp, 17).   % Base pointer"
./register_analysis.pl,prolog_fact,19,"register_prime(rsp, 19).   % Stack pointer"
./register_analysis.pl,prolog_fact,20,"register_prime(r8, 23)."
./register_analysis.pl,prolog_fact,21,"register_prime(r9, 29)."
./register_analysis.pl,prolog_fact,22,"register_prime(r10, 31)."
./register_analysis.pl,prolog_fact,23,"register_prime(r11, 37)."
./register_analysis.pl,prolog_fact,24,"register_prime(r12, 41)."
./register_analysis.pl,prolog_fact,25,"register_prime(r13, 43)."
./register_analysis.pl,prolog_fact,26,"register_prime(r14, 47)."
./register_analysis.pl,prolog_fact,27,"register_prime(r15, 53)."
./register_analysis.pl,prolog_fact,30,"register_prime(eax, 2)."
./register_analysis.pl,prolog_fact,31,"register_prime(ebx, 3)."
./register_analysis.pl,prolog_fact,32,"register_prime(ecx, 5)."
./register_analysis.pl,prolog_fact,33,"register_prime(edx, 7)."
./register_analysis.pl,prolog_fact,34,"register_prime(esi, 11)."
./register_analysis.pl,prolog_fact,35,"register_prime(edi, 13)."
./register_analysis.pl,prolog_fact,36,"register_prime(ebp, 17)."
./register_analysis.pl,prolog_fact,37,"register_prime(esp, 19)."
./register_analysis.pl,prolog_fact,93,"count_registers([], [])."
./register_analysis.pl,prolog_fact,122,"multiply_list([], 1)."
./prime_harmonics.pl,prolog_fact,11,"prime_frequency(2, 440.00).    % A4"
./prime_harmonics.pl,prolog_fact,12,"prime_frequency(3, 493.88).    % B4"
./prime_harmonics.pl,prolog_fact,13,"prime_frequency(5, 523.25).    % C5"
./prime_harmonics.pl,prolog_fact,14,"prime_frequency(7, 587.33).    % D5"
./prime_harmonics.pl,prolog_fact,15,"prime_frequency(11, 659.25).   % E5"
./prime_harmonics.pl,prolog_fact,16,"prime_frequency(13, 698.46).   % F5"
./prime_harmonics.pl,prolog_fact,17,"prime_frequency(17, 783.99).   % G5"
./prime_harmonics.pl,prolog_fact,18,"prime_frequency(19, 880.00).   % A5"
./prime_harmonics.pl,prolog_fact,19,"prime_frequency(23, 987.77).   % B5"
./prime_harmonics.pl,prolog_fact,20,"prime_frequency(29, 1046.50).  % C6"
./prime_harmonics.pl,prolog_fact,21,"prime_frequency(31, 1174.66).  % D6"
./prime_harmonics.pl,prolog_fact,22,"prime_frequency(37, 1318.51).  % E6"
./prime_harmonics.pl,prolog_fact,23,"prime_frequency(41, 1396.91).  % F6"
./prime_harmonics.pl,prolog_fact,24,"prime_frequency(43, 1567.98).  % G6"
./prime_harmonics.pl,prolog_fact,25,"prime_frequency(47, 1760.00).  % A6"
./prime_harmonics.pl,prolog_fact,26,"prime_frequency(53, 1975.53).  % B6"
./prime_harmonics.pl,prolog_fact,27,"prime_frequency(59, 2093.00).  % C7"
./prime_harmonics.pl,prolog_fact,28,"prime_frequency(61, 2349.32).  % D7"
./prime_harmonics.pl,prolog_fact,29,"prime_frequency(67, 2637.02).  % E7"
./prime_harmonics.pl,prolog_fact,30,"prime_frequency(71, 2793.83).  % F7"
./prime_harmonics.pl,prolog_fact,33,"prime_emoji(2, '🔢').   % Types/Numbers"
./prime_harmonics.pl,prolog_fact,34,"prime_emoji(3, '⚡').   % Operators"
./prime_harmonics.pl,prolog_fact,35,"prime_emoji(5, '📦').   % Variables"
./prime_harmonics.pl,prolog_fact,36,"prime_emoji(7, '🔀').   % Control flow"
./prime_harmonics.pl,prolog_fact,37,"prime_emoji(11, '🎯').  % Functions"
./prime_harmonics.pl,prolog_fact,38,"prime_emoji(13, '👉').  % Pointers"
./prime_harmonics.pl,prolog_fact,39,"prime_emoji(17, '🏗️').  % Structures"
./prime_harmonics.pl,prolog_fact,40,"prime_emoji(19, '📊').  % Arrays"
./prime_harmonics.pl,prolog_fact,41,"prime_emoji(23, '💾').  % Memory"
./prime_harmonics.pl,prolog_fact,42,"prime_emoji(29, '⚙️').  % Optimization"
./prime_harmonics.pl,prolog_fact,43,"prime_emoji(31, '📤').  % Output"
./prime_harmonics.pl,prolog_fact,44,"prime_emoji(37, '🔄').  % Loops"
./prime_harmonics.pl,prolog_fact,45,"prime_emoji(41, '🤖').  % Machine code"
./prime_harmonics.pl,prolog_fact,46,"prime_emoji(43, '🔐').  % Security"
./prime_harmonics.pl,prolog_fact,47,"prime_emoji(47, '🌐').  % Network"
./prime_harmonics.pl,prolog_fact,48,"prime_emoji(53, '🧬').  % Generics"
./prime_harmonics.pl,prolog_fact,49,"prime_emoji(59, '🎨').  % Macros"
./prime_harmonics.pl,prolog_fact,50,"prime_emoji(61, '🔬').  % Reflection"
./prime_harmonics.pl,prolog_fact,51,"prime_emoji(67, '🌌').  % Metaprogramming"
./prime_harmonics.pl,prolog_fact,52,"prime_emoji(71, '♾️').  % Universe/Type theory"
./prime_harmonics.pl,prolog_fact,55,"prime_harmony(2, 'root')."
./prime_harmonics.pl,prolog_fact,56,"prime_harmony(3, 'major_third')."
./prime_harmonics.pl,prolog_fact,57,"prime_harmony(5, 'perfect_fifth')."
./prime_harmonics.pl,prolog_fact,58,"prime_harmony(7, 'minor_seventh')."
./prime_harmonics.pl,prolog_fact,59,"prime_harmony(11, 'major_ninth')."
./prime_harmonics.pl,prolog_fact,60,"prime_harmony(13, 'major_sixth')."
./prime_harmonics.pl,prolog_fact,61,"prime_harmony(17, 'perfect_fourth')."
./prime_harmonics.pl,prolog_fact,62,"prime_harmony(19, 'octave')."
./prime_harmonics.pl,prolog_fact,63,"prime_harmony(23, 'major_second')."
./prime_harmonics.pl,prolog_fact,64,"prime_harmony(29, 'tritone')."
./prime_harmonics.pl,prolog_fact,65,"prime_harmony(31, 'minor_third')."
./prime_harmonics.pl,prolog_fact,66,"prime_harmony(37, 'augmented_fifth')."
./prime_harmonics.pl,prolog_fact,67,"prime_harmony(41, 'diminished_seventh')."
./prime_harmonics.pl,prolog_fact,68,"prime_harmony(43, 'major_seventh')."
./prime_harmonics.pl,prolog_fact,69,"prime_harmony(47, 'minor_ninth')."
./prime_harmonics.pl,prolog_fact,70,"prime_harmony(53, 'augmented_fourth')."
./prime_harmonics.pl,prolog_fact,71,"prime_harmony(59, 'minor_sixth')."
./prime_harmonics.pl,prolog_fact,72,"prime_harmony(61, 'major_tenth')."
./prime_harmonics.pl,prolog_fact,73,"prime_harmony(67, 'perfect_eleventh')."
./prime_harmonics.pl,prolog_fact,74,"prime_harmony(71, 'cosmic_overtone')."
./prime_harmonics.pl,prolog_fact,88,"feature_pattern(types, "int")."
./prime_harmonics.pl,prolog_fact,89,"feature_pattern(types, "bool")."
./prime_harmonics.pl,prolog_fact,90,"feature_pattern(types, "char")."
./prime_harmonics.pl,prolog_fact,91,"feature_pattern(operators, "+")."
./prime_harmonics.pl,prolog_fact,92,"feature_pattern(operators, "-")."
./prime_harmonics.pl,prolog_fact,93,"feature_pattern(operators, "*")."
./prime_harmonics.pl,prolog_fact,94,"feature_pattern(variables, "let")."
./prime_harmonics.pl,prolog_fact,95,"feature_pattern(variables, "var")."
./prime_harmonics.pl,prolog_fact,96,"feature_pattern(control, "if")."
./prime_harmonics.pl,prolog_fact,97,"feature_pattern(control, "while")."
./prime_harmonics.pl,prolog_fact,98,"feature_pattern(control, "for")."
./prime_harmonics.pl,prolog_fact,99,"feature_pattern(functions, "fn")."
./prime_harmonics.pl,prolog_fact,100,"feature_pattern(functions, "def")."
./prime_harmonics.pl,prolog_fact,101,"feature_pattern(functions, "lambda")."
./prime_harmonics.pl,prolog_fact,102,"feature_pattern(pointers, "*")."
./prime_harmonics.pl,prolog_fact,103,"feature_pattern(pointers, "&")."
./prime_harmonics.pl,prolog_fact,104,"feature_pattern(structures, "struct")."
./prime_harmonics.pl,prolog_fact,105,"feature_pattern(arrays, "[")."
./prime_harmonics.pl,prolog_fact,106,"feature_pattern(arrays, "]")."
./prime_harmonics.pl,prolog_fact,107,"feature_pattern(memory, "malloc")."
./prime_harmonics.pl,prolog_fact,108,"feature_pattern(memory, "free")."
./prime_harmonics.pl,prolog_fact,109,"feature_pattern(output, "print")."
./prime_harmonics.pl,prolog_fact,110,"feature_pattern(loops, "loop")."
./prime_harmonics.pl,prolog_fact,111,"feature_pattern(machine, "asm")."
./prime_harmonics.pl,prolog_fact,114,"feature_prime(types, 2)."
./prime_harmonics.pl,prolog_fact,115,"feature_prime(operators, 3)."
./prime_harmonics.pl,prolog_fact,116,"feature_prime(variables, 5)."
./prime_harmonics.pl,prolog_fact,117,"feature_prime(control, 7)."
./prime_harmonics.pl,prolog_fact,118,"feature_prime(functions, 11)."
./prime_harmonics.pl,prolog_fact,119,"feature_prime(pointers, 13)."
./prime_harmonics.pl,prolog_fact,120,"feature_prime(structures, 17)."
./prime_harmonics.pl,prolog_fact,121,"feature_prime(arrays, 19)."
./prime_harmonics.pl,prolog_fact,122,"feature_prime(memory, 23)."
./prime_harmonics.pl,prolog_fact,123,"feature_prime(optimization, 29)."
./prime_harmonics.pl,prolog_fact,124,"feature_prime(output, 31)."
./prime_harmonics.pl,prolog_fact,125,"feature_prime(loops, 37)."
./prime_harmonics.pl,prolog_fact,126,"feature_prime(machine, 41)."
./prime_harmonics.pl,prolog_fact,149,"product([], 1)."
./prime_harmonics.pl,prolog_fact,210,"take_until_at([], Acc, Acc)."
./c_complexity_lattice.pl,prolog_fact,13,"c_construct(int_type, 'int', 2)."
./c_complexity_lattice.pl,prolog_fact,14,"c_construct(char_type, 'char', 2)."
./c_complexity_lattice.pl,prolog_fact,15,"c_construct(void_type, 'void', 2)."
./c_complexity_lattice.pl,prolog_fact,18,"c_construct(add_op, '+', 3)."
./c_complexity_lattice.pl,prolog_fact,19,"c_construct(sub_op, '-', 3)."
./c_complexity_lattice.pl,prolog_fact,20,"c_construct(mul_op, '*', 3)."
./c_complexity_lattice.pl,prolog_fact,21,"c_construct(div_op, '/', 3)."
./c_complexity_lattice.pl,prolog_fact,24,"c_construct(var_decl, 'int x;', 5)."
./c_complexity_lattice.pl,prolog_fact,25,"c_construct(var_assign, 'x = 1;', 5)."
./c_complexity_lattice.pl,prolog_fact,26,"c_construct(var_read, 'y = x;', 5)."
./c_complexity_lattice.pl,prolog_fact,29,"c_construct(if_stmt, 'if (x) { }', 7)."
./c_complexity_lattice.pl,prolog_fact,30,"c_construct(while_loop, 'while (x) { }', 7)."
./c_complexity_lattice.pl,prolog_fact,31,"c_construct(for_loop, 'for (;;) { }', 7)."
./c_complexity_lattice.pl,prolog_fact,34,"c_construct(func_decl, 'int f();', 11)."
./c_complexity_lattice.pl,prolog_fact,35,"c_construct(func_call, 'f(x);', 11)."
./c_complexity_lattice.pl,prolog_fact,36,"c_construct(return_stmt, 'return x;', 11)."
./c_complexity_lattice.pl,prolog_fact,39,"c_construct(pointer_decl, 'int *p;', 13)."
./c_complexity_lattice.pl,prolog_fact,40,"c_construct(pointer_deref, '*p', 13)."
./c_complexity_lattice.pl,prolog_fact,41,"c_construct(address_of, '&x', 13)."
./c_complexity_lattice.pl,prolog_fact,44,"c_construct(struct_decl, 'struct S { int x; };', 17)."
./c_complexity_lattice.pl,prolog_fact,45,"c_construct(struct_access, 's.x', 17)."
./c_complexity_lattice.pl,prolog_fact,46,"c_construct(struct_ptr_access, 's->x', 17)."
./c_complexity_lattice.pl,prolog_fact,49,"c_construct(array_decl, 'int a[10];', 19)."
./c_complexity_lattice.pl,prolog_fact,50,"c_construct(array_access, 'a[i]', 19)."
./c_complexity_lattice.pl,prolog_fact,51,"c_construct(array_init, 'int a[] = {1,2,3};', 19)."
./c_complexity_lattice.pl,prolog_fact,54,"c_construct(malloc_call, 'malloc(n)', 23)."
./c_complexity_lattice.pl,prolog_fact,55,"c_construct(free_call, 'free(p)', 23)."
./c_complexity_lattice.pl,prolog_fact,56,"c_construct(memcpy_call, 'memcpy(d,s,n)', 23)."
./c_complexity_lattice.pl,prolog_fact,59,"c_construct(asm_stmt, 'asm("mov %eax, %ebx")', 29)."
./c_complexity_lattice.pl,prolog_fact,60,"c_construct(volatile_asm, 'asm volatile(...)', 29)."
./c_complexity_lattice.pl,prolog_fact,63,"c_construct(include_directive, '#include <stdio.h>', 31)."
./c_complexity_lattice.pl,prolog_fact,64,"c_construct(define_macro, '#define X 1', 31)."
./c_complexity_lattice.pl,prolog_fact,65,"c_construct(ifdef_directive, '#ifdef X', 31)."
./c_complexity_lattice.pl,prolog_fact,68,"c_construct(ternary_op, 'x ? y : z', 41)."
./c_complexity_lattice.pl,prolog_fact,69,"c_construct(compound_literal, '(struct S){.x=1}', 41)."
./c_complexity_lattice.pl,prolog_fact,70,"c_construct(cast_expr, '(int)x', 41)."
./c_complexity_lattice.pl,prolog_fact,109,"coq_to_c_mapping('nat', int_type, 2)."
./c_complexity_lattice.pl,prolog_fact,110,"coq_to_c_mapping('bool', int_type, 2)."
./c_complexity_lattice.pl,prolog_fact,111,"coq_to_c_mapping('list', pointer_decl, 13)."
./c_complexity_lattice.pl,prolog_fact,112,"coq_to_c_mapping('option', pointer_decl, 13)."
./c_complexity_lattice.pl,prolog_fact,113,"coq_to_c_mapping('Definition', func_decl, 11)."
./c_complexity_lattice.pl,prolog_fact,114,"coq_to_c_mapping('Fixpoint', func_decl, 11)."
./c_complexity_lattice.pl,prolog_fact,115,"coq_to_c_mapping('match', if_stmt, 7)."
./c_complexity_lattice.pl,prolog_fact,116,"coq_to_c_mapping('if', if_stmt, 7)."
./c_complexity_lattice.pl,prolog_fact,215,"emoji_prime(2, '🔴'). emoji_prime(3, '🟠'). emoji_prime(5, '🟡')."
./c_complexity_lattice.pl,prolog_fact,216,"emoji_prime(7, '🟢'). emoji_prime(11, '🔵'). emoji_prime(13, '🟣')."
./c_complexity_lattice.pl,prolog_fact,217,"emoji_prime(17, '🟤'). emoji_prime(19, '⚫'). emoji_prime(23, '⚪')."
./c_complexity_lattice.pl,prolog_fact,218,"emoji_prime(29, '🔺'). emoji_prime(31, '🔻'). emoji_prime(41, '🔷')."
./prime_abi_adapter.pl,prolog_fact,14,"prime_complexity(measure, 2)."
./prime_abi_adapter.pl,prolog_fact,15,"prime_complexity(compute, 3)."
./prime_abi_adapter.pl,prolog_fact,16,"prime_complexity(verify, 5)."
./prime_abi_adapter.pl,prolog_fact,17,"prime_complexity(store, 7)."
./prime_abi_adapter.pl,prolog_fact,18,"prime_complexity(load, 11)."
./prime_abi_adapter.pl,prolog_fact,19,"prime_complexity(transform, 13)."
./prime_abi_adapter.pl,prolog_fact,20,"prime_complexity(prove, 17)."
./prime_abi_adapter.pl,prolog_fact,21,"prime_complexity(witness, 19)."
./prime_abi_adapter.pl,prolog_fact,22,"prime_complexity(consensus, 23)."
./prime_abi_adapter.pl,prolog_fact,23,"prime_complexity(inject, 29)."
./prime_abi_adapter.pl,prolog_fact,92,"extract_operations(_, compute).  % Default"
./prime_abi_adapter.pl,prolog_fact,173,"all_prime([])."
./prime_abi_adapter.pl,prolog_fact,190,"verify_oracle_agreement(_, valid)."
./trisimulation.pl,prolog_fact,58,"print(json.dumps(weights))"
./trisimulation.pl,prolog_fact,254,"system(prolog, logic, cpu)."
./trisimulation.pl,prolog_fact,255,"system(llm_cpu, neural, cpu)."
./trisimulation.pl,prolog_fact,256,"system(llm_gpu, neural, gpu)."
./trisimulation.pl,prolog_fact,259,"trace(prolog, cycles(C1), instructions(I1), misses(M1))."
./trisimulation.pl,prolog_fact,260,"trace(llm_cpu, cycles(C2), instructions(I2), misses(M2))."
./trisimulation.pl,prolog_fact,261,"trace(llm_gpu, cycles(C3), instructions(I3), misses(M3))."
./trisimulation.pl,prolog_fact,264,"bisimulation(prolog, llm_cpu, arrows(A1))."
./trisimulation.pl,prolog_fact,265,"bisimulation(llm_cpu, llm_gpu, perf_equivalent)."
./trisimulation.pl,prolog_fact,266,"bisimulation(prolog, llm_gpu, transitive)."
./trisimulation.pl,prolog_fact,269,"trisimulation(prolog, llm_cpu, llm_gpu)."
./trisimulation.pl,prolog_fact,272,"proof(unimath, hott, 'trisimulation.v')."
./trisimulation.pl,prolog_fact,273,"proof(lean4, mathlib, 'trisimulation.lean')."
./trisimulation.pl,prolog_fact,289,"parse_perf_trace(File, trace(cycles(1000), instructions(2000), misses(10)))."
./prove_elf_complexity_23.pl,prolog_fact,73,"is_prime(2)."
./prove_elf_complexity_23.pl,prolog_fact,74,"is_prime(3)."
./oracle_load_real_data.pl,prolog_fact,40,"parse_lattice_line(_)."
./oracle_load_real_data.pl,prolog_fact,95,"complexity_lattice([2,3,5,7,11,13,17,19,23,29,31,37,41,43,47,53,59,61,67,71])."
./c_complexity_facts.pl,prolog_fact,4,"c_complexity(int_type, int, 2)."
./c_complexity_facts.pl,prolog_fact,5,"c_complexity(char_type, char, 2)."
./c_complexity_facts.pl,prolog_fact,6,"c_complexity(void_type, void, 2)."
./c_complexity_facts.pl,prolog_fact,7,"c_complexity(add_op, +, 3)."
./c_complexity_facts.pl,prolog_fact,8,"c_complexity(sub_op, -, 3)."
./c_complexity_facts.pl,prolog_fact,9,"c_complexity(mul_op, *, 3)."
./c_complexity_facts.pl,prolog_fact,10,"c_complexity(div_op, /, 3)."
./c_complexity_facts.pl,prolog_fact,11,"c_complexity(var_decl, 'int x;', 5)."
./c_complexity_facts.pl,prolog_fact,12,"c_complexity(var_assign, 'x = 1;', 5)."
./c_complexity_facts.pl,prolog_fact,13,"c_complexity(var_read, 'y = x;', 5)."
./c_complexity_facts.pl,prolog_fact,14,"c_complexity(if_stmt, 'if (x) { }', 7)."
./c_complexity_facts.pl,prolog_fact,15,"c_complexity(while_loop, 'while (x) { }', 7)."
./c_complexity_facts.pl,prolog_fact,16,"c_complexity(for_loop, 'for (;;) { }', 7)."
./c_complexity_facts.pl,prolog_fact,17,"c_complexity(func_decl, 'int f();', 11)."
./c_complexity_facts.pl,prolog_fact,18,"c_complexity(func_call, 'f(x);', 11)."
./c_complexity_facts.pl,prolog_fact,19,"c_complexity(return_stmt, 'return x;', 11)."
./c_complexity_facts.pl,prolog_fact,20,"c_complexity(pointer_decl, 'int *p;', 13)."
./c_complexity_facts.pl,prolog_fact,21,"c_complexity(pointer_deref, '*p', 13)."
./c_complexity_facts.pl,prolog_fact,22,"c_complexity(address_of, '&x', 13)."
./c_complexity_facts.pl,prolog_fact,23,"c_complexity(struct_decl, 'struct S { int x; };', 17)."
./c_complexity_facts.pl,prolog_fact,24,"c_complexity(struct_access, 's.x', 17)."
./c_complexity_facts.pl,prolog_fact,25,"c_complexity(struct_ptr_access, 's->x', 17)."
./c_complexity_facts.pl,prolog_fact,26,"c_complexity(array_decl, 'int a[10];', 19)."
./c_complexity_facts.pl,prolog_fact,27,"c_complexity(array_access, 'a[i]', 19)."
./c_complexity_facts.pl,prolog_fact,28,"c_complexity(array_init, 'int a[] = {1,2,3};', 19)."
./c_complexity_facts.pl,prolog_fact,29,"c_complexity(malloc_call, 'malloc(n)', 23)."
./c_complexity_facts.pl,prolog_fact,30,"c_complexity(free_call, 'free(p)', 23)."
./c_complexity_facts.pl,prolog_fact,31,"c_complexity(memcpy_call, 'memcpy(d,s,n)', 23)."
./c_complexity_facts.pl,prolog_fact,32,"c_complexity(asm_stmt, 'asm("mov %eax, %ebx")', 29)."
./c_complexity_facts.pl,prolog_fact,33,"c_complexity(volatile_asm, 'asm volatile(...)', 29)."
./c_complexity_facts.pl,prolog_fact,34,"c_complexity(include_directive, '#include <stdio.h>', 31)."
./c_complexity_facts.pl,prolog_fact,35,"c_complexity(define_macro, '#define X 1', 31)."
./c_complexity_facts.pl,prolog_fact,36,"c_complexity(ifdef_directive, '#ifdef X', 31)."
./c_complexity_facts.pl,prolog_fact,37,"c_complexity(ternary_op, 'x ? y : z', 41)."
./c_complexity_facts.pl,prolog_fact,38,"c_complexity(compound_literal, '(struct S){.x=1}', 41)."
./c_complexity_facts.pl,prolog_fact,39,"c_complexity(cast_expr, '(int)x', 41)."
./oracle_parquet_scanner.pl,prolog_fact,47,"process_parquet_line(_)."
./escher_loop.pl,prolog_fact,15,"codes_to_emoji([], [])."
./escher_loop.pl,prolog_fact,131,"split_list([], _, [])."
./escher_loop.pl,prolog_fact,138,"split_list(List, _, [List])."
./escher_loop.pl,prolog_fact,172,"decode_and_execute(complete_runes)"
./escher_loop.pl,prolog_fact,174,"print("🗿 Prolog system reconstructed from runestone shards!")"
./harmonic_complexity.pl,prolog_fact,9,"harmonic_layer(0, fundamental, frequency(1))."
./harmonic_complexity.pl,prolog_fact,10,"harmonic_layer(1, first_harmonic, frequency(2))."
./harmonic_complexity.pl,prolog_fact,11,"harmonic_layer(2, second_harmonic, frequency(3))."
./harmonic_complexity.pl,prolog_fact,12,"harmonic_layer(3, third_harmonic, frequency(5))."
./harmonic_complexity.pl,prolog_fact,13,"harmonic_layer(4, fourth_harmonic, frequency(7))."
./harmonic_complexity.pl,prolog_fact,14,"harmonic_layer(5, fifth_harmonic, frequency(11))."
./harmonic_complexity.pl,prolog_fact,15,"harmonic_layer(6, sixth_harmonic, frequency(13))."
./harmonic_complexity.pl,prolog_fact,16,"harmonic_layer(7, seventh_harmonic, frequency(17))."
./harmonic_complexity.pl,prolog_fact,26,"monster_primes([2,3,5,7,11,13,17,19,23,29,31,41,47,59,71])."
./harmonic_complexity.pl,prolog_fact,33,"instruction_class(0, no_constants, ["
./harmonic_complexity.pl,prolog_fact,40,"instruction_class(1, one_constant, ["
./harmonic_complexity.pl,prolog_fact,47,"instruction_class(2, two_constants, ["
./harmonic_complexity.pl,prolog_fact,54,"instruction_class(3, three_constants, ["
./map_code_to_monster_lattice.pl,prolog_fact,8,"monster_primes([2,3,5,7,11,13,17,19,23,29,31,41,47,59,71])."
./map_code_to_monster_lattice.pl,prolog_fact,56,"emoji_prime(2, '🔴'). emoji_prime(3, '🟠'). emoji_prime(5, '🟡')."
./map_code_to_monster_lattice.pl,prolog_fact,57,"emoji_prime(7, '🟢'). emoji_prime(11, '🔵'). emoji_prime(13, '🟣')."
./map_code_to_monster_lattice.pl,prolog_fact,58,"emoji_prime(17, '🟤'). emoji_prime(19, '⚫'). emoji_prime(23, '⚪')."
./map_code_to_monster_lattice.pl,prolog_fact,59,"emoji_prime(29, '🔺'). emoji_prime(31, '🔻'). emoji_prime(37, '🔶')."
./map_code_to_monster_lattice.pl,prolog_fact,60,"emoji_prime(41, '🔷'). emoji_prime(43, '🔸'). emoji_prime(47, '🔹')."
./map_code_to_monster_lattice.pl,prolog_fact,61,"emoji_prime(53, '⭐'). emoji_prime(59, '✨'). emoji_prime(61, '💫')."
./map_code_to_monster_lattice.pl,prolog_fact,62,"emoji_prime(67, '🌟'). emoji_prime(71, '🍄')."
./self_translate_prove.pl,prolog_fact,14,"prolog_predicate(factorial, '"
./self_translate_prove.pl,prolog_fact,15,"factorial(0, 1)."
./self_translate_prove.pl,prolog_fact,227,"all_same([])."
./self_translate_prove.pl,prolog_fact,228,"all_same([_])."
./self_translate_prove.pl,prolog_fact,323,"emoji_prime(2, '🔴'). emoji_prime(3, '🟠'). emoji_prime(5, '🟡')."
./self_translate_prove.pl,prolog_fact,324,"emoji_prime(7, '🟢'). emoji_prime(11, '🔵'). emoji_prime(13, '🟣')."
./self_translate_prove.pl,prolog_fact,325,"emoji_prime(17, '🟤'). emoji_prime(19, '⚫'). emoji_prime(23, '⚪')."
./self_translate_prove.pl,prolog_fact,326,"emoji_prime(29, '🔺'). emoji_prime(31, '🔻'). emoji_prime(41, '🔷')."
./homomorphic_shards.pl,prolog_fact,9,"shard(prolog, logic_shard, 'Logic reasoning encrypted')."
./homomorphic_shards.pl,prolog_fact,10,"shard(lean4, type_shard, 'Type theory encrypted')."
./homomorphic_shards.pl,prolog_fact,11,"shard(haskell, functional_shard, 'Functions encrypted')."
./homomorphic_shards.pl,prolog_fact,12,"shard(metacoq, reflective_shard, 'Reflection encrypted')."
./homomorphic_shards.pl,prolog_fact,13,"shard(unimath, hott_shard, 'HoTT encrypted')."
./homomorphic_shards.pl,prolog_fact,14,"shard(lmfdb, data_shard, 'Data encrypted')."
./homomorphic_shards.pl,prolog_fact,245,"system_key(prolog, key(prolog_secret))."
./homomorphic_shards.pl,prolog_fact,246,"system_key(lean4, key(lean4_secret))."
./homomorphic_shards.pl,prolog_fact,247,"system_key(haskell, key(haskell_secret))."
./homomorphic_shards.pl,prolog_fact,248,"system_key(metacoq, key(metacoq_secret))."
./homomorphic_shards.pl,prolog_fact,249,"system_key(unimath, key(unimath_secret))."
./homomorphic_shards.pl,prolog_fact,250,"system_key(lmfdb, key(lmfdb_secret))."
./homomorphic_shards.pl,prolog_fact,252,"homomorphic_encrypt(Data, Key, encrypted(Data, Key))."
./homomorphic_shards.pl,prolog_fact,253,"homomorphic_decrypt(encrypted(Data, Key), Key, Data)."
./homomorphic_shards.pl,prolog_fact,257,"system_proof(System, proof(System, theorem))."
./homomorphic_shards.pl,prolog_fact,258,"generate_witness(Theorem, witness(Theorem))."
./homomorphic_shards.pl,prolog_fact,259,"verify_homomorphic(_, _, _)."
./homomorphic_shards.pl,prolog_fact,260,"combine_encrypted(Fragments, combined(Fragments))."
./homomorphic_shards.pl,prolog_fact,261,"shamir_reconstruct(Shards, _, reconstructed(Shards))."
./homomorphic_shards.pl,prolog_fact,262,"homomorphic_transform(Enc, _, _, Enc)."
./homomorphic_shards.pl,prolog_fact,263,"zk_prove(Enc, _, zk_proof(Enc))."
./homomorphic_shards.pl,prolog_fact,264,"zk_verify(zk_proof(_), _, verified)."
./homomorphic_shards.pl,prolog_fact,265,"split_theorem(T, [T])."
./homomorphic_shards.pl,prolog_fact,268,"prove_encrypted(Enc, _, proof(Enc))."
./eternal_fungus_spore.pl,prolog_fact,9,"spore_generation(0)."
./perf_novelty_proof.pl,prolog_fact,83,"prove_pairwise([])."
./perf_novelty_proof.pl,prolog_fact,84,"prove_pairwise([_])."
./eternal_proof_loop.pl,prolog_fact,55,"all_theorems(["
./eternal_proof_loop.pl,prolog_fact,70,"theorem_index(0)."
./eternal_proof_loop.pl,prolog_fact,73,"get_theorem_index(0)."
./bootstrap_proof.pl,prolog_fact,14,"source_repo(mes, 'https://git.savannah.gnu.org/git/mes.git', 'GNU MES')."
./bootstrap_proof.pl,prolog_fact,15,"source_repo(gcc, 'https://gcc.gnu.org/git/gcc.git', 'GCC')."
./bootstrap_proof.pl,prolog_fact,16,"source_repo(llvm, 'https://github.com/llvm/llvm-project.git', 'LLVM')."
./bootstrap_proof.pl,prolog_fact,17,"source_repo(compcert, 'https://github.com/AbsInt/CompCert.git', 'CompCert')."
./bootstrap_proof.pl,prolog_fact,18,"source_repo(metacoq, 'https://github.com/MetaCoq/metacoq.git', 'MetaCoq')."
./bootstrap_proof.pl,prolog_fact,21,"nix_package(gcc, 'nixpkgs#gcc')."
./bootstrap_proof.pl,prolog_fact,22,"nix_package(clang, 'nixpkgs#clang')."
./bootstrap_proof.pl,prolog_fact,23,"nix_package(tcc, 'nixpkgs#tinycc')."
./bootstrap_proof.pl,prolog_fact,24,"nix_package(coq, 'nixpkgs#coq')."
./bootstrap_proof.pl,prolog_fact,25,"nix_package(lean4, 'nixpkgs#lean4')."
./bootstrap_proof.pl,prolog_fact,351,"emoji_prime(2, '🔴'). emoji_prime(3, '🟠'). emoji_prime(5, '🟡')."
./bootstrap_proof.pl,prolog_fact,352,"emoji_prime(7, '🟢'). emoji_prime(11, '🔵'). emoji_prime(13, '🟣')."
./bootstrap_proof.pl,prolog_fact,353,"emoji_prime(17, '🟤'). emoji_prime(19, '⚫'). emoji_prime(23, '⚪')."
./bootstrap_proof.pl,prolog_fact,354,"emoji_prime(29, '🔺'). emoji_prime(31, '🔻'). emoji_prime(41, '🔷')."
./bootstrap_proof.pl,prolog_fact,355,"emoji_prime(71, '🍄')."
./dataset_complexity_binding.pl,prolog_fact,14,"complexity_source(oeis, 'A000040', primes).           % Prime numbers"
./dataset_complexity_binding.pl,prolog_fact,15,"complexity_source(oeis, 'A000045', fibonacci).        % Fibonacci"
./dataset_complexity_binding.pl,prolog_fact,16,"complexity_source(oeis, 'A000142', factorial).        % Factorial"
./dataset_complexity_binding.pl,prolog_fact,17,"complexity_source(oeis, 'A000396', perfect_numbers).  % Perfect numbers"
./dataset_complexity_binding.pl,prolog_fact,18,"complexity_source(oeis, 'A000668', mersenne_primes).  % Mersenne primes"
./dataset_complexity_binding.pl,prolog_fact,21,"complexity_source(wikidata, 'Q83478', prime)."
./dataset_complexity_binding.pl,prolog_fact,22,"complexity_source(wikidata, 'Q193837', fibonacci_number)."
./dataset_complexity_binding.pl,prolog_fact,23,"complexity_source(wikidata, 'Q120976', monster_group)."
./dataset_complexity_binding.pl,prolog_fact,24,"complexity_source(wikidata, 'Q215067', lattice)."
./dataset_complexity_binding.pl,prolog_fact,27,"complexity_source(lmfdb, 'ec/Q/11/a/1', elliptic_curve)."
./dataset_complexity_binding.pl,prolog_fact,28,"complexity_source(lmfdb, 'mf/2/11/a/a', modular_form)."
./dataset_complexity_binding.pl,prolog_fact,29,"complexity_source(lmfdb, 'g2c/Q/169/a', genus2_curve)."
./dataset_complexity_binding.pl,prolog_fact,139,"product([], 1)."
./dataset_complexity_binding.pl,prolog_fact,188,"infer_math_property(_, primes)."
./godel_wrapped.pl,prolog_fact,271,"tmp_file(prolog, '/tmp/godel_query.pl')."
./godel_wrapped.pl,prolog_fact,276,"parse_perf_output(File, trace(cycles(1000), instructions(2000), misses(10)))."
./godel_wrapped.pl,prolog_fact,277,"read_result(File, result(ok))."
./godel_wrapped.pl,prolog_fact,282,"content_hash(Path, hash(abc123))."
./godel_wrapped.pl,prolog_fact,283,"read_nix_result(Path, result(ok))."
./godel_wrapped.pl,prolog_fact,284,"predict_complexity(godel_statement, o(recursive))."
./muselang.pl,prolog_fact,11,"prime_llvm(2, 'alloca').     % Types/Memory allocation"
./muselang.pl,prolog_fact,12,"prime_llvm(3, 'add').        % Operators"
./muselang.pl,prolog_fact,13,"prime_llvm(5, 'load').       % Variables"
./muselang.pl,prolog_fact,14,"prime_llvm(7, 'br').         % Control flow"
./muselang.pl,prolog_fact,15,"prime_llvm(11, 'call').      % Functions"
./muselang.pl,prolog_fact,16,"prime_llvm(13, 'getelementptr'). % Pointers"
./muselang.pl,prolog_fact,17,"prime_llvm(17, 'store').     % Structures"
./muselang.pl,prolog_fact,18,"prime_llvm(19, 'icmp').      % Arrays/Comparison"
./muselang.pl,prolog_fact,19,"prime_llvm(23, 'phi').       % Memory/SSA"
./muselang.pl,prolog_fact,20,"prime_llvm(29, 'select').    % Optimization"
./muselang.pl,prolog_fact,21,"prime_llvm(31, 'ret').       % Output/Return"
./muselang.pl,prolog_fact,22,"prime_llvm(37, 'mul').       % Loops"
./muselang.pl,prolog_fact,23,"prime_llvm(41, 'and').       % Machine/Bitwise"
./muselang.pl,prolog_fact,24,"prime_llvm(43, 'xor').       % Security"
./muselang.pl,prolog_fact,25,"prime_llvm(47, 'shl').       % Network/Shift"
./muselang.pl,prolog_fact,26,"prime_llvm(53, 'zext').      % Generics/Extension"
./muselang.pl,prolog_fact,27,"prime_llvm(59, 'bitcast').   % Macros/Cast"
./muselang.pl,prolog_fact,28,"prime_llvm(61, 'ptrtoint').  % Reflection"
./muselang.pl,prolog_fact,29,"prime_llvm(67, 'invoke').    % Metaprogramming"
./muselang.pl,prolog_fact,30,"prime_llvm(71, 'landingpad'). % Universe/Exception"
./muselang.pl,prolog_fact,81,"generate_instructions(_, [], Acc, Acc)."
./lift_to_71_shards.pl,prolog_fact,11,"monster_primes([2,3,5,7,11,13,17,19,23,29,31,37,41,43,47,53,59,61,67,71])."
./lift_to_71_shards.pl,prolog_fact,14,"prime_domain(2, types, "int, bool, char")."
./lift_to_71_shards.pl,prolog_fact,15,"prime_domain(3, operators, "+, -, *, /")."
./lift_to_71_shards.pl,prolog_fact,16,"prime_domain(5, variables, "x, y, z")."
./lift_to_71_shards.pl,prolog_fact,17,"prime_domain(7, control, "if, while, for")."
./lift_to_71_shards.pl,prolog_fact,18,"prime_domain(11, functions, "def, fn, lambda")."
./lift_to_71_shards.pl,prolog_fact,19,"prime_domain(13, pointers, "*ptr, &ref")."
./lift_to_71_shards.pl,prolog_fact,20,"prime_domain(17, structures, "struct, record")."
./lift_to_71_shards.pl,prolog_fact,21,"prime_domain(19, arrays, "[], vector")."
./lift_to_71_shards.pl,prolog_fact,22,"prime_domain(23, memory, "malloc, free")."
./lift_to_71_shards.pl,prolog_fact,23,"prime_domain(29, optimization, "SSA, inlining")."
./lift_to_71_shards.pl,prolog_fact,24,"prime_domain(31, output, "print, write")."
./lift_to_71_shards.pl,prolog_fact,25,"prime_domain(37, loops, "loop, iterate")."
./lift_to_71_shards.pl,prolog_fact,26,"prime_domain(41, machine, "asm, linking")."
./lift_to_71_shards.pl,prolog_fact,27,"prime_domain(43, safety, "borrow, lifetime")."
./lift_to_71_shards.pl,prolog_fact,28,"prime_domain(47, network, "tcp, http")."
./lift_to_71_shards.pl,prolog_fact,29,"prime_domain(53, generics, "<T>, impl")."
./lift_to_71_shards.pl,prolog_fact,30,"prime_domain(59, macros, "macro!, quote")."
./lift_to_71_shards.pl,prolog_fact,31,"prime_domain(61, reflection, "typeof, meta")."
./lift_to_71_shards.pl,prolog_fact,32,"prime_domain(67, metaprogramming, "eval, compile")."
./lift_to_71_shards.pl,prolog_fact,33,"prime_domain(71, universe, "Type, Kind, Universe")."
./ingest_ocaml_perf.pl,prolog_fact,42,"monster_prime(2). monster_prime(3). monster_prime(5). monster_prime(7)."
./ingest_ocaml_perf.pl,prolog_fact,43,"monster_prime(11). monster_prime(13). monster_prime(17). monster_prime(19)."
./ingest_ocaml_perf.pl,prolog_fact,44,"monster_prime(23). monster_prime(29). monster_prime(31). monster_prime(41)."
./ingest_ocaml_perf.pl,prolog_fact,45,"monster_prime(47). monster_prime(59). monster_prime(71)."
./ingest_ocaml_perf.pl,prolog_fact,76,"emoji_prime(2, '🔴'). emoji_prime(3, '🟠'). emoji_prime(5, '🟡')."
./ingest_ocaml_perf.pl,prolog_fact,77,"emoji_prime(7, '🟢'). emoji_prime(11, '🔵'). emoji_prime(13, '🟣')."
./ingest_ocaml_perf.pl,prolog_fact,78,"emoji_prime(17, '🟤'). emoji_prime(19, '⚫'). emoji_prime(23, '⚪')."
./ingest_ocaml_perf.pl,prolog_fact,79,"emoji_prime(29, '🔺'). emoji_prime(31, '🔻'). emoji_prime(41, '🔷')."
./ingest_ocaml_perf.pl,prolog_fact,80,"emoji_prime(47, '🔹'). emoji_prime(59, '⭐'). emoji_prime(71, '🍄')."
./prove_congruence.pl,prolog_fact,7,"monster_primes([2,3,5,7,11,13,17,19,23,29,31,41,47,59,71])."
./prove_congruence.pl,prolog_fact,65,"extract_values(_, 0, 0)."
./prove_congruence.pl,prolog_fact,102,"all_congruent([])."
./prove_congruence.pl,prolog_fact,103,"all_congruent([_])."
./parquet_lists.pl,prolog_fact,12,"parquet_category(search, ["
./parquet_lists.pl,prolog_fact,23,"parquet_category(lattice, ["
./prolog_orbits_self_label.pl,prolog_fact,123,"analyze_body(_, 1)."
./prolog_orbits_self_label.pl,prolog_fact,129,"find_orbit(_, orbit_0)."
./generate_latex_report.pl,prolog_fact,41,"latex_preamble('\documentclass[12pt]{amsart}"
./generate_latex_report.pl,prolog_fact,73,"latex_abstract('\begin{abstract}"
./generate_latex_report.pl,prolog_fact,91,"latex_introduction('\section{Introduction}"
./generate_latex_report.pl,prolog_fact,115,"latex_prime_lattice('\section{The Prime Lattice}"
./generate_latex_report.pl,prolog_fact,155,"latex_theorems('\section{Main Theorems}"
./generate_latex_report.pl,prolog_fact,161,"r(c, h) = +0.380, \quad p < 0.05"
./generate_latex_report.pl,prolog_fact,205,"latex_proofs('\section{Proofs}"
./generate_latex_report.pl,prolog_fact,273,"latex_experiments('\section{Experimental Results}"
./generate_latex_report.pl,prolog_fact,307,"latex_conclusion('\section{Conclusion}"
./generate_latex_report.pl,prolog_fact,340,"latex_bibliography('\begin{thebibliography}{99}"
./monster_lattice_features.pl,prolog_fact,10,"monster_order('2^46 × 3^20 × 5^9 × 7^6 × 11^2 × 13^3 × 17 × 19 × 23 × 29 × 31 × 41 × 47 × 59 × 71')."
./monster_lattice_features.pl,prolog_fact,13,"lattice_dimension(24)."
./monster_lattice_features.pl,prolog_fact,16,"extended_dimension(46)."
./monster_lattice_features.pl,prolog_fact,26,"feature_complexity(mirror, rank(2^46), common, lattice_point([1,0,0,0,0,0,0,0,0,0,0,0,0,0,0,0,0,0,0,0,0,0,0,0]))."
./monster_lattice_features.pl,prolog_fact,27,"feature_complexity(oracle, rank(2^45), common, lattice_point([0,1,0,0,0,0,0,0,0,0,0,0,0,0,0,0,0,0,0,0,0,0,0,0]))."
./monster_lattice_features.pl,prolog_fact,28,"feature_complexity(zkproof, rank(2^44), common, lattice_point([0,0,1,0,0,0,0,0,0,0,0,0,0,0,0,0,0,0,0,0,0,0,0,0]))."
./monster_lattice_features.pl,prolog_fact,31,"feature_complexity(lift, rank(2^20), common, lattice_point([1,1,0,0,0,0,0,0,0,0,0,0,0,0,0,0,0,0,0,0,0,0,0,0]))."
./monster_lattice_features.pl,prolog_fact,32,"feature_complexity(quote, rank(2^19), common, lattice_point([1,0,1,0,0,0,0,0,0,0,0,0,0,0,0,0,0,0,0,0,0,0,0,0]))."
./monster_lattice_features.pl,prolog_fact,33,"feature_complexity(splice, rank(2^18), common, lattice_point([0,1,1,0,0,0,0,0,0,0,0,0,0,0,0,0,0,0,0,0,0,0,0,0]))."
./monster_lattice_features.pl,prolog_fact,34,"feature_complexity(shift, rank(2^17), common, lattice_point([1,1,1,0,0,0,0,0,0,0,0,0,0,0,0,0,0,0,0,0,0,0,0,0]))."
./monster_lattice_features.pl,prolog_fact,37,"feature_complexity(dependent_types, rank(3^20), moderate, lattice_point([1,0,0,1,0,0,0,0,0,0,0,0,0,0,0,0,0,0,0,0,0,0,0,0]))."
./monster_lattice_features.pl,prolog_fact,38,"feature_complexity(linear_types, rank(3^10), moderate, lattice_point([0,1,0,1,0,0,0,0,0,0,0,0,0,0,0,0,0,0,0,0,0,0,0,0]))."
./monster_lattice_features.pl,prolog_fact,39,"feature_complexity(hott_types, rank(3^9), moderate, lattice_point([0,0,1,1,0,0,0,0,0,0,0,0,0,0,0,0,0,0,0,0,0,0,0,0]))."
./monster_lattice_features.pl,prolog_fact,42,"feature_complexity(metacoq_reflection, rank(59), rare, lattice_point([1,1,1,1,1,0,0,0,0,0,0,0,0,0,0,0,0,0,0,0,0,0,0,0]))."
./monster_lattice_features.pl,prolog_fact,43,"feature_complexity(kleene_recursion, rank(71), rarest, lattice_point([1,1,1,1,1,1,1,1,1,1,1,1,1,1,1,1,1,1,1,1,1,1,1,1]))."
./monster_lattice_features.pl,prolog_fact,46,"feature_complexity(automorphic_orbit, rank(47), exceptional, lattice_point([1,0,1,0,1,0,1,0,0,0,0,0,0,0,0,0,0,0,0,0,0,0,0,0]))."
./monster_lattice_features.pl,prolog_fact,47,"feature_complexity(galois_tower, rank(41), exceptional, lattice_point([0,1,0,1,0,1,0,1,0,0,0,0,0,0,0,0,0,0,0,0,0,0,0,0]))."
./monster_lattice_features.pl,prolog_fact,48,"feature_complexity(homomorphic_shard, rank(31), exceptional, lattice_point([1,1,0,0,1,1,0,0,0,0,0,0,0,0,0,0,0,0,0,0,0,0,0,0]))."
./monster_lattice_features.pl,prolog_fact,119,"symmetry_group(2^_, binary)."
./monster_lattice_features.pl,prolog_fact,120,"symmetry_group(3^_, ternary)."
./monster_lattice_features.pl,prolog_fact,121,"symmetry_group(5^_, pentagonal)."
./monster_lattice_features.pl,prolog_fact,167,"language_transform(prolog, lean, rotation(45))."
./monster_lattice_features.pl,prolog_fact,168,"language_transform(lean, haskell, rotation(30))."
./monster_lattice_features.pl,prolog_fact,169,"language_transform(haskell, metacoq, rotation(60))."
./monster_lattice_features.pl,prolog_fact,170,"language_transform(metacoq, unimath, reflection)."
./monster_lattice_features.pl,prolog_fact,171,"language_transform(L, L, identity)."
./monster_lattice_features.pl,prolog_fact,175,"apply_transform(Point, rotation(_), Point). % Preserve for now"
./monster_lattice_features.pl,prolog_fact,176,"apply_transform(Point, reflection, Point).  % Preserve for now"
./compcert_monster.pl,prolog_fact,51,"emoji_prime(2, '🔴'). emoji_prime(3, '🟠'). emoji_prime(5, '🟡')."
./compcert_monster.pl,prolog_fact,52,"emoji_prime(7, '🟢'). emoji_prime(11, '🔵'). emoji_prime(13, '🟣')."
./compcert_monster.pl,prolog_fact,53,"emoji_prime(17, '🟤'). emoji_prime(19, '⚫'). emoji_prime(23, '⚪')."
./compcert_monster.pl,prolog_fact,54,"emoji_prime(29, '🔺'). emoji_prime(31, '🔻'). emoji_prime(37, '🔶')."
./compcert_monster.pl,prolog_fact,55,"emoji_prime(41, '🔷'). emoji_prime(43, '🔸'). emoji_prime(47, '🔹')."
./compcert_monster.pl,prolog_fact,56,"emoji_prime(53, '⭐'). emoji_prime(59, '✨'). emoji_prime(61, '💫')."
./compcert_monster.pl,prolog_fact,57,"emoji_prime(67, '🌟'). emoji_prime(71, '🍄')."
./compcert_monster.pl,prolog_fact,63,"monster_primes([2,3,5,7,11,13,17,19,23,29,31,41,47,59,71])."
./compcert_monster.pl,prolog_fact,126,"lmfdb_function_for_pass(cparser, 'elliptic_curve.parse')."
./compcert_monster.pl,prolog_fact,127,"lmfdb_function_for_pass(simplify, 'modular_form.simplify')."
./compcert_monster.pl,prolog_fact,128,"lmfdb_function_for_pass(cshmgen, 'galois_group.generate')."
./compcert_monster.pl,prolog_fact,129,"lmfdb_function_for_pass(cminorgen, 'number_field.extend')."
./compcert_monster.pl,prolog_fact,130,"lmfdb_function_for_pass(selection, 'lattice.select')."
./compcert_monster.pl,prolog_fact,131,"lmfdb_function_for_pass(rtlgen, 'graph.generate_rtl')."
./compcert_monster.pl,prolog_fact,132,"lmfdb_function_for_pass(tailcall, 'automorphic_form.tail')."
./compcert_monster.pl,prolog_fact,133,"lmfdb_function_for_pass(inlining, 'modular_curve.inline')."
./compcert_monster.pl,prolog_fact,134,"lmfdb_function_for_pass(renumber, 'prime_lattice.renumber')."
./compcert_monster.pl,prolog_fact,135,"lmfdb_function_for_pass(constprop, 'field_extension.propagate')."
./compcert_monster.pl,prolog_fact,136,"lmfdb_function_for_pass(cse, 'common_subexpression.eliminate')."
./compcert_monster.pl,prolog_fact,137,"lmfdb_function_for_pass(allocation, 'monster_group.allocate')."
./compcert_monster.pl,prolog_fact,138,"lmfdb_function_for_pass(linearize, 'linear_algebra.linearize')."
./compcert_monster.pl,prolog_fact,139,"lmfdb_function_for_pass(reload, 'cohomology.reload')."
./compcert_monster.pl,prolog_fact,140,"lmfdb_function_for_pass(postpass, 'genus_5.postprocess')."
./zkprologml_metacoq_equiv.pl,prolog_fact,9,"metacoq_property(self_referential, 'Coq formalized in Coq')."
./zkprologml_metacoq_equiv.pl,prolog_fact,10,"metacoq_property(reflective, 'Can reason about own proofs')."
./zkprologml_metacoq_equiv.pl,prolog_fact,11,"metacoq_property(extractable, 'Can extract to OCaml/Haskell')."
./zkprologml_metacoq_equiv.pl,prolog_fact,12,"metacoq_property(type_safe, 'Dependent types')."
./zkprologml_metacoq_equiv.pl,prolog_fact,13,"metacoq_property(proof_carrying, 'Proofs are first-class')."
./zkprologml_metacoq_equiv.pl,prolog_fact,16,"zkprologml_property(self_referential, 'Prolog that modifies itself')."
./zkprologml_metacoq_equiv.pl,prolog_fact,17,"zkprologml_property(reflective, 'Can reason about own execution')."
./zkprologml_metacoq_equiv.pl,prolog_fact,18,"zkprologml_property(extractable, 'Can extract to Rust/WASM')."
./zkprologml_metacoq_equiv.pl,prolog_fact,19,"zkprologml_property(proof_carrying, 'ZK proofs are first-class')."
./zkprologml_metacoq_equiv.pl,prolog_fact,20,"zkprologml_property(self_replicating, 'Can clone and inject itself')."
./zkprologml_metacoq_equiv.pl,prolog_fact,197,"to_metacoq(zkprologml_term(T), metacoq_term(T))."
./zkprologml_metacoq_equiv.pl,prolog_fact,198,"to_metacoq(zkprologml_proof(P), metacoq_proof(P))."
./zkprologml_metacoq_equiv.pl,prolog_fact,199,"to_metacoq(zkprologml_extract(E), metacoq_extract(E))."
./zkprologml_metacoq_equiv.pl,prolog_fact,202,"from_metacoq(metacoq_term(T), zkprologml_term(T))."
./zkprologml_metacoq_equiv.pl,prolog_fact,203,"from_metacoq(metacoq_proof(P), zkprologml_proof(P))."
./zkprologml_metacoq_equiv.pl,prolog_fact,204,"from_metacoq(metacoq_extract(E), zkprologml_extract(E))."
./generate_audio.pl,prolog_fact,51,"sum_sines([], _, 0.0)."
./universal_port.pl,prolog_fact,10,"self_aware(prolog, 'Prolog-in-Prolog')."
./universal_port.pl,prolog_fact,11,"self_aware(metacoq, 'Coq-in-Coq')."
./universal_port.pl,prolog_fact,12,"self_aware(haskell, 'TH-Desugar (Template Haskell → Core)')."
./universal_port.pl,prolog_fact,13,"self_aware(lean, 'Lean metaprogramming')."
./universal_port.pl,prolog_fact,14,"self_aware(lisp, 'Lisp macros')."
./universal_port.pl,prolog_fact,15,"self_aware(guile, 'Scheme macros')."
./universal_port.pl,prolog_fact,16,"self_aware(mes, 'Mes-in-Mes bootstrap')."
./universal_port.pl,prolog_fact,17,"self_aware(emacs, 'Emacs Lisp eval')."
./universal_port.pl,prolog_fact,18,"self_aware(ocaml, 'MetaOCaml')."
./universal_port.pl,prolog_fact,21,"equivalent(prolog, lean, minizinc_arrows)."
./universal_port.pl,prolog_fact,22,"equivalent(lean, haskell, tactics_as_functions)."
./universal_port.pl,prolog_fact,23,"equivalent(haskell, metacoq, ghc_core)."
./universal_port.pl,prolog_fact,24,"equivalent(metacoq, unimath, reflection)."
./universal_port.pl,prolog_fact,25,"equivalent(unimath, prolog, extraction)."
./universal_port.pl,prolog_fact,28,"equivalent(lisp, scheme, r5rs)."
./universal_port.pl,prolog_fact,29,"equivalent(scheme, guile, gnu_extension)."
./universal_port.pl,prolog_fact,30,"equivalent(guile, mes, bootstrap)."
./universal_port.pl,prolog_fact,31,"equivalent(mes, emacs, elisp)."
./universal_port.pl,prolog_fact,34,"equivalent(ocaml, haskell, hindley_milner)."
./universal_port.pl,prolog_fact,35,"equivalent(metacoq, ocaml, coq_extraction)."
./universal_port.pl,prolog_fact,46,"meme(zkproof, ["
./universal_port.pl,prolog_fact,50,"meme(mirror, ["
./universal_port.pl,prolog_fact,54,"meme(oracle, ["
./universal_port.pl,prolog_fact,58,"meme(dependent_types, ["
./universal_port.pl,prolog_fact,64,"meme(linear_types, ["
./universal_port.pl,prolog_fact,159,"transform_via_bridge(DNA, r5rs, lisp, scheme, scheme_macros(DNA))."
./universal_port.pl,prolog_fact,160,"transform_via_bridge(DNA, gnu_extension, scheme, guile, guile_macros(DNA))."
./universal_port.pl,prolog_fact,161,"transform_via_bridge(DNA, bootstrap, guile, mes, mes_core(DNA))."
./universal_port.pl,prolog_fact,162,"transform_via_bridge(DNA, elisp, mes, emacs, elisp_forms(DNA))."
./universal_port.pl,prolog_fact,165,"transform_via_bridge(DNA, hindley_milner, ocaml, haskell, haskell_types(DNA))."
./universal_port.pl,prolog_fact,166,"transform_via_bridge(DNA, coq_extraction, metacoq, ocaml, ocaml_modules(DNA))."
./perf_trace_monotonic.lean,lean_const,7,"def Complexity := Fin 72"
./coq_proof_harmonics.lean,lean_const,5,"def compcert_primes : List Nat := [2,5,7,11,13,17,19,23,29,31,41]"
./coq_proof_harmonics.lean,lean_const,12,"def prime_harmonic (p : Nat) : ℚ := 1 / p"
./athena_lattice.lean,lean_const,14,"def haskell_athena : AthenaNode := ⟨0, "Haskell", false⟩"
./athena_lattice.lean,lean_const,15,"def rust_athena_v1 : AthenaNode := ⟨1, "Rust", false⟩"
./athena_lattice.lean,lean_const,16,"def rust_athena_v2 : AthenaNode := ⟨2, "Rust", true⟩"
./athena_lattice.lean,lean_const,17,"def lean_athena : AthenaNode := ⟨3, "Lean4", true⟩"
./monster_genus_zero_induction.lean,lean_const,9,"def monster_primes : List Nat := [2,3,5,7,11,13,17,19,23,29,31,41,47,59,71]"
./monster_genus_zero_induction.lean,lean_const,15,"def Complexity := Fin 72  -- 0 to 71"
./knuth_lean4_proofs.lean,lean_const,10,"def primes : List Nat := [2, 3, 5, 7, 11, 13, 17, 19, 23]"
./knuth_lean4_proofs.lean,lean_const,13,"def num_chords : Nat := 24"
./compcert_reconstruction.lean,lean_const,9,"def compcert_passes : List Nat := [2,3,5,7,11,13,17,19,23,29,31,41]"
./scheme_c_convergence.lean,lean_const,8,"def convergence_primes : List Nat := [2,3,5,7,11,13,17,19,23]"
./scheme_c_convergence.lean,lean_const,30,"def metacoq_level : Nat := 41"
./honest_proof.lean,lean_const,10,"def monsterPrimes : List Nat := [2, 3, 5, 7, 11, 13, 17, 19, 23, 29, 31, 41, 47, 59, 71]"
./universal_unification.lean,lean_const,23,"def monster_primes : Vector Nat 71 := sorry  -- [2,3,5,7,11,...,71]"
./partial_bijection.lean,lean_const,26,"def all_files : FileList := ⟨[]⟩  -- 5,277 files"
./partial_bijection.lean,lean_const,29,"def files_as_parquet : Parquet := ⟨"all_files_sharded.csv", 5277⟩"
./partial_bijection.lean,lean_const,32,"def locate_digest : Parquet := ⟨"locate_digest.parquet", 3000000⟩"
./partial_bijection.lean,lean_const,35,"def lists_of_lists : Parquet := ⟨"lists_of_lists.parquet", 400000⟩"
./partial_bijection.lean,lean_const,157,"def instance1 : File := ⟨"all_files_sharded.csv", 5277⟩"
./partial_bijection.lean,lean_const,158,"def instance1_as_parquet : Parquet := ⟨"all_files_sharded.csv", 5277⟩"
./partial_bijection.lean,lean_const,168,"def instance2 : File := ⟨"locate_digest.parquet", 47000⟩"
./complete_bott_proof.lean,lean_const,12,"def PrimeLattice : List Nat := [2, 3, 5, 7, 11, 13, 17, 19, 23, 29, 31, 37, 41, 43, 47, 53, 59, 61, 67, 71]"
./complete_bott_proof.lean,lean_const,55,"def bott_period : Nat := 8"
./complete_bott_proof.lean,lean_const,58,"def mod8_class (p : Nat) : Fin 8 := ⟨p % 8, Nat.mod_lt p (by norm_num : 0 < 8)⟩"
./71_layers_proof.lean,lean_const,6,"def monster_primes : List Nat := [2,3,5,7,11,13,17,19,23,29,31,41,47,59,71]"
./71_layers_proof.lean,lean_const,9,"def Complexity := Fin 72"
./generated/prime_convergence.lean,lean_const,4,"def test_primes : List Nat := [2,3,5,7,11,13,17,19,23]"
./elf_complexity_23.lean,lean_const,4,"def parse_header_complexity : Nat := 7"
./elf_complexity_23.lean,lean_const,5,"def read_sections_complexity : Nat := 11"
./elf_complexity_23.lean,lean_const,6,"def extract_symbols_complexity : Nat := 5"
./universal_convergence.lean,lean_const,30,"def metacoq_prime : Nat := 41"
./lmfdb_monster_mathlib.lean,lean_const,14,"def MonsterPrimeDivisors : Finset Nat := {2, 3, 5, 7, 11, 13, 17, 19, 23, 29, 31, 41, 47, 59, 71}"
./lmfdb_monster_mathlib.lean,lean_const,39,"def CPUCycles (p : Nat) : Nat := p * 1000"
./lmfdb_monster_mathlib.lean,lean_const,92,"def NonMonsterPrimes : Finset Nat := {37, 43, 53, 61, 67}"
./grand_unification.lean,lean_const,32,"def unimath_to_prolog : UniMath → Prolog := fun _ => 0"
./grand_unification.lean,lean_const,176,"def lean4_view : MathematicalView := ⟨Lean4, "type_theory"⟩"
./langlands_monster.lean,lean_const,9,"def monster_primes : List Nat := [2, 3, 5, 7, 11, 13, 17, 19, 23, 29, 31, 41, 47, 59, 71]"
./langlands_monster.lean,lean_const,16,"def extended_primes : List Nat := [2, 3, 5, 7, 11, 13, 17, 19, 23, 29, 31, 41, 47, 59, 71]"
./theorem_21.lean,lean_const,6,"def scholars : ℕ := 5"
./theorem_21.lean,lean_const,7,"def muses : ℕ := 9"
./theorem_21.lean,lean_const,8,"def visionaries : ℕ := 7"
./theorem_21.lean,lean_const,9,"def total : ℕ := 21"
./nine_muses.lean,lean_const,7,"def num_muses : ℕ := 9"
./nine_muses.lean,lean_const,8,"def bott_period : ℕ := 8"
./nine_muses.lean,lean_const,9,"def total_layers : ℕ := 72"
./c_syntax_harmonics.lean,lean_const,10,"def syntax_primes : List Nat := [2,3,5,7,11,13,17,19,23,29,31,41]"
./c_syntax_harmonics.lean,lean_const,17,"def syntax_harmonic (p : Nat) : ℚ := 1 / p"
./compiler_equivalence.lean,lean_const,7,"def test_primes : List Nat := [2,3,5,7,11,13,17,19,23,29,31,41]"
./theorem_42.lean,lean_const,8,"def layer42 : ℕ := 42"
./theorem_42.lean,lean_const,11,"def monster_primes : List ℕ := [2,3,5,7,11,13,17,19,23,29,31,41,47,59,71]"
./metacoq_extraction.lean,lean_const,19,"def monsterPrimes : List Nat := [2, 3, 5, 7, 11, 13, 17, 19, 23, 29, 31, 41, 47, 59, 71]"
./metacoq_extraction.lean,lean_const,63,"def cpuCycles (p : Nat) : Nat := p * 1000"
./schema_of_schemas.lean,lean_const,23,"def godel_lattice : Schema := ⟨"godel_lattice", 4, ["godel", "entity_type", "entity_path", "primes"]⟩"
./schema_of_schemas.lean,lean_const,24,"def hecke_shards : Schema := ⟨"hecke_shards_rust", 6, ["godel", "type", "path", "primes", "shard", "eigensum"]⟩"
./schema_of_schemas.lean,lean_const,25,"def files_enriched : Schema := ⟨"files_enriched_monster", 10, "
