entity,cycles,instructions,cache_misses,time_ns,original_data
1,600,900,0,300,"./generate_clean_datasets.rs,rust_const,6,"const PRIMES: [u64; 20] = [2,3,5,7,11,13,17,19,23,29,31,37,41,43,47,53,59,61,67,71];""
2,700,1050,1,350,"./enrich_files_monster.rs,rust_const,6,"const MONSTER_PRIMES: [u64; 20] = [""
3,800,1200,1,400,"./elf_complexity_23.rs,rust_const,3,"const PARSE_HEADER_COMPLEXITY: u32 = 7;""
4,900,1350,1,450,"./elf_complexity_23.rs,rust_const,4,"const READ_SECTIONS_COMPLEXITY: u32 = 11;""
5,1000,1500,1,500,"./elf_complexity_23.rs,rust_const,5,"const EXTRACT_SYMBOLS_COMPLEXITY: u32 = 5;""
6,1100,1650,1,550,"./elf_complexity_23.rs,rust_const,7,"const ELF_COMPLEXITY: u32 = ""
7,1200,1800,1,600,"./shard_all_files.rs,rust_const,6,"const MONSTER_PRIMES: [u64; 20] = [""
8,1300,1950,1,650,"./hecke_shard.rs,rust_const,6,"const MONSTER_PRIMES: [u64; 20] = [""
9,1400,2100,2,700,"./zk_rdfa_urls.rs,rust_const,7,"const MONSTER_PRIMES: [u64; 20] = [""
10,1500,2250,2,750,"./repos/coq-of-rust/examples/ink_contracts/multisig.rs,rust_const,44,"const MAX_OWNERS: u32 = 50;""
11,1600,2400,2,800,"./repos/coq-of-rust/examples/ink_contracts/multisig.rs,rust_const,47,"const WRONG_TRANSACTION_ID: &str = "The user specified an invalid transaction id. Abort.";""
12,1700,2550,2,850,"./repos/coq-of-rust/examples/ink_contracts/erc1155.rs,rust_const,55,"const ON_ERC_1155_RECEIVED_SELECTOR: [u8; 4] = [0xF2, 0x3A, 0x6E, 0x61];""
13,1800,2700,2,900,"./repos/coq-of-rust/examples/ink_contracts/erc1155.rs,rust_const,63,"const _ON_ERC_1155_BATCH_RECEIVED_SELECTOR: [u8; 4] = [0xBC, 0x19, 0x7C, 0x81];""
14,1900,2850,2,950,"./repos/coq-of-rust/examples/custom/hello_world.rs,rust_const,1,"const message: &str = "Hello, World!";""
15,2000,3000,3,1000,"./repos/coq-of-rust/examples/rust_book/custom_types/constants.rs,rust_const,3,"const THRESHOLD: i32 = 10;""
16,2100,3150,3,1050,"./repos/coq-of-rust/examples/rust_book/std_misc/threads.rs,rust_const,3,"const NTHREADS: u32 = 10;""
17,2200,3300,3,1100,"./repos/coq-of-rust/examples/rust_book/expressions/const_underscore_expression.rs,rust_const,1,"const _: () = {""
18,2300,3450,3,1150,"./repos/coq-of-rust/examples/rust_book/expressions/const_underscore_expression.rs,rust_const,15,"const _: () = {""
19,2400,3600,3,1200,"./repos/coq-of-rust/lib/src/top_level.rs,rust_const,1208,"const LINE_WIDTH: usize = 100;""
20,2500,3750,3,1250,"./repos/coq-of-rust/RocqOfRust/alloy_primitives/utils/units.rs,rust_const,5,"const MAX_U64_EXPONENT: u8 = 19;""
21,2600,3900,3,1300,"./repos/coq-of-rust/RocqOfRust/alloy_primitives/bits/bloom.rs,rust_const,15,"const MASK: usize = BLOOM_SIZE_BITS - 1;""
22,2700,4050,4,1350,"./repos/coq-of-rust/RocqOfRust/alloy_primitives/bits/bloom.rs,rust_const,17,"const ITEM_BYTES: usize = (BLOOM_SIZE_BITS.ilog2() as usize + 7) / 8;""
23,2800,4200,4,1400,"./repos/coq-of-rust/RocqOfRust/alloy_primitives/bits/bloom.rs,rust_const,21,"const _: () = assert!(BLOOM_SIZE_BYTES.is_power_of_two());""
24,2900,4350,4,1450,"./repos/coq-of-rust/RocqOfRust/alloy_primitives/postgres.rs,rust_const,41,"const fn rem_up(a: usize, b: usize) -> usize {""
25,3000,4500,4,1500,"./repos/coq-of-rust/RocqOfRust/alloy_primitives/signature/sig.rs,rust_const,12,"const SECP256K1N_ORDER: U256 =""
26,3100,4650,4,1550,"./repos/coq-of-rust/RocqOfRust/alloy_primitives/signature/utils.rs,rust_const,34,"const fn is_valid_v(v: u64) -> bool {""
27,3200,4800,4,1600,"./repos/coq-of-rust/RocqOfRust/alloy_primitives/signature/primitive_sig.rs,rust_const,8,"const SECP256K1N_ORDER: U256 =""
28,3300,4950,4,1650,"./repos/coq-of-rust/RocqOfRust/move_sui/translations/move_core_types/identifier.rs,rust_const,49,"const fn all_bytes_valid(b: &[u8], start_offset: usize) -> bool {""
29,3400,5100,5,1700,"./repos/coq-of-rust/RocqOfRust/move_sui/translations/move_core_types/identifier.rs,rust_const,268,"const _: fn() = || {""
30,3500,5250,5,1750,"./repos/coq-of-rust/RocqOfRust/move_sui/translations/move_core_types/u256.rs,rust_const,29,"const NUM_BITS_PER_BYTE: usize = 8;""
31,3600,5400,5,1800,"./repos/coq-of-rust/RocqOfRust/move_sui/translations/move_core_types/u256.rs,rust_const,30,"const U256_NUM_BITS: usize = 256;""
32,3700,5550,5,1850,"./repos/coq-of-rust/RocqOfRust/move_sui/translations/move_binary_format/control_flow_graph.rs,rust_const,80,"const ENTRY_BLOCK_ID: BlockId = 0;""
33,3800,5700,5,1900,"./repos/coq-of-rust/RocqOfRust/move_sui/translations/move_bytecode_verifier/absint.rs,rust_const,57,"const ANALYZE_FUNCTION_BASE_COST: u128 = 10;""
34,3900,5850,5,1950,"./repos/coq-of-rust/RocqOfRust/move_sui/translations/move_bytecode_verifier/absint.rs,rust_const,58,"const EXECUTE_BLOCK_BASE_COST: u128 = 10;""
35,4000,6000,6,2000,"./repos/coq-of-rust/RocqOfRust/move_sui/translations/move_bytecode_verifier/absint.rs,rust_const,59,"const PER_BACKEDGE_COST: u128 = 10;""
36,4100,6150,6,2050,"./repos/coq-of-rust/RocqOfRust/move_sui/translations/move_bytecode_verifier/absint.rs,rust_const,60,"const PER_SUCCESSOR_COST: u128 = 10;""
37,4200,6300,6,2100,"./repos/coq-of-rust/RocqOfRust/move_sui/translations/move_bytecode_verifier/type_safety.rs,rust_const,32,"const TYPE_NODE_COST: u128 = 30;""
38,4300,6450,6,2150,"./repos/coq-of-rust/RocqOfRust/alloc/sync.rs,rust_const,54,"const MAX_REFCOUNT: usize = (isize::MAX) as usize;""
39,4400,6600,6,2200,"./repos/coq-of-rust/RocqOfRust/alloc/sync.rs,rust_const,57,"const INTERNAL_OVERFLOW_ERROR: &str = "Arc counter overflow";""
40,4500,6750,6,2250,"./repos/coq-of-rust/RocqOfRust/alloc/sync.rs,rust_const,3480,"const MAX_STATIC_INNER_SLICE_ALIGNMENT: usize = 16;""
41,4600,6900,6,2300,"./repos/coq-of-rust/RocqOfRust/alloc/vec/in_place_collect.rs,rust_const,168,"const fn in_place_collectible<DEST, SRC>(""
42,4700,7050,7,2350,"./repos/coq-of-rust/RocqOfRust/alloc/vec/in_place_collect.rs,rust_const,192,"const fn needs_realloc<SRC, DEST>(src_cap: usize, dst_cap: usize) -> bool {""
43,4800,7200,7,2400,"./repos/coq-of-rust/RocqOfRust/alloc/collections/btree/node.rs,rust_const,42,"const B: usize = 6;""
44,4900,7350,7,2450,"./repos/coq-of-rust/RocqOfRust/alloc/collections/btree/node.rs,rust_const,45,"const KV_IDX_CENTER: usize = B - 1;""
45,5000,7500,7,2500,"./repos/coq-of-rust/RocqOfRust/alloc/collections/btree/node.rs,rust_const,46,"const EDGE_IDX_LEFT_OF_CENTER: usize = B - 1;""
46,5100,7650,7,2550,"./repos/coq-of-rust/RocqOfRust/alloc/collections/btree/node.rs,rust_const,47,"const EDGE_IDX_RIGHT_OF_CENTER: usize = B;""
47,5200,7800,7,2600,"./repos/coq-of-rust/RocqOfRust/alloc/collections/btree/map/tests.rs,rust_const,20,"const MIN_INSERTS_HEIGHT_1: usize = node::CAPACITY + 1;""
48,5300,7950,7,2650,"./repos/coq-of-rust/RocqOfRust/alloc/collections/btree/map/tests.rs,rust_const,25,"const MIN_INSERTS_HEIGHT_2: usize = 89;""
49,5400,8100,8,2700,"./repos/coq-of-rust/RocqOfRust/alloc/collections/btree/set.rs,rust_const,326,"const ITER_PERFORMANCE_TIPPING_SIZE_DIFF: usize = 16;""
50,5500,8250,8,2750,"./repos/coq-of-rust/RocqOfRust/alloc/raw_vec.rs,rust_const,164,"const fn min_non_zero_cap(size: usize) -> usize {""
51,5600,8400,8,2800,"./repos/coq-of-rust/RocqOfRust/anza_xyz_solana_sdk/address/lib.rs,rust_const,56,"const MAX_BASE58_LEN: usize = 44;""
52,5700,8550,8,2850,"./repos/coq-of-rust/RocqOfRust/anza_xyz_solana_sdk/address/lib.rs,rust_const,59,"const PDA_MARKER: &[u8; 21] = b"ProgramDerivedAddress";""
53,5800,8700,8,2900,"./repos/coq-of-rust/RocqOfRust/anza_xyz_solana_sdk/address/syscalls.rs,rust_const,15,"const SUCCESS: u64 = 0;""
54,5900,8850,8,2950,"./repos/coq-of-rust/RocqOfRust/legacy/p_token/processor/mod.rs,rust_const,68,"const U64_BYTES: usize = core::mem::size_of::<u64>();""
55,6000,9000,9,3000,"./repos/coq-of-rust/RocqOfRust/legacy/p_token/processor/mod.rs,rust_const,75,"const MAX_FORMATTED_DIGITS: usize = u8::MAX as usize + 2;""
56,6100,9150,9,3050,"./repos/coq-of-rust/RocqOfRust/legacy/p_token/processor/mod.rs,rust_const,189,"const fn unpack_amount(instruction_data: &[u8]) -> Result<u64, TokenError> {""
57,6200,9300,9,3100,"./repos/coq-of-rust/RocqOfRust/legacy/p_token/processor/mod.rs,rust_const,201,"const fn unpack_amount_and_decimals(instruction_data: &[u8]) -> Result<(u64, u8), TokenError> {""
58,6300,9450,9,3150,"./repos/coq-of-rust/RocqOfRust/legacy/p_token/processor/batch.rs,rust_const,12,"const IX_HEADER_SIZE: usize = 2;""
59,6400,9600,9,3200,"./repos/coq-of-rust/RocqOfRust/legacy/plonky3/commit_539bbc84/util/lib.rs,rust_const,80,"const BIT_REVERSE_6BIT: &[u8] = &[""
60,6500,9750,9,3250,"./repos/coq-of-rust/RocqOfRust/legacy/plonky3/commit_539bbc84/util/lib.rs,rust_const,92,"const BIG_T_SIZE: usize = 1 << 14;""
61,6600,9900,9,3300,"./repos/coq-of-rust/RocqOfRust/legacy/plonky3/commit_539bbc84/util/lib.rs,rust_const,93,"const SMALL_ARR_SIZE: usize = 1 << 16;""
62,6700,10050,10,3350,"./repos/coq-of-rust/RocqOfRust/legacy/plonky3/commit_539bbc84/util/transpose.rs,rust_const,3,"const LB_BLOCK_SIZE: usize = 3;""
63,6800,10200,10,3400,"./repos/coq-of-rust/RocqOfRust/legacy/plonky3/commit_539bbc84/blake3_air/constants.rs,rust_const,27,"const MSG_PERMUTATION: [usize; 16] = [2, 6, 3, 10, 7, 0, 4, 13, 1, 11, 12, 5, 9, 14, 15, 8];""
64,6900,10350,10,3450,"./repos/coq-of-rust/RocqOfRust/legacy/plonky3/commit_539bbc84/field/exponentiation.rs,rust_const,16,"const fn bits_u64(n: u64) -> usize {""
65,7000,10500,10,3500,"./repos/coq-of-rust/RocqOfRust/legacy/plonky3/commit_539bbc84/keccak_air/lib.rs,rust_const,19,"const BITS_PER_LIMB: usize = 16;""
66,7100,10650,10,3550,"./repos/coq-of-rust/RocqOfRust/legacy/plonky3/commit_539bbc84/keccak_air/lib.rs,rust_const,21,"const RATE_BITS: usize = 1088;""
67,7200,10800,10,3600,"./repos/coq-of-rust/RocqOfRust/legacy/plonky3/commit_539bbc84/keccak_air/lib.rs,rust_const,22,"const RATE_LIMBS: usize = RATE_BITS / BITS_PER_LIMB;""
68,7300,10950,10,3650,"./repos/coq-of-rust/RocqOfRust/legacy/plonky3/commit_539bbc84/keccak_air/columns.rs,rust_const,123,"const fn make_col_map() -> KeccakCols<usize> {""
69,7400,11100,11,3700,"./repos/coq-of-rust/RocqOfRust/legacy/plonky3/commit_539bbc84/keccak_air/constants.rs,rust_const,36,"const RC_BITS: [[u8; 64]; 24] = [""
70,7500,11250,11,3750,"./repos/coq-of-rust/RocqOfRust/legacy/pinocchio/lib.rs,rust_const,257,"const BPF_ALIGN_OF_U128: usize = 8;""
71,7600,11400,11,3800,"./repos/coq-of-rust/RocqOfRust/legacy/pinocchio/lib.rs,rust_const,260,"const NON_DUP_MARKER: u8 = u8::MAX;""
72,7700,11550,11,3850,"./repos/coq-of-rust/RocqOfRust/legacy/pinocchio/syscalls.rs,rust_const,89,"const fn murmur3_32(buf: &[u8], seed: u32) -> u32 {""
73,7800,11700,11,3900,"./repos/coq-of-rust/RocqOfRust/legacy/pinocchio/entrypoint/mod.rs,rust_const,36,"const STATIC_ACCOUNT_DATA: usize = core::mem::size_of::<Account>() + MAX_PERMITTED_DATA_INCREASE;""
74,7900,11850,11,3950,"./repos/coq-of-rust/RocqOfRust/legacy/pinocchio/program_error.rs,rust_const,95,"const BUILTIN_BIT_SHIFT: usize = 32;""
75,8000,12000,12,4000,"./repos/coq-of-rust/RocqOfRust/legacy/pinocchio/account_info.rs,rust_const,619,"const LAMPORTS_SHIFT: u8 = 4;""
76,8100,12150,12,4050,"./repos/coq-of-rust/RocqOfRust/legacy/pinocchio/account_info.rs,rust_const,622,"const DATA_SHIFT: u8 = 0;""
77,8200,12300,12,4100,"./repos/coq-of-rust/RocqOfRust/legacy/pinocchio/account_info.rs,rust_const,690,"const LAMPORTS_MASK: u8 = 0b_1000_0000;""
78,8300,12450,12,4150,"./repos/coq-of-rust/RocqOfRust/legacy/pinocchio/account_info.rs,rust_const,693,"const DATA_MASK: u8 = 0b_0000_1000;""
79,8400,12600,12,4200,"./repos/coq-of-rust/RocqOfRust/legacy/pinocchio/sysvars/instructions.rs,rust_const,205,"const IS_SIGNER: u8 = 0b00000001;""
80,8500,12750,12,4250,"./repos/coq-of-rust/RocqOfRust/legacy/pinocchio/sysvars/instructions.rs,rust_const,208,"const IS_WRITABLE: u8 = 0b00000010;""
81,8600,12900,12,4300,"./repos/coq-of-rust/RocqOfRust/legacy/pinocchio/sysvars/rent.rs,rust_const,34,"const DEFAULT_EXEMPTION_THRESHOLD_AS_U64: u64 = 2;""
82,8700,13050,13,4350,"./repos/coq-of-rust/RocqOfRust/legacy/pinocchio/sysvars/rent.rs,rust_const,39,"const F64_EXEMPTION_THRESHOLD_AS_U64: u64 = 4611686018427387904;""
83,8800,13200,13,4400,"./repos/coq-of-rust/RocqOfRust/legacy/pinocchio/instruction.rs,rust_const,77,"const fn offset<T, U>(ptr: *const T, offset: usize) -> *const U {""
84,8900,13350,13,4450,"./repos/coq-of-rust/RocqOfRust/legacy/openvm/version_v1_2_0/extensions/rv32im/circuit/load_sign_extend/tests.rs,rust_const,29,"const IMM_BITS: usize = 16;""
85,9000,13500,13,4500,"./repos/coq-of-rust/RocqOfRust/legacy/openvm/version_v1_2_0/extensions/rv32im/circuit/jalr/core.rs,rust_const,31,"const RV32_LIMB_MAX: u32 = (1 << RV32_CELL_BITS) - 1;""
86,9100,13650,13,4550,"./repos/coq-of-rust/RocqOfRust/legacy/openvm/version_v1_2_0/extensions/rv32im/circuit/jalr/tests.rs,rust_const,28,"const IMM_BITS: usize = 16;""
87,9200,13800,13,4600,"./repos/coq-of-rust/RocqOfRust/legacy/openvm/version_v1_2_0/extensions/rv32im/circuit/loadstore/tests.rs,rust_const,31,"const IMM_BITS: usize = 16;""
88,9300,13950,13,4650,"./repos/coq-of-rust/RocqOfRust/legacy/openvm/version_v1_2_0/extensions/rv32im/circuit/auipc/core.rs,rust_const,26,"const RV32_LIMB_MAX: u32 = (1 << RV32_CELL_BITS) - 1;""
89,9400,14100,14,4700,"./repos/coq-of-rust/RocqOfRust/legacy/openvm/version_v1_2_0/extensions/rv32im/circuit/auipc/tests.rs,rust_const,24,"const IMM_BITS: usize = 24;""
90,9500,14250,14,4750,"./repos/coq-of-rust/RocqOfRust/legacy/openvm/version_v1_2_0/extensions/rv32im/circuit/auipc/tests.rs,rust_const,25,"const BITWISE_OP_LOOKUP_BUS: BusIndex = 9;""
91,9600,14400,14,4800,"./repos/coq-of-rust/RocqOfRust/legacy/openvm/version_v1_2_0/extensions/rv32im/circuit/jal_lui/tests.rs,rust_const,32,"const IMM_BITS: usize = 20;""
92,9700,14550,14,4850,"./repos/coq-of-rust/RocqOfRust/legacy/openvm/version_v1_2_0/extensions/rv32im/circuit/jal_lui/tests.rs,rust_const,33,"const LIMB_MAX: u32 = (1 << RV32_CELL_BITS) - 1;""
93,9800,14700,14,4900,"./repos/coq-of-rust/RocqOfRust/legacy/openvm/version_v1_2_0/crates/vm/arch/config.rs,rust_const,19,"const DEFAULT_POSEIDON2_MAX_CONSTRAINT_DEGREE: usize = 3;""
94,9900,14850,14,4950,"./repos/coq-of-rust/RocqOfRust/legacy/openvm/version_v1_2_0/crates/vm/arch/integration_api.rs,rust_const,217,"const DEFAULT_RECORDS_CAPACITY: usize = 1 << 20;""
95,10000,15000,15,5000,"./repos/coq-of-rust/RocqOfRust/legacy/openvm/version_v1_2_0/crates/vm/arch/segment.rs,rust_const,31,"const SEGMENT_CHECK_INTERVAL: usize = 100;""
96,10100,15150,15,5050,"./repos/coq-of-rust/RocqOfRust/legacy/openvm/version_v1_2_0/crates/vm/arch/segment.rs,rust_const,33,"const DEFAULT_MAX_SEGMENT_LEN: usize = (1 << 22) - 100;""
97,10200,15300,15,5100,"./repos/coq-of-rust/RocqOfRust/legacy/openvm/version_v1_2_0/crates/vm/arch/segment.rs,rust_const,40,"const DEFAULT_MAX_CELLS_PER_CHIP_IN_SEGMENT: usize = DEFAULT_MAX_SEGMENT_LEN * 120;""
98,10300,15450,15,5150,"./repos/coq-of-rust/RocqOfRust/legacy/openvm/version_v1_2_0/crates/vm/arch/segment.rs,rust_const,98,"const SEGMENTATION_BACKOFF_FACTOR: usize = 4;""
99,10400,15600,15,5200,"./repos/coq-of-rust/RocqOfRust/legacy/openvm/version_v1_2_0/crates/vm/arch/testing/memory/mod.rs,rust_const,18,"const WORD_SIZE: usize = 1;""
100,10500,15750,15,5250,"./repos/coq-of-rust/RocqOfRust/legacy/openvm/version_v1_2_0/crates/vm/arch/testing/mod.rs,rust_const,66,"const RANGE_CHECKER_BUS: BusIndex = 4;""
101,10600,15900,15,5300,"./repos/coq-of-rust/RocqOfRust/legacy/openvm/version_v1_2_0/crates/vm/system/memory/merkle/tests/mod.rs,rust_const,37,"const DEFAULT_CHUNK: usize = 8;""
102,10700,16050,16,5350,"./repos/coq-of-rust/RocqOfRust/legacy/openvm/version_v1_2_0/crates/vm/system/memory/merkle/tests/mod.rs,rust_const,38,"const COMPRESSION_BUS: PermutationCheckBus = PermutationCheckBus::new(POSEIDON2_DIRECT_BUS);""
103,10800,16200,16,5400,"./repos/coq-of-rust/RocqOfRust/legacy/openvm/version_v1_2_0/crates/vm/system/memory/volatile/mod.rs,rust_const,40,"const ADDR_ELTS: usize = 2;""
104,10900,16350,16,5450,"./repos/coq-of-rust/RocqOfRust/legacy/openvm/version_v1_2_0/crates/vm/system/memory/volatile/mod.rs,rust_const,41,"const NUM_AS_LIMBS: usize = 1;""
105,11000,16500,16,5500,"./repos/coq-of-rust/RocqOfRust/legacy/openvm/version_v1_2_0/crates/vm/system/memory/tests.rs,rust_const,46,"const MAX: usize = 32;""
106,11100,16650,16,5550,"./repos/coq-of-rust/RocqOfRust/legacy/openvm/version_v1_2_0/crates/vm/system/memory/tests.rs,rust_const,47,"const RANGE_CHECKER_BUS: BusIndex = 3;""
107,11200,16800,16,5600,"./repos/coq-of-rust/RocqOfRust/legacy/openvm/version_v1_2_0/crates/vm/system/phantom/mod.rs,rust_const,41,"const NUM_PHANTOM_OPERANDS: usize = 3;""
108,11300,16950,16,5650,"./repos/coq-of-rust/RocqOfRust/legacy/openvm/version_v1_2_0/crates/vm/system/program/mod.rs,rust_const,19,"const EXIT_CODE_FAIL: usize = 1;""
109,11400,17100,17,5700,"./repos/coq-of-rust/RocqOfRust/ruint/algorithms/primaility.rs,rust_const,2,"const SMALL_PRIMES: u64 = 614889782588491410;""
110,11500,17250,17,5750,"./repos/coq-of-rust/RocqOfRust/ruint/support/scale.rs,rust_const,17,"const COMPACT_BITS_LIMIT: usize = 536;""
111,11600,17400,17,5800,"./repos/coq-of-rust/RocqOfRust/ruint/support/scale.rs,rust_const,176,"const OUT_OF_RANGE: &str = "out of range Uint decoding";""
112,11700,17550,17,5850,"./repos/coq-of-rust/RocqOfRust/ruint/support/serde.rs,rust_const,21,"const ZERO_STR: &str = "0x0";""
113,11800,17700,17,5900,"./repos/coq-of-rust/RocqOfRust/ruint/support/fastrlp.rs,rust_const,12,"const MAX_BITS: usize = 55 * 8;""
114,11900,17850,17,5950,"./repos/coq-of-rust/RocqOfRust/ruint/support/fastrlp.rs,rust_const,111,"const _: () = {""
115,12000,18000,18,6000,"./repos/coq-of-rust/RocqOfRust/ruint/support/valuable.rs,rust_const,9,"const FIELDS: &[NamedField<'static>] = &[NamedField::new("limbs")];""
116,12100,18150,18,6050,"./repos/coq-of-rust/RocqOfRust/ruint/support/alloy_rlp.rs,rust_const,12,"const MAX_BITS: usize = 55 * 8;""
117,12200,18300,18,6100,"./repos/coq-of-rust/RocqOfRust/ruint/support/alloy_rlp.rs,rust_const,104,"const _: () = {""
118,12300,18450,18,6150,"./repos/coq-of-rust/RocqOfRust/core/char/methods.rs,rust_const,1761,"const fn len_utf8(code: u32) -> usize {""
119,12400,18600,18,6200,"./repos/coq-of-rust/RocqOfRust/core/char/methods.rs,rust_const,1772,"const fn len_utf16(code: u32) -> usize {""
120,12500,18750,18,6250,"./repos/coq-of-rust/RocqOfRust/core/char/convert.rs,rust_const,232,"const fn char_try_from_u32(i: u32) -> Result<char, CharTryFromError> {""
121,12600,18900,18,6300,"./repos/coq-of-rust/RocqOfRust/core/char/mod.rs,rust_const,53,"const TAG_CONT: u8 = 0b1000_0000;""
122,12700,19050,19,6350,"./repos/coq-of-rust/RocqOfRust/core/char/mod.rs,rust_const,54,"const TAG_TWO_B: u8 = 0b1100_0000;""
123,12800,19200,19,6400,"./repos/coq-of-rust/RocqOfRust/core/char/mod.rs,rust_const,55,"const TAG_THREE_B: u8 = 0b1110_0000;""
124,12900,19350,19,6450,"./repos/coq-of-rust/RocqOfRust/core/char/mod.rs,rust_const,56,"const TAG_FOUR_B: u8 = 0b1111_0000;""
125,13000,19500,19,6500,"./repos/coq-of-rust/RocqOfRust/core/char/mod.rs,rust_const,57,"const MAX_ONE_B: u32 = 0x80;""
126,13100,19650,19,6550,"./repos/coq-of-rust/RocqOfRust/core/char/mod.rs,rust_const,58,"const MAX_TWO_B: u32 = 0x800;""
127,13200,19800,19,6600,"./repos/coq-of-rust/RocqOfRust/core/char/mod.rs,rust_const,59,"const MAX_THREE_B: u32 = 0x10000;""
128,13300,19950,19,6650,"./repos/coq-of-rust/RocqOfRust/core/num/int_log10.rs,rust_const,27,"const fn less_than_5(val: u32) -> u32 {""
129,13400,20100,20,6700,"./repos/coq-of-rust/RocqOfRust/core/num/dec2flt/number.rs,rust_const,7,"const INT_POW10: [u64; 16] = [""
130,13500,20250,20,6750,"./repos/coq-of-rust/RocqOfRust/core/num/dec2flt/parse.rs,rust_const,7,"const MIN_19DIGIT_INT: u64 = 100_0000_0000_0000_0000;""
131,13600,20400,20,6800,"./repos/coq-of-rust/RocqOfRust/core/num/bignum.rs,rust_const,68,"const SMALL_POW5: [(u64, usize); 3] = [(125, 3), (15625, 6), (1_220_703_125, 13)];""
132,13700,20550,20,6850,"./repos/coq-of-rust/RocqOfRust/core/num/int_sqrt.rs,rust_const,17,"const U8_ISQRT_WITH_REMAINDER: [(u8, u8); 256] = {""
133,13800,20700,20,6900,"./repos/coq-of-rust/RocqOfRust/core/num/int_sqrt.rs,rust_const,258,"const fn u16_stages(n: u16) -> u16 {""
134,13900,20850,20,6950,"./repos/coq-of-rust/RocqOfRust/core/num/int_sqrt.rs,rust_const,270,"const fn u32_stages(n: u32) -> u32 {""
135,14000,21000,21,7000,"./repos/coq-of-rust/RocqOfRust/core/num/int_sqrt.rs,rust_const,283,"const fn u64_stages(n: u64) -> u64 {""
136,14100,21150,21,7050,"./repos/coq-of-rust/RocqOfRust/core/num/int_sqrt.rs,rust_const,297,"const fn u128_stages(n: u128) -> u128 {""
137,14200,21300,21,7100,"./repos/coq-of-rust/RocqOfRust/core/num/mod.rs,rust_const,532,"const ASCII_CASE_MASK: u8 = 0b0010_0000;""
138,14300,21450,21,7150,"./repos/coq-of-rust/RocqOfRust/core/num/mod.rs,rust_const,1460,"const fn from_str_radix_panic(radix: u32) -> ! {""
139,14400,21600,21,7200,"./repos/coq-of-rust/RocqOfRust/core/cell/lazy.rs,rust_const,310,"const fn panic_poisoned() -> ! {""
140,14500,21750,21,7250,"./repos/coq-of-rust/RocqOfRust/core/ptr/alignment.rs,rust_const,16,"const _: () = assert!(mem::size_of::<Alignment>() == mem::size_of::<usize>());""
141,14600,21900,21,7300,"./repos/coq-of-rust/RocqOfRust/core/ptr/alignment.rs,rust_const,17,"const _: () = assert!(mem::align_of::<Alignment>() == mem::align_of::<usize>());""
142,14700,22050,22,7350,"./repos/coq-of-rust/RocqOfRust/core/ptr/mod.rs,rust_const,1133,"const unsafe fn swap_nonoverlapping_simple_untyped<T>(x: *mut T, y: *mut T, count: usize) {""
143,14800,22200,22,7400,"./repos/coq-of-rust/RocqOfRust/core/time.rs,rust_const,26,"const NANOS_PER_SEC: u32 = 1_000_000_000;""
144,14900,22350,22,7450,"./repos/coq-of-rust/RocqOfRust/core/time.rs,rust_const,27,"const NANOS_PER_MILLI: u32 = 1_000_000;""
145,15000,22500,22,7500,"./repos/coq-of-rust/RocqOfRust/core/time.rs,rust_const,28,"const NANOS_PER_MICRO: u32 = 1_000;""
146,15100,22650,22,7550,"./repos/coq-of-rust/RocqOfRust/core/time.rs,rust_const,29,"const MILLIS_PER_SEC: u64 = 1_000;""
147,15200,22800,22,7600,"./repos/coq-of-rust/RocqOfRust/core/time.rs,rust_const,30,"const MICROS_PER_SEC: u64 = 1_000_000;""
148,15300,22950,22,7650,"./repos/coq-of-rust/RocqOfRust/core/time.rs,rust_const,32,"const SECS_PER_MINUTE: u64 = 60;""
149,15400,23100,23,7700,"./repos/coq-of-rust/RocqOfRust/core/time.rs,rust_const,34,"const MINS_PER_HOUR: u64 = 60;""
150,15500,23250,23,7750,"./repos/coq-of-rust/RocqOfRust/core/time.rs,rust_const,36,"const HOURS_PER_DAY: u64 = 24;""
151,15600,23400,23,7800,"./repos/coq-of-rust/RocqOfRust/core/time.rs,rust_const,38,"const DAYS_PER_WEEK: u64 = 7;""
152,15700,23550,23,7850,"./repos/coq-of-rust/RocqOfRust/core/alloc/layout.rs,rust_const,19,"const fn size_align<T>() -> (usize, usize) {""
153,15800,23700,23,7900,"./repos/coq-of-rust/RocqOfRust/core/unicode/unicode_data.rs,rust_const,4,"const fn bitset_search<""
154,15900,23850,23,7950,"./repos/coq-of-rust/RocqOfRust/core/unicode/printable.rs,rust_const,89,"const SINGLETONS0U: &[(u8, u8)] = &[""
155,16000,24000,24,8000,"./repos/coq-of-rust/RocqOfRust/core/unicode/printable.rs,rust_const,132,"const SINGLETONS0L: &[u8] = &[""
156,16100,24150,24,8050,"./repos/coq-of-rust/RocqOfRust/core/unicode/printable.rs,rust_const,172,"const SINGLETONS1U: &[(u8, u8)] = &[""
157,16200,24300,24,8100,"./repos/coq-of-rust/RocqOfRust/core/unicode/printable.rs,rust_const,219,"const SINGLETONS1L: &[u8] = &[""
158,16300,24450,24,8150,"./repos/coq-of-rust/RocqOfRust/core/unicode/printable.rs,rust_const,248,"const NORMAL0: &[u8] = &[""
159,16400,24600,24,8200,"./repos/coq-of-rust/RocqOfRust/core/unicode/printable.rs,rust_const,384,"const NORMAL1: &[u8] = &[""
160,16500,24750,24,8250,"./repos/coq-of-rust/RocqOfRust/core/escape.rs,rust_const,7,"const HEX_DIGITS: [ascii::Char; 16] = *b"0123456789abcdef".as_ascii().unwrap();""
161,16600,24900,24,8300,"./repos/coq-of-rust/RocqOfRust/core/escape.rs,rust_const,10,"const fn backslash<const N: usize>(a: ascii::Char) -> ([ascii::Char; N], Range<u8>) {""
162,16700,25050,25,8350,"./repos/coq-of-rust/RocqOfRust/core/escape.rs,rust_const,22,"const fn hex_escape<const N: usize>(byte: u8) -> ([ascii::Char; N], Range<u8>) {""
163,16800,25200,25,8400,"./repos/coq-of-rust/RocqOfRust/core/escape.rs,rust_const,39,"const fn verbatim<const N: usize>(a: ascii::Char) -> ([ascii::Char; N], Range<u8>) {""
164,16900,25350,25,8450,"./repos/coq-of-rust/RocqOfRust/core/escape.rs,rust_const,52,"const fn escape_ascii<const N: usize>(byte: u8) -> ([ascii::Char; N], Range<u8>) {""
165,17000,25500,25,8500,"./repos/coq-of-rust/RocqOfRust/core/escape.rs,rust_const,128,"const fn escape_unicode<const N: usize>(c: char) -> ([ascii::Char; N], Range<u8>) {""
166,17100,25650,25,8550,"./repos/coq-of-rust/RocqOfRust/core/ffi/c_str.rs,rust_const,733,"const unsafe fn strlen(ptr: *const c_char) -> usize {""
167,17200,25800,25,8600,"./repos/coq-of-rust/RocqOfRust/core/slice/index.rs,rust_const,34,"const fn slice_start_index_len_fail(index: usize, len: usize) -> ! {""
168,17300,25950,25,8650,"./repos/coq-of-rust/RocqOfRust/core/slice/index.rs,rust_const,46,"const fn slice_end_index_len_fail(index: usize, len: usize) -> ! {""
169,17400,26100,26,8700,"./repos/coq-of-rust/RocqOfRust/core/slice/index.rs,rust_const,58,"const fn slice_index_order_fail(index: usize, end: usize) -> ! {""
170,17500,26250,26,8750,"./repos/coq-of-rust/RocqOfRust/core/slice/index.rs,rust_const,70,"const fn slice_start_index_overflow_fail() -> ! {""
171,17600,26400,26,8800,"./repos/coq-of-rust/RocqOfRust/core/slice/index.rs,rust_const,77,"const fn slice_end_index_overflow_fail() -> ! {""
172,17700,26550,26,8850,"./repos/coq-of-rust/RocqOfRust/core/slice/index.rs,rust_const,87,"const unsafe fn get_noubcheck<T>(ptr: *const [T], index: usize) -> *const T {""
173,17800,26700,26,8900,"./repos/coq-of-rust/RocqOfRust/core/slice/index.rs,rust_const,94,"const unsafe fn get_mut_noubcheck<T>(ptr: *mut [T], index: usize) -> *mut T {""
174,17900,26850,26,8950,"./repos/coq-of-rust/RocqOfRust/core/slice/index.rs,rust_const,101,"const unsafe fn get_offset_len_noubcheck<T>(""
175,18000,27000,27,9000,"./repos/coq-of-rust/RocqOfRust/core/slice/index.rs,rust_const,112,"const unsafe fn get_offset_len_mut_noubcheck<T>(""
176,18100,27150,27,9050,"./repos/coq-of-rust/RocqOfRust/core/slice/ascii.rs,rust_const,334,"const fn contains_nonascii(v: usize) -> bool {""
177,18200,27300,27,9100,"./repos/coq-of-rust/RocqOfRust/core/slice/ascii.rs,rust_const,371,"const fn is_ascii(s: &[u8]) -> bool {""
178,18300,27450,27,9150,"./repos/coq-of-rust/RocqOfRust/core/slice/memchr.rs,rust_const,7,"const LO_USIZE: usize = usize::repeat_u8(0x01);""
179,18400,27600,27,9200,"./repos/coq-of-rust/RocqOfRust/core/slice/memchr.rs,rust_const,8,"const HI_USIZE: usize = usize::repeat_u8(0x80);""
180,18500,27750,27,9250,"./repos/coq-of-rust/RocqOfRust/core/slice/memchr.rs,rust_const,9,"const USIZE_BYTES: usize = mem::size_of::<usize>();""
181,18600,27900,27,9300,"./repos/coq-of-rust/RocqOfRust/core/slice/memchr.rs,rust_const,19,"const fn contains_zero_byte(x: usize) -> bool {""
182,18700,28050,28,9350,"./repos/coq-of-rust/RocqOfRust/core/slice/memchr.rs,rust_const,36,"const fn memchr_naive(x: u8, text: &[u8]) -> Option<usize> {""
183,18800,28200,28,9400,"./repos/coq-of-rust/RocqOfRust/core/slice/memchr.rs,rust_const,52,"const fn memchr_aligned(x: u8, text: &[u8]) -> Option<usize> {""
184,18900,28350,28,9450,"./repos/coq-of-rust/RocqOfRust/core/slice/sort/select.rs,rust_const,61,"const INSERTION_SORT_THRESHOLD: usize = 16;""
185,19000,28500,28,9500,"./repos/coq-of-rust/RocqOfRust/core/slice/sort/shared/pivot.rs,rust_const,6,"const PSEUDO_MEDIAN_REC_THRESHOLD: usize = 64;""
186,19100,28650,28,9550,"./repos/coq-of-rust/RocqOfRust/core/slice/sort/shared/smallsort.rs,rust_const,174,"const SMALL_SORT_FALLBACK_THRESHOLD: usize = 16;""
187,19200,28800,28,9600,"./repos/coq-of-rust/RocqOfRust/core/slice/sort/shared/smallsort.rs,rust_const,180,"const SMALL_SORT_GENERAL_THRESHOLD: usize = 32;""
188,19300,28950,28,9650,"./repos/coq-of-rust/RocqOfRust/core/slice/sort/shared/smallsort.rs,rust_const,191,"const SMALL_SORT_NETWORK_THRESHOLD: usize = 32;""
189,19400,29100,29,9700,"./repos/coq-of-rust/RocqOfRust/core/slice/sort/shared/smallsort.rs,rust_const,192,"const SMALL_SORT_NETWORK_SCRATCH_LEN: usize = SMALL_SORT_NETWORK_THRESHOLD;""
190,19500,29250,29,9750,"./repos/coq-of-rust/RocqOfRust/core/slice/sort/shared/smallsort.rs,rust_const,197,"const MAX_STACK_ARRAY_SIZE: usize = 4096;""
191,19600,29400,29,9800,"./repos/coq-of-rust/RocqOfRust/core/slice/sort/unstable/quicksort.rs,rust_const,138,"const fn inst_partition<T, F: FnMut(&T, &T) -> bool>() -> fn(&mut [T], &T, &mut F) -> usize {""
192,19700,29550,29,9850,"./repos/coq-of-rust/RocqOfRust/core/cell.rs,rust_const,822,"const UNUSED: BorrowFlag = 0;""
193,19800,29700,29,9900,"./repos/coq-of-rust/RocqOfRust/core/panicking.rs,rust_const,36,"const _: () = assert!(cfg!(panic = "abort"), "panic_immediate_abort requires -C panic=abort");""
194,19900,29850,29,9950,"./repos/coq-of-rust/RocqOfRust/core/sync/atomic.rs,rust_const,257,"const EMULATE_ATOMIC_BOOL: bool =""
195,20000,30000,30,10000,"./repos/coq-of-rust/RocqOfRust/core/str/validations.rs,rust_const,11,"const fn utf8_first_byte(byte: u8, width: u32) -> u32 {""
196,20100,30150,30,10050,"./repos/coq-of-rust/RocqOfRust/core/str/validations.rs,rust_const,17,"const fn utf8_acc_cont_byte(ch: u32, byte: u8) -> u32 {""
197,20200,30300,30,10100,"./repos/coq-of-rust/RocqOfRust/core/str/validations.rs,rust_const,115,"const NONASCII_MASK: usize = usize::repeat_u8(0x80);""
198,20300,30450,30,10150,"./repos/coq-of-rust/RocqOfRust/core/str/validations.rs,rust_const,119,"const fn contains_nonascii(x: usize) -> bool {""
199,20400,30600,30,10200,"./repos/coq-of-rust/RocqOfRust/core/str/validations.rs,rust_const,255,"const UTF8_CHAR_WIDTH: &[u8; 256] = &[""
200,20500,30750,30,10250,"./repos/coq-of-rust/RocqOfRust/core/str/validations.rs,rust_const,284,"const CONT_MASK: u8 = 0b0011_1111;""
201,20600,30900,30,10300,"./repos/coq-of-rust/RocqOfRust/core/str/traits.rs,rust_const,78,"const fn str_index_overflow_fail() -> ! {""
202,20700,31050,31,10350,"./repos/coq-of-rust/RocqOfRust/core/str/count.rs,rust_const,23,"const USIZE_SIZE: usize = core::mem::size_of::<usize>();""
203,20800,31200,31,10400,"./repos/coq-of-rust/RocqOfRust/core/str/count.rs,rust_const,24,"const UNROLL_INNER: usize = 4;""
204,20900,31350,31,10450,"./repos/coq-of-rust/RocqOfRust/core/str/mod.rs,rust_const,67,"const fn slice_error_fail(s: &str, begin: usize, end: usize) -> ! {""
205,21000,31500,31,10500,"./repos/coq-of-rust/RocqOfRust/core/str/mod.rs,rust_const,72,"const fn slice_error_fail(s: &str, begin: usize, end: usize) -> ! {""
206,21100,31650,31,10550,"./repos/coq-of-rust/RocqOfRust/core/str/mod.rs,rust_const,77,"const fn slice_error_fail_ct(_: &str, _: usize, _: usize) -> ! {""
207,21200,31800,31,10600,"./repos/coq-of-rust/RocqOfRust/core/option.rs,rust_const,2008,"const fn unwrap_failed() -> ! {""
208,21300,31950,31,10650,"./repos/coq-of-rust/RocqOfRust/core/option.rs,rust_const,2017,"const fn expect_failed(msg: &str) -> ! {""
209,21400,32100,32,10700,"./repos/coq-of-rust/RocqOfRust/revm/revm_interpreter/instructions/i256.rs,rust_const,28,"const FLIPH_BITMASK_U64: u64 = 0x7FFFFFFFFFFFFFFF;""
210,21500,32250,32,10750,"./repos/coq-of-rust/RocqOfRust/revm/revm_interpreter/gas/calc.rs,rust_const,69,"const fn log2floor(value: U256) -> u64 {""
211,21600,32400,32,10800,"./repos/coq-of-rust/RocqOfRust/revm/revm_bytecode/eof/header.rs,rust_const,31,"const KIND_TERMINAL: u8 = 0;""
212,21700,32550,32,10850,"./repos/coq-of-rust/RocqOfRust/revm/revm_bytecode/eof/header.rs,rust_const,32,"const KIND_TYPES: u8 = 1;""
213,21800,32700,32,10900,"./repos/coq-of-rust/RocqOfRust/revm/revm_bytecode/eof/header.rs,rust_const,33,"const KIND_CODE: u8 = 2;""
214,21900,32850,32,10950,"./repos/coq-of-rust/RocqOfRust/revm/revm_bytecode/eof/header.rs,rust_const,34,"const KIND_CONTAINER: u8 = 3;""
215,22000,33000,33,11000,"./repos/coq-of-rust/RocqOfRust/revm/revm_bytecode/eof/header.rs,rust_const,35,"const KIND_DATA: u8 = 4;""
216,22100,33150,33,11050,"./repos/coq-of-rust/RocqOfRust/revm/revm_bytecode/eof/types_section.rs,rust_const,8,"const EOF_NON_RETURNING_FUNCTION: u8 = 0x80;""
217,22200,33300,33,11100,"./repos/coq-of-rust/RocqOfRust/revm/revm_precompile/secp256r1.rs,rust_const,16,"const P256VERIFY_BASE: u64 = 3450;""
218,22300,33450,33,11150,"./repos/coq-of-rust/RocqOfRust/revm/revm_precompile/blake2.rs,rust_const,4,"const F_ROUND: u64 = 1;""
219,22400,33600,33,11200,"./repos/coq-of-rust/RocqOfRust/revm/revm_precompile/blake2.rs,rust_const,5,"const INPUT_LENGTH: usize = 213;""
220,22500,33750,33,11250,"./repos/coq-of-rust/RocqOfRust/revm/revm_precompile/bls12_381/msm.rs,rust_const,2,"const MSM_MULTIPLIER: u64 = 1000;""
221,22600,33900,33,11300,"./repos/coq-of-rust/RocqOfRust/revm/revm_precompile/bls12_381/map_fp2_to_g2.rs,rust_const,19,"const BASE_GAS_FEE: u64 = 75000;""
222,22700,34050,34,11350,"./repos/coq-of-rust/RocqOfRust/revm/revm_precompile/bls12_381/g2_add.rs,rust_const,15,"const BASE_GAS_FEE: u64 = 800;""
223,22800,34200,34,11400,"./repos/coq-of-rust/RocqOfRust/revm/revm_precompile/bls12_381/g2_add.rs,rust_const,18,"const INPUT_LENGTH: usize = 512;""
224,22900,34350,34,11450,"./repos/coq-of-rust/RocqOfRust/revm/revm_precompile/bls12_381/g2.rs,rust_const,10,"const G2_OUTPUT_LENGTH: usize = 256;""
225,23000,34500,34,11500,"./repos/coq-of-rust/RocqOfRust/revm/revm_precompile/bls12_381/pairing.rs,rust_const,18,"const PAIRING_MULTIPLIER_BASE: u64 = 43000;""
226,23100,34650,34,11550,"./repos/coq-of-rust/RocqOfRust/revm/revm_precompile/bls12_381/pairing.rs,rust_const,20,"const PAIRING_OFFSET_BASE: u64 = 65000;""
227,23200,34800,34,11600,"./repos/coq-of-rust/RocqOfRust/revm/revm_precompile/bls12_381/pairing.rs,rust_const,22,"const INPUT_LENGTH: usize = 384;""
228,23300,34950,34,11650,"./repos/coq-of-rust/RocqOfRust/revm/revm_precompile/bls12_381/g1_add.rs,rust_const,15,"const BASE_GAS_FEE: u64 = 500;""
229,23400,35100,35,11700,"./repos/coq-of-rust/RocqOfRust/revm/revm_precompile/bls12_381/g1_add.rs,rust_const,18,"const INPUT_LENGTH: usize = 256;""
230,23500,35250,35,11750,"./repos/coq-of-rust/RocqOfRust/revm/revm_precompile/bls12_381/map_fp_to_g1.rs,rust_const,18,"const MAP_FP_TO_G1_BASE: u64 = 5500;""
231,23600,35400,35,11800,"./repos/coq-of-rust/RocqOfRust/revm/revm_precompile/bls12_381/g1.rs,rust_const,10,"const G1_OUTPUT_LENGTH: usize = 128;""
232,23700,35550,35,11850,"./repos/coq-of-rust/RocqOfRust/bytes/bytes.rs,rust_const,963,"const STATIC_VTABLE: Vtable = Vtable {""
233,23800,35700,35,11900,"./repos/coq-of-rust/RocqOfRust/bytes/bytes.rs,rust_const,1178,"const _: [(); 0 - mem::align_of::<Shared>() % 2] = []; // Assert that the alignment of `Shared` is divisible by 2.""
234,23900,35850,35,11950,"./repos/coq-of-rust/RocqOfRust/bytes/bytes.rs,rust_const,1188,"const KIND_ARC: usize = 0b0;""
235,24000,36000,36,12000,"./repos/coq-of-rust/RocqOfRust/bytes/bytes.rs,rust_const,1189,"const KIND_VEC: usize = 0b1;""
236,24100,36150,36,12050,"./repos/coq-of-rust/RocqOfRust/bytes/bytes.rs,rust_const,1190,"const KIND_MASK: usize = 0b1;""
237,24200,36300,36,12100,"./repos/coq-of-rust/RocqOfRust/bytes/bytes_mut.rs,rust_const,87,"const _: [(); 0 - mem::align_of::<Shared>() % 2] = []; // Assert that the alignment of `Shared` is divisible by 2.""
238,24300,36450,36,12150,"./repos/coq-of-rust/RocqOfRust/bytes/bytes_mut.rs,rust_const,90,"const KIND_ARC: usize = 0b0;""
239,24400,36600,36,12200,"./repos/coq-of-rust/RocqOfRust/bytes/bytes_mut.rs,rust_const,91,"const KIND_VEC: usize = 0b1;""
240,24500,36750,36,12250,"./repos/coq-of-rust/RocqOfRust/bytes/bytes_mut.rs,rust_const,92,"const KIND_MASK: usize = 0b1;""
241,24600,36900,36,12300,"./repos/coq-of-rust/RocqOfRust/bytes/bytes_mut.rs,rust_const,96,"const MAX_ORIGINAL_CAPACITY_WIDTH: usize = 17;""
242,24700,37050,37,12350,"./repos/coq-of-rust/RocqOfRust/bytes/bytes_mut.rs,rust_const,99,"const MIN_ORIGINAL_CAPACITY_WIDTH: usize = 10;""
243,24800,37200,37,12400,"./repos/coq-of-rust/RocqOfRust/bytes/bytes_mut.rs,rust_const,102,"const ORIGINAL_CAPACITY_MASK: usize = 0b11100;""
244,24900,37350,37,12450,"./repos/coq-of-rust/RocqOfRust/bytes/bytes_mut.rs,rust_const,103,"const ORIGINAL_CAPACITY_OFFSET: usize = 2;""
245,25000,37500,37,12500,"./repos/coq-of-rust/RocqOfRust/bytes/bytes_mut.rs,rust_const,105,"const VEC_POS_OFFSET: usize = 5;""
246,25100,37650,37,12550,"./repos/coq-of-rust/RocqOfRust/bytes/bytes_mut.rs,rust_const,110,"const MAX_VEC_POS: usize = usize::MAX >> VEC_POS_OFFSET;""
247,25200,37800,37,12600,"./repos/coq-of-rust/RocqOfRust/bytes/bytes_mut.rs,rust_const,111,"const NOT_VEC_POS_MASK: usize = 0b11111;""
248,25300,37950,37,12650,"./repos/coq-of-rust/RocqOfRust/bytes/bytes_mut.rs,rust_const,114,"const PTR_WIDTH: usize = 64;""
249,25400,38100,38,12700,"./repos/coq-of-rust/RocqOfRust/bytes/bytes_mut.rs,rust_const,116,"const PTR_WIDTH: usize = 32;""
250,25500,38250,38,12750,"./repos/coq-of-rust/RocqOfRust/solana_program_token/pinocchio/processor/mod.rs,rust_const,74,"const U64_BYTES: usize = core::mem::size_of::<u64>();""
251,25600,38400,38,12800,"./repos/coq-of-rust/RocqOfRust/solana_program_token/pinocchio/processor/mod.rs,rust_const,81,"const MAX_FORMATTED_DIGITS: usize = u8::MAX as usize + 2;""
252,25700,38550,38,12850,"./repos/coq-of-rust/RocqOfRust/solana_program_token/pinocchio/processor/mod.rs,rust_const,199,"const fn unpack_amount(instruction_data: &[u8]) -> Result<u64, TokenError> {""
253,25800,38700,38,12900,"./repos/coq-of-rust/RocqOfRust/solana_program_token/pinocchio/processor/mod.rs,rust_const,211,"const fn unpack_amount_and_decimals(instruction_data: &[u8]) -> Result<(u64, u8), TokenError> {""
254,25900,38850,38,12950,"./repos/coq-of-rust/RocqOfRust/solana_program_token/pinocchio/processor/batch.rs,rust_const,12,"const IX_HEADER_SIZE: usize = 2;""
255,26000,39000,39,13000,"./repos/coq-of-rust/RocqOfRust/solana_program_token/interface/state.rs,rust_const,294,"const SPL_TOKEN_ACCOUNT_MINT_OFFSET: usize = 0;""
256,26100,39150,39,13050,"./repos/coq-of-rust/RocqOfRust/solana_program_token/interface/state.rs,rust_const,295,"const SPL_TOKEN_ACCOUNT_OWNER_OFFSET: usize = 32;""
257,26200,39300,39,13100,"./repos/coq-of-rust/RocqOfRust/solana_program_token/interface/instruction.rs,rust_const,18,"const U64_BYTES: usize = 8;""
258,26300,39450,39,13150,"./convert_emoji_patterns.pl,prolog_fact,7,"emoji_patterns([""
259,26400,39600,39,13200,"./scheme_c_convergence.pl,prolog_fact,13,"scheme_construct(number, '42', 2).""
260,26500,39750,39,13250,"./scheme_c_convergence.pl,prolog_fact,14,"scheme_construct(boolean, '#t', 2).""
261,26600,39900,39,13300,"./scheme_c_convergence.pl,prolog_fact,15,"scheme_construct(char, '#\a', 2).""
262,26700,40050,40,13350,"./scheme_c_convergence.pl,prolog_fact,18,"scheme_construct(add, '(+ 1 2)', 3).""
263,26800,40200,40,13400,"./scheme_c_convergence.pl,prolog_fact,19,"scheme_construct(sub, '(- 3 1)', 3).""
264,26900,40350,40,13450,"./scheme_c_convergence.pl,prolog_fact,20,"scheme_construct(mul, '(* 2 3)', 3).""
265,27000,40500,40,13500,"./scheme_c_convergence.pl,prolog_fact,23,"scheme_construct(define, '(define x 1)', 5).""
266,27100,40650,40,13550,"./scheme_c_convergence.pl,prolog_fact,24,"scheme_construct(set, '(set! x 2)', 5).""
267,27200,40800,40,13600,"./scheme_c_convergence.pl,prolog_fact,25,"scheme_construct(let, '(let ((x 1)) x)', 5).""
268,27300,40950,40,13650,"./scheme_c_convergence.pl,prolog_fact,28,"scheme_construct(if, '(if x y z)', 7).""
269,27400,41100,41,13700,"./scheme_c_convergence.pl,prolog_fact,29,"scheme_construct(cond, '(cond ((x) y))', 7).""
270,27500,41250,41,13750,"./scheme_c_convergence.pl,prolog_fact,30,"scheme_construct(case, '(case x ((1) y))', 7).""
271,27600,41400,41,13800,"./scheme_c_convergence.pl,prolog_fact,33,"scheme_construct(lambda, '(lambda (x) x)', 11).""
272,27700,41550,41,13850,"./scheme_c_convergence.pl,prolog_fact,34,"scheme_construct(apply, '(apply f args)', 11).""
273,27800,41700,41,13900,"./scheme_c_convergence.pl,prolog_fact,35,"scheme_construct(call, '(f x)', 11).""
274,27900,41850,41,13950,"./scheme_c_convergence.pl,prolog_fact,38,"scheme_construct(cons, '(cons 1 2)', 13).""
275,28000,42000,42,14000,"./scheme_c_convergence.pl,prolog_fact,39,"scheme_construct(car, '(car lst)', 13).""
276,28100,42150,42,14050,"./scheme_c_convergence.pl,prolog_fact,40,"scheme_construct(cdr, '(cdr lst)', 13).""
277,28200,42300,42,14100,"./scheme_c_convergence.pl,prolog_fact,43,"scheme_construct(vector, '(vector 1 2 3)', 17).""
278,28300,42450,42,14150,"./scheme_c_convergence.pl,prolog_fact,44,"scheme_construct(record, '(make-record x y)', 17).""
279,28400,42600,42,14200,"./scheme_c_convergence.pl,prolog_fact,47,"scheme_construct(syntax_rules, '(syntax-rules () ...)', 19).""
280,28500,42750,42,14250,"./scheme_c_convergence.pl,prolog_fact,48,"scheme_construct(quasiquote, '`(,x)', 19).""
281,28600,42900,42,14300,"./scheme_c_convergence.pl,prolog_fact,51,"scheme_construct(c_call, '(c-call "malloc" n)', 23).""
282,28700,43050,43,14350,"./scheme_c_convergence.pl,prolog_fact,52,"scheme_construct(pointer, '(make-pointer addr)', 23).""
283,28800,43200,43,14400,"./scheme_c_convergence.pl,prolog_fact,58,"c_construct(int_type, 'int', 2).""
284,28900,43350,43,14450,"./scheme_c_convergence.pl,prolog_fact,59,"c_construct(add_op, '+', 3).""
285,29000,43500,43,14500,"./scheme_c_convergence.pl,prolog_fact,60,"c_construct(var_decl, 'int x;', 5).""
286,29100,43650,43,14550,"./scheme_c_convergence.pl,prolog_fact,61,"c_construct(if_stmt, 'if (x) {}', 7).""
287,29200,43800,43,14600,"./scheme_c_convergence.pl,prolog_fact,62,"c_construct(func_decl, 'int f();', 11).""
288,29300,43950,43,14650,"./scheme_c_convergence.pl,prolog_fact,63,"c_construct(pointer, 'int *p;', 13).""
289,29400,44100,44,14700,"./scheme_c_convergence.pl,prolog_fact,64,"c_construct(struct, 'struct S {};', 17).""
290,29500,44250,44,14750,"./scheme_c_convergence.pl,prolog_fact,65,"c_construct(array, 'int a[10];', 19).""
291,29600,44400,44,14800,"./scheme_c_convergence.pl,prolog_fact,66,"c_construct(malloc, 'malloc(n)', 23).""
292,29700,44550,44,14850,"./scheme_c_convergence.pl,prolog_fact,73,"convergence_point(2, scheme_number, c_int_type, 'Both represent integers').""
293,29800,44700,44,14900,"./scheme_c_convergence.pl,prolog_fact,76,"convergence_point(3, scheme_add, c_add_op, 'Both perform addition').""
294,29900,44850,44,14950,"./scheme_c_convergence.pl,prolog_fact,79,"convergence_point(5, scheme_define, c_var_decl, 'Both declare variables').""
295,30000,45000,45,15000,"./scheme_c_convergence.pl,prolog_fact,82,"convergence_point(7, scheme_if, c_if_stmt, 'Both conditional branching').""
296,30100,45150,45,15050,"./scheme_c_convergence.pl,prolog_fact,85,"convergence_point(11, scheme_lambda, c_func_decl, 'Both define functions').""
297,30200,45300,45,15100,"./scheme_c_convergence.pl,prolog_fact,88,"convergence_point(13, scheme_cons, c_pointer, 'Lists = linked pointers').""
298,30300,45450,45,15150,"./scheme_c_convergence.pl,prolog_fact,91,"convergence_point(17, scheme_vector, c_struct, 'Both aggregate data').""
299,30400,45600,45,15200,"./scheme_c_convergence.pl,prolog_fact,94,"convergence_point(19, scheme_syntax_rules, c_array, 'Both compile-time expansion').""
300,30500,45750,45,15250,"./scheme_c_convergence.pl,prolog_fact,97,"convergence_point(23, scheme_c_call, c_malloc, 'Both interface with C runtime').""
301,30600,45900,45,15300,"./scheme_c_convergence.pl,prolog_fact,205,"mes_path('/mnt/data1/nix/time/2024/05/30/mes').""
302,30700,46050,46,15350,"./scheme_c_convergence.pl,prolog_fact,296,"emoji_prime(2, '🔴'). emoji_prime(3, '🟠'). emoji_prime(5, '🟡').""
303,30800,46200,46,15400,"./scheme_c_convergence.pl,prolog_fact,297,"emoji_prime(7, '🟢'). emoji_prime(11, '🔵'). emoji_prime(13, '🟣').""
304,30900,46350,46,15450,"./scheme_c_convergence.pl,prolog_fact,298,"emoji_prime(17, '🟤'). emoji_prime(19, '⚫'). emoji_prime(23, '⚪').""
305,31000,46500,46,15500,"./scheme_c_convergence.pl,prolog_fact,299,"emoji_prime(29, '🔺'). emoji_prime(31, '🔻'). emoji_prime(41, '🔷').""
306,31100,46650,46,15550,"./scheme_c_convergence.pl,prolog_fact,300,"emoji_prime(71, '🍄').""
307,31200,46800,46,15600,"./self_aware_prolog.pl,prolog_fact,15,"idea_definition(factorial, [""
308,31300,46950,46,15650,"./self_aware_prolog.pl,prolog_fact,20,"idea_definition(fibonacci, [""
309,31400,47100,47,15700,"./self_aware_prolog.pl,prolog_fact,26,"idea_definition(quicksort, [""
310,31500,47250,47,15750,"./self_aware_prolog.pl,prolog_fact,295,"test_inputs(factorial, [5, 10, 15, 20]).""
311,31600,47400,47,15800,"./self_aware_prolog.pl,prolog_fact,296,"test_inputs(fibonacci, [5, 10, 15, 20]).""
312,31700,47550,47,15850,"./self_aware_prolog.pl,prolog_fact,313,"complexity_matches(o(n), o(n)).""
313,31800,47700,47,15900,"./self_aware_prolog.pl,prolog_fact,314,"complexity_matches(o(n_squared), o(n_squared)).""
314,31900,47850,47,15950,"./self_aware_prolog.pl,prolog_fact,318,"factorial(0, 1).""
315,32000,48000,48,16000,"./self_aware_prolog.pl,prolog_fact,322,"fib(0, 0).""
316,32100,48150,48,16050,"./self_aware_prolog.pl,prolog_fact,323,"fib(1, 1).""
317,32200,48300,48,16100,"./lmfdb_monster_model.pl,prolog_fact,45,"lmfdb_prime(2, genus(0), conductor(1)).    % Simplest""
318,32300,48450,48,16150,"./lmfdb_monster_model.pl,prolog_fact,46,"lmfdb_prime(3, genus(0), conductor(1)).""
319,32400,48600,48,16200,"./lmfdb_monster_model.pl,prolog_fact,47,"lmfdb_prime(5, genus(0), conductor(1)).""
320,32500,48750,48,16250,"./lmfdb_monster_model.pl,prolog_fact,48,"lmfdb_prime(7, genus(0), conductor(1)).""
321,32600,48900,48,16300,"./lmfdb_monster_model.pl,prolog_fact,49,"lmfdb_prime(11, genus(1), conductor(11)).  % First genus 1""
322,32700,49050,49,16350,"./lmfdb_monster_model.pl,prolog_fact,50,"lmfdb_prime(13, genus(0), conductor(13)).""
323,32800,49200,49,16400,"./lmfdb_monster_model.pl,prolog_fact,51,"lmfdb_prime(17, genus(1), conductor(17)).""
324,32900,49350,49,16450,"./lmfdb_monster_model.pl,prolog_fact,52,"lmfdb_prime(19, genus(1), conductor(19)).""
325,33000,49500,49,16500,"./lmfdb_monster_model.pl,prolog_fact,53,"lmfdb_prime(23, genus(2), conductor(23)).  % Genus 2""
326,33100,49650,49,16550,"./lmfdb_monster_model.pl,prolog_fact,54,"lmfdb_prime(29, genus(2), conductor(29)).""
327,33200,49800,49,16600,"./lmfdb_monster_model.pl,prolog_fact,55,"lmfdb_prime(31, genus(2), conductor(31)).""
328,33300,49950,49,16650,"./lmfdb_monster_model.pl,prolog_fact,56,"lmfdb_prime(41, genus(3), conductor(41)).  % Genus 3""
329,33400,50100,50,16700,"./lmfdb_monster_model.pl,prolog_fact,57,"lmfdb_prime(47, genus(3), conductor(47)).""
330,33500,50250,50,16750,"./lmfdb_monster_model.pl,prolog_fact,58,"lmfdb_prime(59, genus(4), conductor(59)).  % Genus 4""
331,33600,50400,50,16800,"./lmfdb_monster_model.pl,prolog_fact,59,"lmfdb_prime(71, genus(5), conductor(71)).  % Genus 5 - mushroom!""
332,33700,50550,50,16850,"./lmfdb_monster_model.pl,prolog_fact,62,"lmfdb_prime(37, genus(2), conductor(37)).""
333,33800,50700,50,16900,"./lmfdb_monster_model.pl,prolog_fact,63,"lmfdb_prime(43, genus(3), conductor(43)).""
334,33900,50850,50,16950,"./lmfdb_monster_model.pl,prolog_fact,64,"lmfdb_prime(53, genus(4), conductor(53)).""
335,34000,51000,51,17000,"./lmfdb_monster_model.pl,prolog_fact,65,"lmfdb_prime(61, genus(5), conductor(61)).""
336,34100,51150,51,17050,"./lmfdb_monster_model.pl,prolog_fact,66,"lmfdb_prime(67, genus(5), conductor(67)).""
337,34200,51300,51,17100,"./generate_literate_report.pl,prolog_fact,93,"literate_preamble('% -*- mode: noweb; noweb-code-mode: prolog-mode -*-""
338,34300,51450,51,17150,"./generate_literate_report.pl,prolog_fact,134,"monster_primes([~w]).""
339,34400,51600,51,17200,"./generate_literate_report.pl,prolog_fact,140,"correlation_coefficient(~3f).""
340,34500,51750,51,17250,"./generate_literate_report.pl,prolog_fact,157,"prime_feature(2, types, "int, bool, char").""
341,34600,51900,51,17300,"./generate_literate_report.pl,prolog_fact,160,"prime_feature(3, operators, "+, -, *, /").""
342,34700,52050,52,17350,"./generate_literate_report.pl,prolog_fact,163,"prime_feature(5, variables, "x, y, z").""
343,34800,52200,52,17400,"./generate_literate_report.pl,prolog_fact,166,"prime_feature(7, control, "if, while, for").""
344,34900,52350,52,17450,"./generate_literate_report.pl,prolog_fact,169,"prime_feature(11, functions, "def, fn, lambda").""
345,35000,52500,52,17500,"./generate_literate_report.pl,prolog_fact,172,"prime_feature(13, pointers, "*ptr, &ref").""
346,35100,52650,52,17550,"./generate_literate_report.pl,prolog_fact,175,"prime_feature(17, structures, "struct, record").""
347,35200,52800,52,17600,"./generate_literate_report.pl,prolog_fact,178,"prime_feature(19, arrays, "[], vector").""
348,35300,52950,52,17650,"./generate_literate_report.pl,prolog_fact,181,"prime_feature(23, memory, "malloc, free").""
349,35400,53100,53,17700,"./generate_literate_report.pl,prolog_fact,184,"prime_feature(29, optimization, "SSA, inlining").""
350,35500,53250,53,17750,"./generate_literate_report.pl,prolog_fact,187,"prime_feature(31, output, "print, write").""
351,35600,53400,53,17800,"./generate_literate_report.pl,prolog_fact,190,"prime_feature(41, machine, "assembly, linking").""
352,35700,53550,53,17850,"./generate_literate_report.pl,prolog_fact,193,"prime_feature(71, universe, "type theory").""
353,35800,53700,53,17900,"./generate_literate_report.pl,prolog_fact,208,"product([], 1).""
354,35900,53850,53,17950,"./generate_literate_report.pl,prolog_fact,275,"literate_executable_code('\section{Executable Verification}""
355,36000,54000,54,18000,"./generate_literate_report.pl,prolog_fact,310,"program_has_feature(test_program, types).""
356,36100,54150,54,18050,"./generate_literate_report.pl,prolog_fact,311,"program_has_feature(test_program, operators).""
357,36200,54300,54,18100,"./generate_literate_report.pl,prolog_fact,320,"literate_conclusion('\section{Conclusion}""
358,36300,54450,54,18150,"./full_spectrum_press.pl,prolog_fact,15,"bytes_to_audio_samples([], []).""
359,36400,54600,54,18200,"./full_spectrum_press.pl,prolog_fact,38,"bits_to_tones([], []).""
360,36500,54750,54,18250,"./full_spectrum_press.pl,prolog_fact,50,"generate_tone_samples(_, _, 0, []).""
361,36600,54900,54,18300,"./full_spectrum_press.pl,prolog_fact,212,"replicate() {""
362,36700,55050,55,18350,"./full_spectrum_press.pl,prolog_fact,219,"germinate() {""
363,36800,55200,55,18400,"./full_spectrum_press.pl,prolog_fact,250,"execute() {""
364,36900,55350,55,18450,"./prolog_unification_plan.pl,prolog_fact,230,"load_implementation(_, _, _, stub).""
365,37000,55500,55,18500,"./prolog_unification_plan.pl,prolog_fact,245,"assign_complexity(pred(Name/Arity, _), pred(Name/Arity, 3)).  % Default: compute""
366,37100,55650,55,18550,"./prolog_unification_plan.pl,prolog_fact,247,"generate_wrapper(Impl, pred(Name/Arity, C), wrapper(Impl, Name, Arity, C)).""
367,37200,55800,55,18600,"./prolog_unification_plan.pl,prolog_fact,275,"verify_oracle_agreement(_, valid).""
368,37300,55950,55,18650,"./self_tracing_fixed_point.pl,prolog_fact,83,"simulate_instructions([], State, State).""
369,37400,56100,56,18700,"./self_tracing_fixed_point.pl,prolog_fact,92,"execute_instruction(mov, State, State).""
370,37500,56250,56,18750,"./self_tracing_fixed_point.pl,prolog_fact,95,"execute_instruction(_, State, State). % Default: no change""
371,37600,56400,56,18800,"./self_tracing_fixed_point.pl,prolog_fact,151,"sable_instruction(add).""
372,37700,56550,56,18850,"./self_tracing_fixed_point.pl,prolog_fact,152,"sable_instruction(sub).""
373,37800,56700,56,18900,"./self_tracing_fixed_point.pl,prolog_fact,153,"sable_instruction(mov).""
374,37900,56850,56,18950,"./self_tracing_fixed_point.pl,prolog_fact,154,"sable_instruction(call).""
375,38000,57000,57,19000,"./self_tracing_fixed_point.pl,prolog_fact,155,"sable_instruction(ret).""
376,38100,57150,57,19050,"./self_tracing_fixed_point.pl,prolog_fact,156,"sable_instruction(jmp).""
377,38200,57300,57,19100,"./self_tracing_fixed_point.pl,prolog_fact,157,"sable_instruction(cmp).""
378,38300,57450,57,19150,"./self_tracing_fixed_point.pl,prolog_fact,158,"sable_instruction(push).""
379,38400,57600,57,19200,"./self_tracing_fixed_point.pl,prolog_fact,159,"sable_instruction(pop).""
380,38500,57750,57,19250,"./self_tracing_fixed_point.pl,prolog_fact,162,"non_sable_instruction(syscall).  % I/O""
381,38600,57900,57,19300,"./self_tracing_fixed_point.pl,prolog_fact,163,"non_sable_instruction(rdtsc).    % Time""
382,38700,58050,58,19350,"./self_tracing_fixed_point.pl,prolog_fact,164,"non_sable_instruction(rdrand).   % Random""
383,38800,58200,58,19400,"./opcode_matrix.pl,prolog_fact,13,"opcode_prime(mov, 2).      % Most fundamental""
384,38900,58350,58,19450,"./opcode_matrix.pl,prolog_fact,14,"opcode_prime(push, 3).""
385,39000,58500,58,19500,"./opcode_matrix.pl,prolog_fact,15,"opcode_prime(pop, 3).""
386,39100,58650,58,19550,"./opcode_matrix.pl,prolog_fact,16,"opcode_prime(add, 5).""
387,39200,58800,58,19600,"./opcode_matrix.pl,prolog_fact,17,"opcode_prime(sub, 5).""
388,39300,58950,58,19650,"./opcode_matrix.pl,prolog_fact,18,"opcode_prime(mul, 7).""
389,39400,59100,59,19700,"./opcode_matrix.pl,prolog_fact,19,"opcode_prime(imul, 7).""
390,39500,59250,59,19750,"./opcode_matrix.pl,prolog_fact,20,"opcode_prime(div, 7).""
391,39600,59400,59,19800,"./opcode_matrix.pl,prolog_fact,21,"opcode_prime(cmp, 11).""
392,39700,59550,59,19850,"./opcode_matrix.pl,prolog_fact,22,"opcode_prime(test, 11).""
393,39800,59700,59,19900,"./opcode_matrix.pl,prolog_fact,23,"opcode_prime(jmp, 13).""
394,39900,59850,59,19950,"./opcode_matrix.pl,prolog_fact,24,"opcode_prime(je, 13).""
395,40000,60000,60,20000,"./opcode_matrix.pl,prolog_fact,25,"opcode_prime(jne, 13).""
396,40100,60150,60,20050,"./opcode_matrix.pl,prolog_fact,26,"opcode_prime(jle, 13).""
397,40200,60300,60,20100,"./opcode_matrix.pl,prolog_fact,27,"opcode_prime(call, 17).""
398,40300,60450,60,20150,"./opcode_matrix.pl,prolog_fact,28,"opcode_prime(ret, 17).""
399,40400,60600,60,20200,"./opcode_matrix.pl,prolog_fact,29,"opcode_prime(lea, 19).""
400,40500,60750,60,20250,"./opcode_matrix.pl,prolog_fact,30,"opcode_prime(xor, 23).""
401,40600,60900,60,20300,"./opcode_matrix.pl,prolog_fact,31,"opcode_prime(and, 23).""
402,40700,61050,61,20350,"./opcode_matrix.pl,prolog_fact,32,"opcode_prime(or, 23).""
403,40800,61200,61,20400,"./opcode_matrix.pl,prolog_fact,33,"opcode_prime(shl, 29).""
404,40900,61350,61,20450,"./opcode_matrix.pl,prolog_fact,34,"opcode_prime(shr, 29).""
405,41000,61500,61,20500,"./opcode_matrix.pl,prolog_fact,35,"opcode_prime(nop, 31).""
406,41100,61650,61,20550,"./opcode_matrix.pl,prolog_fact,321,"emoji_prime(2, '🔴'). emoji_prime(3, '🟠'). emoji_prime(5, '🟡').""
407,41200,61800,61,20600,"./opcode_matrix.pl,prolog_fact,322,"emoji_prime(7, '🟢'). emoji_prime(11, '🔵'). emoji_prime(13, '🟣').""
408,41300,61950,61,20650,"./opcode_matrix.pl,prolog_fact,323,"emoji_prime(17, '🟤'). emoji_prime(19, '⚫'). emoji_prime(23, '⚪').""
409,41400,62100,62,20700,"./opcode_matrix.pl,prolog_fact,324,"emoji_prime(29, '🔺'). emoji_prime(31, '🔻'). emoji_prime(41, '🔷').""
410,41500,62250,62,20750,"./mes_in_prolog.pl,prolog_fact,12,"c_program(factorial, [""
411,41600,62400,62,20800,"./mes_in_prolog.pl,prolog_fact,22,"c_eval(c_int(N), _Env, N).""
412,41700,62550,62,20850,"./mes_in_prolog.pl,prolog_fact,52,"scheme_program(factorial, ""
413,41800,62700,62,20900,"./mes_in_prolog.pl,prolog_fact,60,"scheme_eval(s_num(N), _Env, N).""
414,41900,62850,62,20950,"./mes_in_prolog.pl,prolog_fact,75,"scheme_eval(s_lambda(Args, Body), Env, closure(Args, Body, Env)).""
415,42000,63000,63,21000,"./mes_in_prolog.pl,prolog_fact,94,"prime(2). prime(3). prime(5). prime(7). prime(11). prime(13).""
416,42100,63150,63,21050,"./mes_in_prolog.pl,prolog_fact,95,"prime(17). prime(19). prime(23). prime(29). prime(31).""
417,42200,63300,63,21100,"./mes_in_prolog.pl,prolog_fact,154,"(* C program in Coq *)""
418,42300,63450,63,21150,"./mes_in_prolog.pl,prolog_fact,161,"(* Scheme program in Coq *)""
419,42400,63600,63,21200,"./mes_in_prolog.pl,prolog_fact,168,"(* Unification: C ≅ Scheme *)""
420,42500,63750,63,21250,"./mes_in_prolog.pl,prolog_fact,177,"(* Theorem: Translation preserves semantics *)""
421,42600,63900,63,21300,"./compile_to_music.pl,prolog_fact,62,"sum_sines([], _, 0.0).""
422,42700,64050,64,21350,"./test_compiler_equivalence.pl,prolog_fact,13,"test_case(2, basic_types, 'int main() { int x = 1; return x; }').""
423,42800,64200,64,21400,"./test_compiler_equivalence.pl,prolog_fact,16,"test_case(3, operators, 'int main() { return 2 + 3 * 4; }').""
424,42900,64350,64,21450,"./test_compiler_equivalence.pl,prolog_fact,19,"test_case(5, variables, 'int main() { int x = 5; int y = x; return y; }').""
425,43000,64500,64,21500,"./test_compiler_equivalence.pl,prolog_fact,22,"test_case(7, control_flow, 'int main() { int x = 0; if (x) return 1; return 0; }').""
426,43100,64650,64,21550,"./test_compiler_equivalence.pl,prolog_fact,25,"test_case(11, functions, 'int f(int x) { return x + 1; } int main() { return f(5); }').""
427,43200,64800,64,21600,"./test_compiler_equivalence.pl,prolog_fact,28,"test_case(13, pointers, 'int main() { int x = 13; int *p = &x; return *p; }').""
428,43300,64950,64,21650,"./test_compiler_equivalence.pl,prolog_fact,31,"test_case(17, structs, 'struct S { int x; }; int main() { struct S s; s.x = 17; return s.x; }').""
429,43400,65100,65,21700,"./test_compiler_equivalence.pl,prolog_fact,34,"test_case(19, arrays, 'int main() { int a[3] = {1,2,3}; return a[1]; }').""
430,43500,65250,65,21750,"./test_compiler_equivalence.pl,prolog_fact,37,"test_case(23, memory, '#include <stdlib.h>nint main() { int *p = malloc(sizeof(int)); *p = 23; int r = *p; free(p); return r; }').""
431,43600,65400,65,21800,"./test_compiler_equivalence.pl,prolog_fact,40,"test_case(29, inline_asm, 'int main() { int x = 29; asm("" : "+r"(x)); return x; }').""
432,43700,65550,65,21850,"./test_compiler_equivalence.pl,prolog_fact,43,"test_case(31, preprocessor, '#define X 31nint main() { return X; }').""
433,43800,65700,65,21900,"./test_compiler_equivalence.pl,prolog_fact,46,"test_case(41, complex_expr, 'int main() { int x = 5; return x > 0 ? x * 2 : 0; }').""
434,43900,65850,65,21950,"./test_compiler_equivalence.pl,prolog_fact,86,"compiler_cmd(gcc, 'gcc').""
435,44000,66000,66,22000,"./test_compiler_equivalence.pl,prolog_fact,87,"compiler_cmd(clang, 'clang').""
436,44100,66150,66,22050,"./test_compiler_equivalence.pl,prolog_fact,88,"compiler_cmd(tcc, 'tcc').""
437,44200,66300,66,22100,"./test_compiler_equivalence.pl,prolog_fact,184,"all_same_result([]).""
438,44300,66450,66,22150,"./test_compiler_equivalence.pl,prolog_fact,185,"all_same_result([_]).""
439,44400,66600,66,22200,"./test_compiler_equivalence.pl,prolog_fact,249,"emoji_prime(2, '🔴'). emoji_prime(3, '🟠'). emoji_prime(5, '🟡').""
440,44500,66750,66,22250,"./test_compiler_equivalence.pl,prolog_fact,250,"emoji_prime(7, '🟢'). emoji_prime(11, '🔵'). emoji_prime(13, '🟣').""
441,44600,66900,66,22300,"./test_compiler_equivalence.pl,prolog_fact,251,"emoji_prime(17, '🟤'). emoji_prime(19, '⚫'). emoji_prime(23, '⚪').""
442,44700,67050,67,22350,"./test_compiler_equivalence.pl,prolog_fact,252,"emoji_prime(29, '🔺'). emoji_prime(31, '🔻'). emoji_prime(41, '🔷').""
443,44800,67200,67,22400,"./hecke_shard_to_71.pl,prolog_fact,9,"monster_primes([2,3,5,7,11,13,17,19,23,29,31,37,41,43,47,53,59,61,67,71]).""
444,44900,67350,67,22450,"./optimize_layout.pl,prolog_fact,40,"calculate_dissonance([], 0).""
445,45000,67500,67,22500,"./optimize_layout.pl,prolog_fact,41,"calculate_dissonance([_], 0).""
446,45100,67650,67,22550,"./universal_compiler.pl,prolog_fact,91,"compiler_passes(compcert, [""
447,45200,67800,67,22600,"./universal_compiler.pl,prolog_fact,114,"compiler_passes(gcc, [""
448,45300,67950,67,22650,"./universal_compiler.pl,prolog_fact,127,"compiler_passes(clang, [""
449,45400,68100,68,22700,"./universal_compiler.pl,prolog_fact,138,"compiler_passes(tcc, [""
450,45500,68250,68,22750,"./universal_compiler.pl,prolog_fact,145,"compiler_passes(mes, [""
451,45600,68400,68,22800,"./universal_compiler.pl,prolog_fact,182,"lmfdb_function(a, 'elliptic_curve.j_invariant').""
452,45700,68550,68,22850,"./universal_compiler.pl,prolog_fact,183,"lmfdb_function(aiii, 'modular_form.fourier_coeff').""
453,45800,68700,68,22900,"./universal_compiler.pl,prolog_fact,184,"lmfdb_function(ai, 'number_field.discriminant').""
454,45900,68850,68,22950,"./universal_compiler.pl,prolog_fact,185,"lmfdb_function(bdi, 'galois_group.order').""
455,46000,69000,69,23000,"./universal_compiler.pl,prolog_fact,186,"lmfdb_function(d, 'lattice.determinant').""
456,46100,69150,69,23050,"./universal_compiler.pl,prolog_fact,187,"lmfdb_function(diii, 'automorphic_form.eigenvalue').""
457,46200,69300,69,23100,"./universal_compiler.pl,prolog_fact,188,"lmfdb_function(aii, 'modular_curve.genus').""
458,46300,69450,69,23150,"./universal_compiler.pl,prolog_fact,189,"lmfdb_function(cii, 'l_function.zero').""
459,46400,69600,69,23200,"./universal_compiler.pl,prolog_fact,190,"lmfdb_function(c, 'elliptic_curve.conductor').""
460,46500,69750,69,23250,"./universal_compiler.pl,prolog_fact,191,"lmfdb_function(ci, 'number_field.class_number').""
461,46600,69900,69,23300,"./bisimulation.pl,prolog_fact,308,"nix_expression(Layer, expr(layer(Layer))).""
462,46700,70050,70,23350,"./bisimulation.pl,prolog_fact,309,"nix_eval(expr(layer(Layer)), path(Layer)).""
463,46800,70200,70,23400,"./bisimulation.pl,prolog_fact,310,"nix_store_contains(path(Layer), binary(Layer)).""
464,46900,70350,70,23450,"./bisimulation.pl,prolog_fact,311,"rust_program(Layer, code(Layer)).""
465,47000,70500,70,23500,"./bisimulation.pl,prolog_fact,312,"compile(code(Layer), binary(Layer)).""
466,47100,70650,70,23550,"./bisimulation.pl,prolog_fact,313,"execute(binary(Layer), result(Layer), 0).""
467,47200,70800,70,23600,"./bisimulation.pl,prolog_fact,314,"rust_binary(Layer, binary(Layer)).""
468,47300,70950,70,23650,"./bisimulation.pl,prolog_fact,315,"rust_can_execute(binary(_)).""
469,47400,71100,71,23700,"./bisimulation.pl,prolog_fact,316,"perf_measured_binary(Layer, binary(Layer)).""
470,47500,71250,71,23750,"./bisimulation.pl,prolog_fact,317,"perf_metadata(Layer, metadata(hash(Layer))).""
471,47600,71400,71,23800,"./bisimulation.pl,prolog_fact,318,"content_address(X, hash(X)).""
472,47700,71550,71,23850,"./bisimulation.pl,prolog_fact,320,"equivalent_output(result(L), result(L)).""
473,47800,71700,71,23900,"./consume_prolog_variants.pl,prolog_fact,12,"hunger_level(infinite).""
474,47900,71850,71,23950,"./consume_prolog_variants.pl,prolog_fact,115,"analyze_variant_predicates(_, [pred(unify, 0), pred(call, 3)]).""
475,48000,72000,72,24000,"./consume_prolog_variants.pl,prolog_fact,125,"find_orbit_for_complexity(0, orbit_0).""
476,48100,72150,72,24050,"./consume_prolog_variants.pl,prolog_fact,126,"find_orbit_for_complexity(1, orbit_1).""
477,48200,72300,72,24100,"./consume_prolog_variants.pl,prolog_fact,127,"find_orbit_for_complexity(2, orbit_2).""
478,48300,72450,72,24150,"./consume_prolog_variants.pl,prolog_fact,128,"find_orbit_for_complexity(3, orbit_3).""
479,48400,72600,72,24200,"./consume_prolog_variants.pl,prolog_fact,129,"find_orbit_for_complexity(7, orbit_7).""
480,48500,72750,72,24250,"./consume_prolog_variants.pl,prolog_fact,130,"find_orbit_for_complexity(11, orbit_11).""
481,48600,72900,72,24300,"./consume_prolog_variants.pl,prolog_fact,131,"find_orbit_for_complexity(13, orbit_13).""
482,48700,73050,73,24350,"./consume_prolog_variants.pl,prolog_fact,132,"find_orbit_for_complexity(17, orbit_17).""
483,48800,73200,73,24400,"./consume_prolog_variants.pl,prolog_fact,133,"find_orbit_for_complexity(19, orbit_19).""
484,48900,73350,73,24450,"./consume_prolog_variants.pl,prolog_fact,134,"find_orbit_for_complexity(_, orbit_0).""
485,49000,73500,73,24500,"./consume_prolog_variants.pl,prolog_fact,197,"orbit_id(orbit_0).""
486,49100,73650,73,24550,"./consume_prolog_variants.pl,prolog_fact,198,"orbit_id(orbit_1).""
487,49200,73800,73,24600,"./consume_prolog_variants.pl,prolog_fact,199,"orbit_id(orbit_2).""
488,49300,73950,73,24650,"./consume_prolog_variants.pl,prolog_fact,200,"orbit_id(orbit_3).""
489,49400,74100,74,24700,"./consume_prolog_variants.pl,prolog_fact,201,"orbit_id(orbit_7).""
490,49500,74250,74,24750,"./consume_prolog_variants.pl,prolog_fact,202,"orbit_id(orbit_11).""
491,49600,74400,74,24800,"./consume_prolog_variants.pl,prolog_fact,203,"orbit_id(orbit_13).""
492,49700,74550,74,24850,"./consume_prolog_variants.pl,prolog_fact,204,"orbit_id(orbit_17).""
493,49800,74700,74,24900,"./consume_prolog_variants.pl,prolog_fact,205,"orbit_id(orbit_19).""
494,49900,74850,74,24950,"./lift_ocaml_to_rust.pl,prolog_fact,69,"ocaml_to_rust(let_binding, let_statement).""
495,50000,75000,75,25000,"./lift_ocaml_to_rust.pl,prolog_fact,70,"ocaml_to_rust(match_expr, match_statement).""
496,50100,75150,75,25050,"./lift_ocaml_to_rust.pl,prolog_fact,71,"ocaml_to_rust(type_def, struct_def).""
497,50200,75300,75,25100,"./lift_ocaml_to_rust.pl,prolog_fact,72,"ocaml_to_rust(module, mod_declaration).""
498,50300,75450,75,25150,"./lift_ocaml_to_rust.pl,prolog_fact,73,"ocaml_to_rust(functor, trait_with_generics).""
499,50400,75600,75,25200,"./lift_ocaml_to_rust.pl,prolog_fact,74,"ocaml_to_rust(variant, enum_def).""
500,50500,75750,75,25250,"./lift_ocaml_to_rust.pl,prolog_fact,75,"ocaml_to_rust(record, struct_with_fields).""
501,50600,75900,75,25300,"./lift_ocaml_to_rust.pl,prolog_fact,76,"ocaml_to_rust(function, fn_declaration).""
502,50700,76050,76,25350,"./lift_ocaml_to_rust.pl,prolog_fact,106,"generate_rust_template(let_statement, 'let x = value;').""
503,50800,76200,76,25400,"./lift_ocaml_to_rust.pl,prolog_fact,107,"generate_rust_template(match_statement, 'match expr { ... }').""
504,50900,76350,76,25450,"./lift_ocaml_to_rust.pl,prolog_fact,108,"generate_rust_template(struct_def, 'struct Name { ... }').""
505,51000,76500,76,25500,"./lift_ocaml_to_rust.pl,prolog_fact,109,"generate_rust_template(mod_declaration, 'mod name { ... }').""
506,51100,76650,76,25550,"./lift_ocaml_to_rust.pl,prolog_fact,110,"generate_rust_template(enum_def, 'enum Name { ... }').""
507,51200,76800,76,25600,"./lift_ocaml_to_rust.pl,prolog_fact,111,"generate_rust_template(fn_declaration, 'fn name() { ... }').""
508,51300,76950,76,25650,"./lift_ocaml_to_rust.pl,prolog_fact,112,"generate_rust_template(_, 'todo!()').""
509,51400,77100,77,25700,"./lift_ocaml_to_rust.pl,prolog_fact,135,"emoji_prime(2, '🔴'). emoji_prime(3, '🟠'). emoji_prime(5, '🟡').""
510,51500,77250,77,25750,"./lift_ocaml_to_rust.pl,prolog_fact,136,"emoji_prime(7, '🟢'). emoji_prime(11, '🔵'). emoji_prime(13, '🟣').""
511,51600,77400,77,25800,"./lift_ocaml_to_rust.pl,prolog_fact,137,"emoji_prime(17, '🟤'). emoji_prime(19, '⚫').""
512,51700,77550,77,25850,"./c_syntax_harmonics.pl,prolog_fact,12,"c_syntax(int_type, 'int', 2, 0.500).""
513,51800,77700,77,25900,"./c_syntax_harmonics.pl,prolog_fact,13,"c_syntax(char_type, 'char', 2, 0.500).""
514,51900,77850,77,25950,"./c_syntax_harmonics.pl,prolog_fact,14,"c_syntax(void_type, 'void', 2, 0.500).""
515,52000,78000,78,26000,"./c_syntax_harmonics.pl,prolog_fact,15,"c_syntax(float_type, 'float', 2, 0.500).""
516,52100,78150,78,26050,"./c_syntax_harmonics.pl,prolog_fact,18,"c_syntax(add_op, 'a + b', 3, 0.333).""
517,52200,78300,78,26100,"./c_syntax_harmonics.pl,prolog_fact,19,"c_syntax(sub_op, 'a - b', 3, 0.333).""
518,52300,78450,78,26150,"./c_syntax_harmonics.pl,prolog_fact,20,"c_syntax(mul_op, 'a * b', 3, 0.333).""
519,52400,78600,78,26200,"./c_syntax_harmonics.pl,prolog_fact,21,"c_syntax(div_op, 'a / b', 3, 0.333).""
520,52500,78750,78,26250,"./c_syntax_harmonics.pl,prolog_fact,24,"c_syntax(var_decl, 'int x;', 5, 0.200).""
521,52600,78900,78,26300,"./c_syntax_harmonics.pl,prolog_fact,25,"c_syntax(var_assign, 'x = 1;', 5, 0.200).""
522,52700,79050,79,26350,"./c_syntax_harmonics.pl,prolog_fact,26,"c_syntax(var_read, 'y = x;', 5, 0.200).""
523,52800,79200,79,26400,"./c_syntax_harmonics.pl,prolog_fact,29,"c_syntax(if_stmt, 'if (x) { }', 7, 0.143).""
524,52900,79350,79,26450,"./c_syntax_harmonics.pl,prolog_fact,30,"c_syntax(while_loop, 'while (x) { }', 7, 0.143).""
525,53000,79500,79,26500,"./c_syntax_harmonics.pl,prolog_fact,31,"c_syntax(for_loop, 'for (;;) { }', 7, 0.143).""
526,53100,79650,79,26550,"./c_syntax_harmonics.pl,prolog_fact,32,"c_syntax(switch_stmt, 'switch (x) { }', 7, 0.143).""
527,53200,79800,79,26600,"./c_syntax_harmonics.pl,prolog_fact,35,"c_syntax(func_decl, 'int f(int x);', 11, 0.091).""
528,53300,79950,79,26650,"./c_syntax_harmonics.pl,prolog_fact,36,"c_syntax(func_call, 'f(x);', 11, 0.091).""
529,53400,80100,80,26700,"./c_syntax_harmonics.pl,prolog_fact,37,"c_syntax(return_stmt, 'return x;', 11, 0.091).""
530,53500,80250,80,26750,"./c_syntax_harmonics.pl,prolog_fact,40,"c_syntax(pointer_decl, 'int *p;', 13, 0.077).""
531,53600,80400,80,26800,"./c_syntax_harmonics.pl,prolog_fact,41,"c_syntax(pointer_deref, '*p', 13, 0.077).""
532,53700,80550,80,26850,"./c_syntax_harmonics.pl,prolog_fact,42,"c_syntax(address_of, '&x', 13, 0.077).""
533,53800,80700,80,26900,"./c_syntax_harmonics.pl,prolog_fact,45,"c_syntax(struct_decl, 'struct S { int x; };', 17, 0.059).""
534,53900,80850,80,26950,"./c_syntax_harmonics.pl,prolog_fact,46,"c_syntax(struct_access, 's.x', 17, 0.059).""
535,54000,81000,81,27000,"./c_syntax_harmonics.pl,prolog_fact,47,"c_syntax(struct_ptr, 's->x', 17, 0.059).""
536,54100,81150,81,27050,"./c_syntax_harmonics.pl,prolog_fact,50,"c_syntax(array_decl, 'int a[10];', 19, 0.053).""
537,54200,81300,81,27100,"./c_syntax_harmonics.pl,prolog_fact,51,"c_syntax(array_access, 'a[i]', 19, 0.053).""
538,54300,81450,81,27150,"./c_syntax_harmonics.pl,prolog_fact,52,"c_syntax(array_init, 'int a[] = {1,2,3};', 19, 0.053).""
539,54400,81600,81,27200,"./c_syntax_harmonics.pl,prolog_fact,55,"c_syntax(malloc_call, 'malloc(n)', 23, 0.043).""
540,54500,81750,81,27250,"./c_syntax_harmonics.pl,prolog_fact,56,"c_syntax(free_call, 'free(p)', 23, 0.043).""
541,54600,81900,81,27300,"./c_syntax_harmonics.pl,prolog_fact,57,"c_syntax(memcpy_call, 'memcpy(d,s,n)', 23, 0.043).""
542,54700,82050,82,27350,"./c_syntax_harmonics.pl,prolog_fact,60,"c_syntax(asm_stmt, 'asm("...")', 29, 0.034).""
543,54800,82200,82,27400,"./c_syntax_harmonics.pl,prolog_fact,63,"c_syntax(include_dir, '#include <stdio.h>', 31, 0.032).""
544,54900,82350,82,27450,"./c_syntax_harmonics.pl,prolog_fact,64,"c_syntax(define_macro, '#define X 1', 31, 0.032).""
545,55000,82500,82,27500,"./c_syntax_harmonics.pl,prolog_fact,67,"c_syntax(ternary_op, 'x ? y : z', 41, 0.024).""
546,55100,82650,82,27550,"./c_syntax_harmonics.pl,prolog_fact,68,"c_syntax(cast_expr, '(int)x', 41, 0.024).""
547,55200,82800,82,27600,"./c_syntax_harmonics.pl,prolog_fact,75,"syntax_to_proof(int_type, 'Clight_semantics', 'Types defined in Clight').""
548,55300,82950,82,27650,"./c_syntax_harmonics.pl,prolog_fact,76,"syntax_to_proof(char_type, 'Clight_semantics', 'Types defined in Clight').""
549,55400,83100,83,27700,"./c_syntax_harmonics.pl,prolog_fact,79,"syntax_to_proof(var_decl, 'SimplLocals_correct', 'Local variables simplified').""
550,55500,83250,83,27750,"./c_syntax_harmonics.pl,prolog_fact,80,"syntax_to_proof(var_assign, 'SimplLocals_correct', 'Assignments simplified').""
551,55600,83400,83,27800,"./c_syntax_harmonics.pl,prolog_fact,83,"syntax_to_proof(if_stmt, 'Cminorgen_correct', 'Control flow to Cminor').""
552,55700,83550,83,27850,"./c_syntax_harmonics.pl,prolog_fact,84,"syntax_to_proof(while_loop, 'Cminorgen_correct', 'Loops to Cminor').""
553,55800,83700,83,27900,"./c_syntax_harmonics.pl,prolog_fact,85,"syntax_to_proof(for_loop, 'Cminorgen_correct', 'Loops to Cminor').""
554,55900,83850,83,27950,"./c_syntax_harmonics.pl,prolog_fact,88,"syntax_to_proof(func_call, 'Selection_correct', 'Function calls selected').""
555,56000,84000,84,28000,"./c_syntax_harmonics.pl,prolog_fact,89,"syntax_to_proof(return_stmt, 'Selection_correct', 'Returns selected').""
556,56100,84150,84,28050,"./c_syntax_harmonics.pl,prolog_fact,92,"syntax_to_proof(pointer_deref, 'RTLgen_correct', 'Pointer ops to RTL').""
557,56200,84300,84,28100,"./c_syntax_harmonics.pl,prolog_fact,93,"syntax_to_proof(address_of, 'RTLgen_correct', 'Address ops to RTL').""
558,56300,84450,84,28150,"./c_syntax_harmonics.pl,prolog_fact,96,"syntax_to_proof(struct_access, 'Tailcall_correct', 'Struct access optimized').""
559,56400,84600,84,28200,"./c_syntax_harmonics.pl,prolog_fact,99,"syntax_to_proof(array_access, 'Inlining_correct', 'Array access inlined').""
560,56500,84750,84,28250,"./c_syntax_harmonics.pl,prolog_fact,102,"syntax_to_proof(malloc_call, 'Constprop_correct', 'Memory ops propagated').""
561,56600,84900,84,28300,"./c_syntax_harmonics.pl,prolog_fact,105,"syntax_to_proof(asm_stmt, 'Asmgen_correct', 'Inline asm generated').""
562,56700,85050,85,28350,"./c_syntax_harmonics.pl,prolog_fact,265,"emoji_prime(2, '🔴'). emoji_prime(3, '🟠'). emoji_prime(5, '🟡').""
563,56800,85200,85,28400,"./c_syntax_harmonics.pl,prolog_fact,266,"emoji_prime(7, '🟢'). emoji_prime(11, '🔵'). emoji_prime(13, '🟣').""
564,56900,85350,85,28450,"./c_syntax_harmonics.pl,prolog_fact,267,"emoji_prime(17, '🟤'). emoji_prime(19, '⚫'). emoji_prime(23, '⚪').""
565,57000,85500,85,28500,"./c_syntax_harmonics.pl,prolog_fact,268,"emoji_prime(29, '🔺'). emoji_prime(31, '🔻'). emoji_prime(41, '🔷').""
566,57100,85650,85,28550,"./hecke_pipeline.pl,prolog_fact,170,"product([], 1).""
567,57200,85800,85,28600,"./hecke_pipeline.pl,prolog_fact,187,"sum_sines([], _, 0.0).""
568,57300,85950,85,28650,"./generate_score.pl,prolog_fact,53,"prime_to_position(2, 0).""
569,57400,86100,86,28700,"./generate_score.pl,prolog_fact,54,"prime_to_position(3, 2).""
570,57500,86250,86,28750,"./generate_score.pl,prolog_fact,55,"prime_to_position(5, 4).""
571,57600,86400,86,28800,"./generate_score.pl,prolog_fact,56,"prime_to_position(7, 6).""
572,57700,86550,86,28850,"./generate_score.pl,prolog_fact,57,"prime_to_position(11, 8).""
573,57800,86700,86,28900,"./generate_score.pl,prolog_fact,58,"prime_to_position(13, 10).""
574,57900,86850,86,28950,"./generate_score.pl,prolog_fact,59,"prime_to_position(17, 12).""
575,58000,87000,87,29000,"./generate_score.pl,prolog_fact,60,"prime_to_position(19, 14).""
576,58100,87150,87,29050,"./generate_score.pl,prolog_fact,61,"prime_to_position(23, 16).""
577,58200,87300,87,29100,"./generate_score.pl,prolog_fact,62,"prime_to_position(29, 18).""
578,58300,87450,87,29150,"./generate_score.pl,prolog_fact,63,"prime_to_position(31, 20).""
579,58400,87600,87,29200,"./generate_score.pl,prolog_fact,64,"prime_to_position(_, 10).  % Default middle""
580,58500,87750,87,29250,"./godel_visit.pl,prolog_fact,217,"topology(genus_0, sphere, holes(0)).""
581,58600,87900,87,29300,"./godel_visit.pl,prolog_fact,220,"topology(genus_1, torus, holes(1)).""
582,58700,88050,88,29350,"./godel_visit.pl,prolog_fact,223,"topology(genus_2, double_torus, holes(2)).""
583,58800,88200,88,29400,"./godel_visit.pl,prolog_fact,226,"topology(genus_n(N), n_torus(N), holes(N)).""
584,58900,88350,88,29450,"./godel_visit.pl,prolog_fact,229,"holes_to_calls(holes(N), recursive_calls(N)).""
585,59000,88500,88,29500,"./godel_visit.pl,prolog_fact,263,"factorial(0, 1).""
586,59100,88650,88,29550,"./godel_visit.pl,prolog_fact,266,"predict_complexity(godel_statement, o(recursive)).""
587,59200,88800,88,29600,"./godel_visit.pl,prolog_fact,268,"extract_hole(statement_with_hole(Text, Hole), Hole, Text).""
588,59300,88950,88,29650,"./godel_visit.pl,prolog_fact,270,"fill_hole(Text, Value, statement(Text, Value)).""
589,59400,89100,89,29700,"./discover_projects.pl,prolog_fact,30,"known_project('coq-of-rust', 'Coq verification of Rust').""
590,59500,89250,89,29750,"./discover_projects.pl,prolog_fact,31,"known_project('zkprologml', 'This project').""
591,59600,89400,89,29800,"./discover_projects.pl,prolog_fact,32,"known_project('scryer-prolog', 'Native Rust Prolog').""
592,59700,89550,89,29850,"./discover_projects.pl,prolog_fact,35,"related_project('lean4', 100, 'Proof assistant - prime 61').""
593,59800,89700,89,29900,"./discover_projects.pl,prolog_fact,36,"related_project('rocq', 95, 'Coq renamed - formal verification').""
594,59900,89850,89,29950,"./discover_projects.pl,prolog_fact,37,"related_project('isabelle', 90, 'Proof assistant - HOL').""
595,60000,90000,90,30000,"./discover_projects.pl,prolog_fact,38,"related_project('agda', 85, 'Dependent types - proof assistant').""
596,60100,90150,90,30050,"./discover_projects.pl,prolog_fact,39,"related_project('idris2', 80, 'Dependent types - Rust-like').""
597,60200,90300,90,30100,"./discover_projects.pl,prolog_fact,40,"related_project('rust-analyzer', 95, 'Rust tooling - prime 2').""
598,60300,90450,90,30150,"./discover_projects.pl,prolog_fact,41,"related_project('rustc', 100, 'Rust compiler - foundation').""
599,60400,90600,90,30200,"./discover_projects.pl,prolog_fact,42,"related_project('llvm', 90, 'Compiler infrastructure - prime 41').""
600,60500,90750,90,30250,"./discover_projects.pl,prolog_fact,43,"related_project('gcc', 85, 'GNU compiler - bootstrap').""
601,60600,90900,90,30300,"./discover_projects.pl,prolog_fact,44,"related_project('mes', 100, 'Minimal bootstrap - prime 23').""
602,60700,91050,91,30350,"./discover_projects.pl,prolog_fact,45,"related_project('arrow-rs', 95, 'Parquet/Arrow in Rust').""
603,60800,91200,91,30400,"./discover_projects.pl,prolog_fact,46,"related_project('polars', 90, 'Fast dataframes - Rust').""
604,60900,91350,91,30450,"./discover_projects.pl,prolog_fact,47,"related_project('duckdb', 95, 'Analytical database - parquet').""
605,61000,91500,91,30500,"./discover_projects.pl,prolog_fact,48,"related_project('prolog-analyzer', 80, 'Prolog tooling - prime 71').""
606,61100,91650,91,30550,"./discover_projects.pl,prolog_fact,49,"related_project('tau-prolog', 75, 'Prolog in JavaScript').""
607,61200,91800,91,30600,"./discover_projects.pl,prolog_fact,50,"related_project('swi-prolog', 90, 'Standard Prolog').""
608,61300,91950,91,30650,"./discover_projects.pl,prolog_fact,51,"related_project('minizinc', 85, 'Constraint solving - prime 29').""
609,61400,92100,92,30700,"./discover_projects.pl,prolog_fact,52,"related_project('z3', 90, 'SMT solver - verification').""
610,61500,92250,92,30750,"./discover_projects.pl,prolog_fact,53,"related_project('cvc5', 85, 'SMT solver - verification').""
611,61600,92400,92,30800,"./discover_projects.pl,prolog_fact,54,"related_project('vampire', 80, 'Theorem prover').""
612,61700,92550,92,30850,"./discover_projects.pl,prolog_fact,79,"matches_prime_focus('lean4').""
613,61800,92700,92,30900,"./discover_projects.pl,prolog_fact,80,"matches_prime_focus('rust-analyzer').""
614,61900,92850,92,30950,"./discover_projects.pl,prolog_fact,81,"matches_prime_focus('rustc').""
615,62000,93000,93,31000,"./discover_projects.pl,prolog_fact,82,"matches_prime_focus('scryer-prolog').""
616,62100,93150,93,31050,"./discover_projects.pl,prolog_fact,83,"matches_prime_focus('swi-prolog').""
617,62200,93300,93,31100,"./discover_projects.pl,prolog_fact,84,"matches_prime_focus('minizinc').""
618,62300,93450,93,31150,"./ingest_mes.pl,prolog_fact,11,"mes_path('/mnt/data1/nix/time/2024/05/30/mes').""
619,62400,93600,93,31200,"./ingest_mes.pl,prolog_fact,266,"emoji_prime(2, '🔴'). emoji_prime(3, '🟠'). emoji_prime(5, '🟡').""
620,62500,93750,93,31250,"./ingest_mes.pl,prolog_fact,267,"emoji_prime(7, '🟢'). emoji_prime(11, '🔵'). emoji_prime(13, '🟣').""
621,62600,93900,93,31300,"./ingest_mes.pl,prolog_fact,268,"emoji_prime(17, '🟤'). emoji_prime(19, '⚫'). emoji_prime(23, '⚪').""
622,62700,94050,94,31350,"./ingest_mes.pl,prolog_fact,269,"emoji_prime(29, '🔺'). emoji_prime(31, '🔻'). emoji_prime(41, '🔷').""
623,62800,94200,94,31400,"./complexity_lattice_key.pl,prolog_fact,13,"complexity_lattice([0, 1, 2, 3, 5, 7, 11, 13, 17, 19, 23, 29, 31, 37, 41, 43, 47, 53, 59, 61, 67, 71]).""
624,62900,94350,94,31450,"./complexity_lattice_key.pl,prolog_fact,16,"complexity_rank(0, 0).""
625,63000,94500,94,31500,"./complexity_lattice_key.pl,prolog_fact,17,"complexity_rank(1, 1).""
626,63100,94650,94,31550,"./complexity_lattice_key.pl,prolog_fact,18,"complexity_rank(2, 2).""
627,63200,94800,94,31600,"./complexity_lattice_key.pl,prolog_fact,19,"complexity_rank(3, 3).""
628,63300,94950,94,31650,"./complexity_lattice_key.pl,prolog_fact,20,"complexity_rank(5, 4).""
629,63400,95100,95,31700,"./complexity_lattice_key.pl,prolog_fact,21,"complexity_rank(7, 5).""
630,63500,95250,95,31750,"./complexity_lattice_key.pl,prolog_fact,22,"complexity_rank(11, 6).""
631,63600,95400,95,31800,"./complexity_lattice_key.pl,prolog_fact,23,"complexity_rank(13, 7).""
632,63700,95550,95,31850,"./complexity_lattice_key.pl,prolog_fact,24,"complexity_rank(17, 8).""
633,63800,95700,95,31900,"./complexity_lattice_key.pl,prolog_fact,25,"complexity_rank(19, 9).""
634,63900,95850,95,31950,"./complexity_lattice_key.pl,prolog_fact,26,"complexity_rank(23, 10).""
635,64000,96000,96,32000,"./complexity_lattice_key.pl,prolog_fact,27,"complexity_rank(29, 11).""
636,64100,96150,96,32050,"./complexity_lattice_key.pl,prolog_fact,28,"complexity_rank(31, 12).""
637,64200,96300,96,32100,"./complexity_lattice_key.pl,prolog_fact,29,"complexity_rank(37, 13).""
638,64300,96450,96,32150,"./complexity_lattice_key.pl,prolog_fact,30,"complexity_rank(41, 14).""
639,64400,96600,96,32200,"./complexity_lattice_key.pl,prolog_fact,31,"complexity_rank(43, 15).""
640,64500,96750,96,32250,"./complexity_lattice_key.pl,prolog_fact,32,"complexity_rank(47, 16).""
641,64600,96900,96,32300,"./complexity_lattice_key.pl,prolog_fact,33,"complexity_rank(53, 17).""
642,64700,97050,97,32350,"./complexity_lattice_key.pl,prolog_fact,34,"complexity_rank(59, 18).""
643,64800,97200,97,32400,"./complexity_lattice_key.pl,prolog_fact,35,"complexity_rank(61, 19).""
644,64900,97350,97,32450,"./complexity_lattice_key.pl,prolog_fact,36,"complexity_rank(67, 20).""
645,65000,97500,97,32500,"./complexity_lattice_key.pl,prolog_fact,37,"complexity_rank(71, 21).""
646,65100,97650,97,32550,"./complexity_lattice_key.pl,prolog_fact,167,"entity_type_name(operation(Op), operation, Op).""
647,65200,97800,97,32600,"./complexity_lattice_key.pl,prolog_fact,168,"entity_type_name(dataset(D, V), dataset, D-V).""
648,65300,97950,97,32650,"./complexity_lattice_key.pl,prolog_fact,169,"entity_type_name(repo(R, P), repo, R-P).""
649,65400,98100,98,32700,"./complexity_lattice_key.pl,prolog_fact,170,"entity_type_name(prime(P), prime, P).""
650,65500,98250,98,32750,"./map_gcc_tree.pl,prolog_fact,11,"gcc_tree_path('/mnt/data1/2023/04/27/introspector/test/gcc-10-10.4.0').""
651,65600,98400,98,32800,"./map_gcc_tree.pl,prolog_fact,18,"tree_node('INTEGER_TYPE', 'Integer type node', 2).""
652,65700,98550,98,32850,"./map_gcc_tree.pl,prolog_fact,19,"tree_node('REAL_TYPE', 'Floating point type', 2).""
653,65800,98700,98,32900,"./map_gcc_tree.pl,prolog_fact,20,"tree_node('VOID_TYPE', 'Void type', 2).""
654,65900,98850,98,32950,"./map_gcc_tree.pl,prolog_fact,21,"tree_node('BOOLEAN_TYPE', 'Boolean type', 2).""
655,66000,99000,99,33000,"./map_gcc_tree.pl,prolog_fact,24,"tree_node('PLUS_EXPR', 'Addition expression', 3).""
656,66100,99150,99,33050,"./map_gcc_tree.pl,prolog_fact,25,"tree_node('MINUS_EXPR', 'Subtraction expression', 3).""
657,66200,99300,99,33100,"./map_gcc_tree.pl,prolog_fact,26,"tree_node('MULT_EXPR', 'Multiplication expression', 3).""
658,66300,99450,99,33150,"./map_gcc_tree.pl,prolog_fact,27,"tree_node('TRUNC_DIV_EXPR', 'Division expression', 3).""
659,66400,99600,99,33200,"./map_gcc_tree.pl,prolog_fact,30,"tree_node('VAR_DECL', 'Variable declaration', 5).""
660,66500,99750,99,33250,"./map_gcc_tree.pl,prolog_fact,31,"tree_node('PARM_DECL', 'Parameter declaration', 5).""
661,66600,99900,99,33300,"./map_gcc_tree.pl,prolog_fact,32,"tree_node('CONST_DECL', 'Constant declaration', 5).""
662,66700,100050,100,33350,"./map_gcc_tree.pl,prolog_fact,33,"tree_node('RESULT_DECL', 'Result declaration', 5).""
663,66800,100200,100,33400,"./map_gcc_tree.pl,prolog_fact,36,"tree_node('COND_EXPR', 'Conditional expression', 7).""
664,66900,100350,100,33450,"./map_gcc_tree.pl,prolog_fact,37,"tree_node('SWITCH_EXPR', 'Switch statement', 7).""
665,67000,100500,100,33500,"./map_gcc_tree.pl,prolog_fact,38,"tree_node('GOTO_EXPR', 'Goto statement', 7).""
666,67100,100650,100,33550,"./map_gcc_tree.pl,prolog_fact,39,"tree_node('LABEL_EXPR', 'Label', 7).""
667,67200,100800,100,33600,"./map_gcc_tree.pl,prolog_fact,42,"tree_node('FUNCTION_DECL', 'Function declaration', 11).""
668,67300,100950,100,33650,"./map_gcc_tree.pl,prolog_fact,43,"tree_node('CALL_EXPR', 'Function call', 11).""
669,67400,101100,101,33700,"./map_gcc_tree.pl,prolog_fact,44,"tree_node('RETURN_EXPR', 'Return statement', 11).""
670,67500,101250,101,33750,"./map_gcc_tree.pl,prolog_fact,45,"tree_node('FUNCTION_TYPE', 'Function type', 11).""
671,67600,101400,101,33800,"./map_gcc_tree.pl,prolog_fact,48,"tree_node('POINTER_TYPE', 'Pointer type', 13).""
672,67700,101550,101,33850,"./map_gcc_tree.pl,prolog_fact,49,"tree_node('REFERENCE_TYPE', 'Reference type', 13).""
673,67800,101700,101,33900,"./map_gcc_tree.pl,prolog_fact,50,"tree_node('ADDR_EXPR', 'Address-of expression', 13).""
674,67900,101850,101,33950,"./map_gcc_tree.pl,prolog_fact,51,"tree_node('INDIRECT_REF', 'Pointer dereference', 13).""
675,68000,102000,102,34000,"./map_gcc_tree.pl,prolog_fact,54,"tree_node('RECORD_TYPE', 'Struct type', 17).""
676,68100,102150,102,34050,"./map_gcc_tree.pl,prolog_fact,55,"tree_node('UNION_TYPE', 'Union type', 17).""
677,68200,102300,102,34100,"./map_gcc_tree.pl,prolog_fact,56,"tree_node('FIELD_DECL', 'Field declaration', 17).""
678,68300,102450,102,34150,"./map_gcc_tree.pl,prolog_fact,57,"tree_node('COMPONENT_REF', 'Member access', 17).""
679,68400,102600,102,34200,"./map_gcc_tree.pl,prolog_fact,60,"tree_node('ARRAY_TYPE', 'Array type', 19).""
680,68500,102750,102,34250,"./map_gcc_tree.pl,prolog_fact,61,"tree_node('ARRAY_REF', 'Array subscript', 19).""
681,68600,102900,102,34300,"./map_gcc_tree.pl,prolog_fact,62,"tree_node('ARRAY_RANGE_REF', 'Array range', 19).""
682,68700,103050,103,34350,"./map_gcc_tree.pl,prolog_fact,65,"tree_node('CONSTRUCTOR', 'Aggregate constructor', 23).""
683,68800,103200,103,34400,"./map_gcc_tree.pl,prolog_fact,66,"tree_node('TARGET_MEM_REF', 'Memory reference', 23).""
684,68900,103350,103,34450,"./map_gcc_tree.pl,prolog_fact,67,"tree_node('MEM_REF', 'Memory reference', 23).""
685,69000,103500,103,34500,"./map_gcc_tree.pl,prolog_fact,70,"tree_node('SSA_NAME', 'SSA variable', 29).""
686,69100,103650,103,34550,"./map_gcc_tree.pl,prolog_fact,71,"tree_node('PHI_NODE', 'PHI node', 29).""
687,69200,103800,103,34600,"./map_gcc_tree.pl,prolog_fact,72,"tree_node('GIMPLE_ASSIGN', 'GIMPLE assignment', 29).""
688,69300,103950,103,34650,"./map_gcc_tree.pl,prolog_fact,75,"tree_node('STATEMENT_LIST', 'Statement list', 31).""
689,69400,104100,104,34700,"./map_gcc_tree.pl,prolog_fact,76,"tree_node('BIND_EXPR', 'Binding expression', 31).""
690,69500,104250,104,34750,"./map_gcc_tree.pl,prolog_fact,77,"tree_node('COMPOUND_EXPR', 'Compound expression', 31).""
691,69600,104400,104,34800,"./map_gcc_tree.pl,prolog_fact,80,"tree_node('ASM_EXPR', 'Inline assembly', 41).""
692,69700,104550,104,34850,"./map_gcc_tree.pl,prolog_fact,81,"tree_node('TARGET_EXPR', 'Target expression', 41).""
693,69800,104700,104,34900,"./map_gcc_tree.pl,prolog_fact,280,"emoji_prime(2, '🔴'). emoji_prime(3, '🟠'). emoji_prime(5, '🟡').""
694,69900,104850,104,34950,"./map_gcc_tree.pl,prolog_fact,281,"emoji_prime(7, '🟢'). emoji_prime(11, '🔵'). emoji_prime(13, '🟣').""
695,70000,105000,105,35000,"./map_gcc_tree.pl,prolog_fact,282,"emoji_prime(17, '🟤'). emoji_prime(19, '⚫'). emoji_prime(23, '⚪').""
696,70100,105150,105,35050,"./map_gcc_tree.pl,prolog_fact,283,"emoji_prime(29, '🔺'). emoji_prime(31, '🔻'). emoji_prime(41, '🔷').""
697,70200,105300,105,35100,"./solana_predictor.pl,prolog_fact,13,"solana_rpc('https://api.mainnet-beta.solana.com').""
698,70300,105450,105,35150,"./grand_unification.pl,prolog_fact,9,"trisimulation(prolog, llm_cpu, llm_gpu).""
699,70400,105600,105,35200,"./grand_unification.pl,prolog_fact,12,"proof_method(trisimulation, physical, perf_traces).""
700,70500,105750,105,35250,"./grand_unification.pl,prolog_fact,13,"proof_method(trisimulation, logical, minizinc_arrows).""
701,70600,105900,105,35300,"./grand_unification.pl,prolog_fact,14,"proof_method(trisimulation, type_theoretic, hott_equivalence).""
702,70700,106050,106,35350,"./grand_unification.pl,prolog_fact,21,"lifts_to(prolog, lean4, minizinc_arrows).""
703,70800,106200,106,35400,"./grand_unification.pl,prolog_fact,22,"lifts_to(lean4, haskell, tactics_as_functions).""
704,70900,106350,106,35450,"./grand_unification.pl,prolog_fact,23,"lifts_to(haskell, metacoq, ghc_core).""
705,71000,106500,106,35500,"./grand_unification.pl,prolog_fact,24,"lifts_to(metacoq, unimath, reflection).""
706,71100,106650,106,35550,"./grand_unification.pl,prolog_fact,25,"lifts_to(unimath, prolog, extraction).""
707,71200,106800,106,35600,"./grand_unification.pl,prolog_fact,28,"circle([prolog, lean4, haskell, metacoq, unimath, prolog]).""
708,71300,106950,106,35650,"./grand_unification.pl,prolog_fact,59,"system(prolog, logic, 'SWI-Prolog').""
709,71400,107100,107,35700,"./grand_unification.pl,prolog_fact,60,"system(lean4, type_theory, 'Lean 4').""
710,71500,107250,107,35750,"./grand_unification.pl,prolog_fact,61,"system(haskell, functional, 'GHC').""
711,71600,107400,107,35800,"./grand_unification.pl,prolog_fact,62,"system(metacoq, reflective, 'MetaCoq').""
712,71700,107550,107,35850,"./grand_unification.pl,prolog_fact,63,"system(unimath, hott, 'UniMath').""
713,71800,107700,107,35900,"./grand_unification.pl,prolog_fact,64,"system(lmfdb, database, 'LMFDB').""
714,71900,107850,107,35950,"./grand_unification.pl,prolog_fact,67,"system(coq, type_theory, 'Coq').""
715,72000,108000,108,36000,"./grand_unification.pl,prolog_fact,68,"system(isabelle, hol, 'Isabelle/HOL').""
716,72100,108150,108,36050,"./grand_unification.pl,prolog_fact,69,"system(agda, type_theory, 'Agda').""
717,72200,108300,108,36100,"./grand_unification.pl,prolog_fact,210,"view(prolog, logic).""
718,72300,108450,108,36150,"./grand_unification.pl,prolog_fact,211,"view(lean4, type_theory).""
719,72400,108600,108,36200,"./grand_unification.pl,prolog_fact,212,"view(haskell, functional).""
720,72500,108750,108,36250,"./grand_unification.pl,prolog_fact,213,"view(metacoq, reflective).""
721,72600,108900,108,36300,"./grand_unification.pl,prolog_fact,214,"view(unimath, hott).""
722,72700,109050,109,36350,"./grand_unification.pl,prolog_fact,215,"view(lmfdb, computational).""
723,72800,109200,109,36400,"./grand_unification.pl,prolog_fact,244,"system_to_hott(prolog, prolog_to_hott).""
724,72900,109350,109,36450,"./grand_unification.pl,prolog_fact,245,"system_to_hott(lean4, lean4_to_hott).""
725,73000,109500,109,36500,"./grand_unification.pl,prolog_fact,246,"hott_to_system(prolog, hott_to_prolog).""
726,73100,109650,109,36550,"./grand_unification.pl,prolog_fact,247,"hott_to_system(lean4, hott_to_lean4).""
727,73200,109800,109,36600,"./grand_unification.pl,prolog_fact,249,"prolog_to_hott(T, hott(T)).""
728,73300,109950,109,36650,"./grand_unification.pl,prolog_fact,251,"hott_to_prolog(hott(T), T).""
729,73400,110100,110,36700,"./grand_unification.pl,prolog_fact,253,"hott_translate(H, H).""
730,73500,110250,110,36750,"./grand_unification.pl,prolog_fact,255,"lmfdb_query(_, _, []).""
731,73600,110400,110,36800,"./grand_unification.pl,prolog_fact,256,"results_to_facts([], []).""
732,73700,110550,110,36850,"./grand_unification.pl,prolog_fact,258,"extract_coq([]).""
733,73800,110700,110,36900,"./grand_unification.pl,prolog_fact,259,"extract_isabelle([]).""
734,73900,110850,110,36950,"./grand_unification.pl,prolog_fact,260,"extract_agda([]).""
735,74000,111000,111,37000,"./grand_unification.pl,prolog_fact,261,"extract_unimath([]).""
736,74100,111150,111,37050,"./grand_unification.pl,prolog_fact,262,"extract_lmfdb([]).""
737,74200,111300,111,37100,"./grand_unification.pl,prolog_fact,265,"distribute_to_coq(_).""
738,74300,111450,111,37150,"./grand_unification.pl,prolog_fact,266,"distribute_to_isabelle(_).""
739,74400,111600,111,37200,"./grand_unification.pl,prolog_fact,267,"distribute_to_agda(_).""
740,74500,111750,111,37250,"./grand_unification.pl,prolog_fact,268,"distribute_to_unimath(_).""
741,74600,111900,111,37300,"./grand_unification.pl,prolog_fact,269,"distribute_to_lmfdb(_).""
742,74700,112050,112,37350,"./grand_unification.pl,prolog_fact,271,"extract_coq_stdlib([]).""
743,74800,112200,112,37400,"./grand_unification.pl,prolog_fact,272,"extract_lmfdb_all([]).""
744,74900,112350,112,37450,"./grand_unification.pl,prolog_fact,273,"save_unimath_theorem(_).""
745,75000,112500,112,37500,"./grand_unification.pl,prolog_fact,274,"metacoq_extract(_, ast).""
746,75100,112650,112,37550,"./grand_unification.pl,prolog_fact,275,"translate_ast(AST, _, _, AST).""
747,75200,112800,112,37600,"./grand_unification.pl,prolog_fact,276,"verify_bisimulation(_, _).""
748,75300,112950,112,37650,"./monster_complexity_proof.pl,prolog_fact,13,"monster_prime(2).""
749,75400,113100,113,37700,"./monster_complexity_proof.pl,prolog_fact,14,"monster_prime(3).""
750,75500,113250,113,37750,"./monster_complexity_proof.pl,prolog_fact,15,"monster_prime(5).""
751,75600,113400,113,37800,"./monster_complexity_proof.pl,prolog_fact,16,"monster_prime(7).""
752,75700,113550,113,37850,"./monster_complexity_proof.pl,prolog_fact,17,"monster_prime(11).""
753,75800,113700,113,37900,"./monster_complexity_proof.pl,prolog_fact,18,"monster_prime(13).""
754,75900,113850,113,37950,"./monster_complexity_proof.pl,prolog_fact,19,"monster_prime(17).""
755,76000,114000,114,38000,"./monster_complexity_proof.pl,prolog_fact,20,"monster_prime(19).""
756,76100,114150,114,38050,"./monster_complexity_proof.pl,prolog_fact,21,"monster_prime(23).""
757,76200,114300,114,38100,"./monster_complexity_proof.pl,prolog_fact,22,"monster_prime(29).""
758,76300,114450,114,38150,"./monster_complexity_proof.pl,prolog_fact,23,"monster_prime(31).""
759,76400,114600,114,38200,"./monster_complexity_proof.pl,prolog_fact,24,"monster_prime(41).""
760,76500,114750,114,38250,"./monster_complexity_proof.pl,prolog_fact,25,"monster_prime(47).""
761,76600,114900,114,38300,"./monster_complexity_proof.pl,prolog_fact,26,"monster_prime(59).""
762,76700,115050,115,38350,"./monster_complexity_proof.pl,prolog_fact,27,"monster_prime(71).""
763,76800,115200,115,38400,"./monster_complexity_proof.pl,prolog_fact,30,"non_monster_prime(37).""
764,76900,115350,115,38450,"./monster_complexity_proof.pl,prolog_fact,31,"non_monster_prime(43).""
765,77000,115500,115,38500,"./monster_complexity_proof.pl,prolog_fact,32,"non_monster_prime(53).""
766,77100,115650,115,38550,"./monster_complexity_proof.pl,prolog_fact,33,"non_monster_prime(61).""
767,77200,115800,115,38600,"./monster_complexity_proof.pl,prolog_fact,34,"non_monster_prime(67).""
768,77300,115950,115,38650,"./monster_complexity_proof.pl,prolog_fact,82,"prime_lattice([2,3,5,7,11,13,17,19,23,29,31,37,41,43,47,53,59,61,67,71]).""
769,77400,116100,116,38700,"./monster_complexity_proof.pl,prolog_fact,84,"emoji_prime(2, '🔴'). emoji_prime(3, '🟠'). emoji_prime(5, '🟡').""
770,77500,116250,116,38750,"./monster_complexity_proof.pl,prolog_fact,85,"emoji_prime(7, '🟢'). emoji_prime(11, '🔵'). emoji_prime(13, '🟣').""
771,77600,116400,116,38800,"./monster_complexity_proof.pl,prolog_fact,86,"emoji_prime(17, '🟤'). emoji_prime(19, '⚫'). emoji_prime(23, '⚪').""
772,77700,116550,116,38850,"./monster_complexity_proof.pl,prolog_fact,87,"emoji_prime(29, '🔺'). emoji_prime(31, '🔻'). emoji_prime(37, '🔶').""
773,77800,116700,116,38900,"./monster_complexity_proof.pl,prolog_fact,88,"emoji_prime(41, '🔷'). emoji_prime(43, '🔸'). emoji_prime(47, '🔹').""
774,77900,116850,116,38950,"./monster_complexity_proof.pl,prolog_fact,89,"emoji_prime(53, '⭐'). emoji_prime(59, '✨'). emoji_prime(61, '💫').""
775,78000,117000,117,39000,"./monster_complexity_proof.pl,prolog_fact,90,"emoji_prime(67, '🌟'). emoji_prime(71, '🍄').""
776,78100,117150,117,39050,"./register_instruction_profiler.pl,prolog_fact,12,"register_prime(rax, 2).   % Return value""
777,78200,117300,117,39100,"./register_instruction_profiler.pl,prolog_fact,13,"register_prime(rbx, 3).   % Base""
778,78300,117450,117,39150,"./register_instruction_profiler.pl,prolog_fact,14,"register_prime(rcx, 5).   % Counter""
779,78400,117600,117,39200,"./register_instruction_profiler.pl,prolog_fact,15,"register_prime(rdx, 7).   % Data""
780,78500,117750,117,39250,"./register_instruction_profiler.pl,prolog_fact,16,"register_prime(rsi, 11).  % Source index""
781,78600,117900,117,39300,"./register_instruction_profiler.pl,prolog_fact,17,"register_prime(rdi, 13).  % Destination index""
782,78700,118050,118,39350,"./register_instruction_profiler.pl,prolog_fact,18,"register_prime(rbp, 17).  % Base pointer""
783,78800,118200,118,39400,"./register_instruction_profiler.pl,prolog_fact,19,"register_prime(rsp, 19).  % Stack pointer""
784,78900,118350,118,39450,"./register_instruction_profiler.pl,prolog_fact,20,"register_prime(r8, 23).""
785,79000,118500,118,39500,"./register_instruction_profiler.pl,prolog_fact,21,"register_prime(r9, 29).""
786,79100,118650,118,39550,"./register_instruction_profiler.pl,prolog_fact,22,"register_prime(r10, 31).""
787,79200,118800,118,39600,"./register_instruction_profiler.pl,prolog_fact,23,"register_prime(r11, 37).""
788,79300,118950,118,39650,"./register_instruction_profiler.pl,prolog_fact,24,"register_prime(r12, 41).""
789,79400,119100,119,39700,"./register_instruction_profiler.pl,prolog_fact,25,"register_prime(r13, 43).""
790,79500,119250,119,39750,"./register_instruction_profiler.pl,prolog_fact,26,"register_prime(r14, 47).""
791,79600,119400,119,39800,"./register_instruction_profiler.pl,prolog_fact,27,"register_prime(r15, 53).""
792,79700,119550,119,39850,"./register_instruction_profiler.pl,prolog_fact,33,"instruction_prime(mov, 2).    % Data movement""
793,79800,119700,119,39900,"./register_instruction_profiler.pl,prolog_fact,34,"instruction_prime(add, 3).    % Arithmetic""
794,79900,119850,119,39950,"./register_instruction_profiler.pl,prolog_fact,35,"instruction_prime(sub, 3).""
795,80000,120000,120,40000,"./register_instruction_profiler.pl,prolog_fact,36,"instruction_prime(mul, 5).""
796,80100,120150,120,40050,"./register_instruction_profiler.pl,prolog_fact,37,"instruction_prime(div, 5).""
797,80200,120300,120,40100,"./register_instruction_profiler.pl,prolog_fact,38,"instruction_prime(cmp, 7).    % Comparison""
798,80300,120450,120,40150,"./register_instruction_profiler.pl,prolog_fact,39,"instruction_prime(test, 7).""
799,80400,120600,120,40200,"./register_instruction_profiler.pl,prolog_fact,40,"instruction_prime(jmp, 11).   % Control flow""
800,80500,120750,120,40250,"./register_instruction_profiler.pl,prolog_fact,41,"instruction_prime(je, 11).""
801,80600,120900,120,40300,"./register_instruction_profiler.pl,prolog_fact,42,"instruction_prime(jne, 11).""
802,80700,121050,121,40350,"./register_instruction_profiler.pl,prolog_fact,43,"instruction_prime(call, 13).  % Function calls""
803,80800,121200,121,40400,"./register_instruction_profiler.pl,prolog_fact,44,"instruction_prime(ret, 13).""
804,80900,121350,121,40450,"./register_instruction_profiler.pl,prolog_fact,45,"instruction_prime(push, 17).  % Stack operations""
805,81000,121500,121,40500,"./register_instruction_profiler.pl,prolog_fact,46,"instruction_prime(pop, 17).""
806,81100,121650,121,40550,"./register_instruction_profiler.pl,prolog_fact,47,"instruction_prime(lea, 19).   % Address calculation""
807,81200,121800,121,40600,"./register_instruction_profiler.pl,prolog_fact,48,"instruction_prime(xor, 23).   % Bitwise""
808,81300,121950,121,40650,"./register_instruction_profiler.pl,prolog_fact,49,"instruction_prime(and, 23).""
809,81400,122100,122,40700,"./register_instruction_profiler.pl,prolog_fact,50,"instruction_prime(or, 23).""
810,81500,122250,122,40750,"./register_instruction_profiler.pl,prolog_fact,133,"calculate_godel_number([], 1).""
811,81600,122400,122,40800,"./galois_tower_unification.pl,prolog_fact,14,"invariant_proven(binary, syntax, 'Binary ↔ Syntax via syn parser').""
812,81700,122550,122,40850,"./galois_tower_unification.pl,prolog_fact,15,"invariant_proven(syntax, semantics, 'Syntax ↔ Semantics via HIR').""
813,81800,122700,122,40900,"./galois_tower_unification.pl,prolog_fact,16,"invariant_proven(semantics, runtime, 'Semantics ↔ Runtime via MIR').""
814,81900,122850,122,40950,"./galois_tower_unification.pl,prolog_fact,17,"invariant_proven(runtime, markov, 'Runtime ↔ Markov Model').""
815,82000,123000,123,41000,"./galois_tower_unification.pl,prolog_fact,41,"eigenvector_fixed_point(""
816,82100,123150,123,41050,"./galois_tower_unification.pl,prolog_fact,51,"galois_extension(base_field, binary_field, 'F₀ → F₁: Binary operations').""
817,82200,123300,123,41100,"./galois_tower_unification.pl,prolog_fact,52,"galois_extension(binary_field, syntax_field, 'F₁ → F₂: Syntax operations').""
818,82300,123450,123,41150,"./galois_tower_unification.pl,prolog_fact,53,"galois_extension(syntax_field, semantic_field, 'F₂ → F₃: Semantic operations').""
819,82400,123600,123,41200,"./galois_tower_unification.pl,prolog_fact,54,"galois_extension(semantic_field, runtime_field, 'F₃ → F₄: Runtime operations').""
820,82500,123750,123,41250,"./galois_tower_unification.pl,prolog_fact,55,"galois_extension(runtime_field, markov_field, 'F₄ → F₅: Markov operations').""
821,82600,123900,123,41300,"./galois_tower_unification.pl,prolog_fact,56,"galois_extension(markov_field, monster_field, 'F₅ → F₆: Monster group (8.08×10⁵³)').""
822,82700,124050,124,41350,"./galois_tower_unification.pl,prolog_fact,74,"complexity_lattice([0, 1, 2, 3, 5, 7, 11, 13, 17, 19, 23, 29, 31, 37, 41, 43, 47, 53, 59, 61, 67, 71]).""
823,82800,124200,124,41400,"./galois_tower_unification.pl,prolog_fact,77,"lattice_to_field(0, base_field).""
824,82900,124350,124,41450,"./galois_tower_unification.pl,prolog_fact,78,"lattice_to_field(2, binary_field).""
825,83000,124500,124,41500,"./galois_tower_unification.pl,prolog_fact,79,"lattice_to_field(3, syntax_field).""
826,83100,124650,124,41550,"./galois_tower_unification.pl,prolog_fact,80,"lattice_to_field(5, semantic_field).""
827,83200,124800,124,41600,"./galois_tower_unification.pl,prolog_fact,81,"lattice_to_field(7, runtime_field).""
828,83300,124950,124,41650,"./galois_tower_unification.pl,prolog_fact,82,"lattice_to_field(11, markov_field).""
829,83400,125100,125,41700,"./galois_tower_unification.pl,prolog_fact,83,"lattice_to_field(71, monster_field).""
830,83500,125250,125,41750,"./galois_tower_unification.pl,prolog_fact,184,"read_parquet_markov(File, markov_model(File)).""
831,83600,125400,125,41800,"./universal_godel_lattice.pl,prolog_fact,7,"monster_primes([2,3,5,7,11,13,17,19,23,29,31,37,41,43,47,53,59,61,67,71]).""
832,83700,125550,125,41850,"./universal_godel_lattice.pl,prolog_fact,18,"product([], 1).""
833,83800,125700,125,41900,"./universal_godel_lattice.pl,prolog_fact,26,"entity_primes(tool(rust, _), [2]).""
834,83900,125850,125,41950,"./universal_godel_lattice.pl,prolog_fact,27,"entity_primes(tool(prolog, _), [71]).""
835,84000,126000,126,42000,"./universal_godel_lattice.pl,prolog_fact,28,"entity_primes(tool(lean4, _), [61]).""
836,84100,126150,126,42050,"./universal_godel_lattice.pl,prolog_fact,29,"entity_primes(tool(python, _), [67]).""
837,84200,126300,126,42100,"./universal_godel_lattice.pl,prolog_fact,30,"entity_primes(tool(nix, _), [23]).""
838,84300,126450,126,42150,"./universal_godel_lattice.pl,prolog_fact,31,"entity_primes(tool(shell, _), [31]).""
839,84400,126600,126,42200,"./universal_godel_lattice.pl,prolog_fact,148,"entity_type_path(_, unknown, '').""
840,84500,126750,126,42250,"./ingest_lean_json.pl,prolog_fact,121,"prime_lattice([2,3,5,7,11,13,17,19,23,29,31,37,41,43,47,53,59,61,67,71]).""
841,84600,126900,126,42300,"./ingest_lean_json.pl,prolog_fact,123,"monster_prime(2). monster_prime(3). monster_prime(5). monster_prime(7).""
842,84700,127050,127,42350,"./ingest_lean_json.pl,prolog_fact,124,"monster_prime(11). monster_prime(13). monster_prime(17). monster_prime(19).""
843,84800,127200,127,42400,"./ingest_lean_json.pl,prolog_fact,125,"monster_prime(23). monster_prime(29). monster_prime(31). monster_prime(41).""
844,84900,127350,127,42450,"./ingest_lean_json.pl,prolog_fact,126,"monster_prime(47). monster_prime(59). monster_prime(71).""
845,85000,127500,127,42500,"./ingest_lean_json.pl,prolog_fact,128,"emoji_prime(2, '🔴'). emoji_prime(3, '🟠'). emoji_prime(5, '🟡').""
846,85100,127650,127,42550,"./ingest_lean_json.pl,prolog_fact,129,"emoji_prime(7, '🟢'). emoji_prime(11, '🔵'). emoji_prime(13, '🟣').""
847,85200,127800,127,42600,"./ingest_lean_json.pl,prolog_fact,130,"emoji_prime(17, '🟤'). emoji_prime(19, '⚫'). emoji_prime(23, '⚪').""
848,85300,127950,127,42650,"./ingest_lean_json.pl,prolog_fact,131,"emoji_prime(29, '🔺'). emoji_prime(31, '🔻'). emoji_prime(37, '🔶').""
849,85400,128100,128,42700,"./ingest_lean_json.pl,prolog_fact,132,"emoji_prime(41, '🔷'). emoji_prime(43, '🔸'). emoji_prime(47, '🔹').""
850,85500,128250,128,42750,"./ingest_lean_json.pl,prolog_fact,133,"emoji_prime(53, '⭐'). emoji_prime(59, '✨'). emoji_prime(61, '💫').""
851,85600,128400,128,42800,"./ingest_lean_json.pl,prolog_fact,134,"emoji_prime(67, '🌟'). emoji_prime(71, '🍄').""
852,85700,128550,128,42850,"./parquet_macros.pl,prolog_fact,80,"audio_feature(File, RMS, ZC, Peak, Spectral, Primes) from_parquet 'generated/audio_features.parquet'.""
853,85800,128700,128,42900,"./reconstruct_compcert.pl,prolog_fact,44,"emoji_prime(2, '🔴'). emoji_prime(3, '🟠'). emoji_prime(5, '🟡').""
854,85900,128850,128,42950,"./reconstruct_compcert.pl,prolog_fact,45,"emoji_prime(7, '🟢'). emoji_prime(11, '🔵'). emoji_prime(13, '🟣').""
855,86000,129000,129,43000,"./reconstruct_compcert.pl,prolog_fact,46,"emoji_prime(17, '🟤'). emoji_prime(19, '⚫'). emoji_prime(23, '⚪').""
856,86100,129150,129,43050,"./reconstruct_compcert.pl,prolog_fact,47,"emoji_prime(29, '🔺'). emoji_prime(31, '🔻'). emoji_prime(41, '🔷').""
857,86200,129300,129,43100,"./reconstruct_compcert.pl,prolog_fact,48,"emoji_prime(71, '🍄').""
858,86300,129450,129,43150,"./horizontal_meme_transfer.pl,prolog_fact,64,"prolog_target('SWI-Prolog', swipl, '/nix/store/...').""
859,86400,129600,129,43200,"./horizontal_meme_transfer.pl,prolog_fact,65,"prolog_target('GNU Prolog', gprolog, '/nix/store/...').""
860,86500,129750,129,43250,"./horizontal_meme_transfer.pl,prolog_fact,66,"prolog_target('YAP', yap, '/nix/store/...').""
861,86600,129900,129,43300,"./horizontal_meme_transfer.pl,prolog_fact,67,"prolog_target('Scryer', scryer, '/nix/store/...').""
862,86700,130050,130,43350,"./horizontal_meme_transfer.pl,prolog_fact,68,"prolog_target('Trealla', trealla, '/nix/store/...').""
863,86800,130200,130,43400,"./horizontal_meme_transfer.pl,prolog_fact,69,"prolog_target('SICStus', sicstus, '/nix/store/...').""
864,86900,130350,130,43450,"./horizontal_meme_transfer.pl,prolog_fact,233,"transfer_record(""
865,87000,130500,130,43500,"./test_all_primes.pl,prolog_fact,13,"test_program(2, types, '""
866,87100,130650,130,43550,"./test_all_primes.pl,prolog_fact,23,"test_program(3, operators, '""
867,87200,130800,130,43600,"./test_all_primes.pl,prolog_fact,33,"test_program(5, variables, '""
868,87300,130950,130,43650,"./test_all_primes.pl,prolog_fact,44,"test_program(7, control, '""
869,87400,131100,131,43700,"./test_all_primes.pl,prolog_fact,56,"test_program(11, functions, '""
870,87500,131250,131,43750,"./test_all_primes.pl,prolog_fact,67,"test_program(13, pointers, '""
871,87600,131400,131,43800,"./test_all_primes.pl,prolog_fact,77,"test_program(17, structures, '""
872,87700,131550,131,43850,"./test_all_primes.pl,prolog_fact,91,"test_program(19, arrays, '""
873,87800,131700,131,43900,"./test_all_primes.pl,prolog_fact,100,"test_program(23, memory, '""
874,87900,131850,131,43950,"./test_all_primes.pl,prolog_fact,352,"emoji_prime(2, '🔴'). emoji_prime(3, '🟠'). emoji_prime(5, '🟡').""
875,88000,132000,132,44000,"./test_all_primes.pl,prolog_fact,353,"emoji_prime(7, '🟢'). emoji_prime(11, '🔵'). emoji_prime(13, '🟣').""
876,88100,132150,132,44050,"./test_all_primes.pl,prolog_fact,354,"emoji_prime(17, '🟤'). emoji_prime(19, '⚫'). emoji_prime(23, '⚪').""
877,88200,132300,132,44100,"./label_source_with_traces.pl,prolog_fact,246,"emoji_prime(2, '🔴'). emoji_prime(3, '🟠'). emoji_prime(5, '🟡').""
878,88300,132450,132,44150,"./label_source_with_traces.pl,prolog_fact,247,"emoji_prime(7, '🟢'). emoji_prime(11, '🔵'). emoji_prime(13, '🟣').""
879,88400,132600,132,44200,"./label_source_with_traces.pl,prolog_fact,248,"emoji_prime(17, '🟤'). emoji_prime(19, '⚫'). emoji_prime(23, '⚪').""
880,88500,132750,132,44250,"./label_source_with_traces.pl,prolog_fact,249,"emoji_prime(29, '🔺'). emoji_prime(31, '🔻'). emoji_prime(41, '🔷').""
881,88600,132900,132,44300,"./label_source_with_traces.pl,prolog_fact,250,"emoji_prime(71, '🍄'). emoji_prime(_, '⚫').""
882,88700,133050,133,44350,"./zkprologml_fork.pl,prolog_fact,15,"nix_prolog('SWI-Prolog', 'swiProlog', '9.2.7').""
883,88800,133200,133,44400,"./zkprologml_fork.pl,prolog_fact,16,"nix_prolog('GNU Prolog', 'gprolog', '1.5.0').""
884,88900,133350,133,44450,"./zkprologml_fork.pl,prolog_fact,17,"nix_prolog('SICStus Prolog', 'sicstus', '4.8.0').""
885,89000,133500,133,44500,"./zkprologml_fork.pl,prolog_fact,18,"nix_prolog('YAP', 'yap', '6.3.4').""
886,89100,133650,133,44550,"./zkprologml_fork.pl,prolog_fact,19,"nix_prolog('Scryer Prolog', 'scryer-prolog', '0.9.0').""
887,89200,133800,133,44600,"./zkprologml_fork.pl,prolog_fact,20,"nix_prolog('Trealla Prolog', 'trealla', '2.0.0').""
888,89300,133950,133,44650,"./zkprologml_fork.pl,prolog_fact,182,"proof_data(~q).""
889,89400,134100,134,44700,"./syntax_lattice.pl,prolog_fact,9,"syntax_prime(int, 2).""
890,89500,134250,134,44750,"./syntax_lattice.pl,prolog_fact,10,"syntax_prime(bool, 3).""
891,89600,134400,134,44800,"./syntax_lattice.pl,prolog_fact,11,"syntax_prime(char, 5).""
892,89700,134550,134,44850,"./syntax_lattice.pl,prolog_fact,14,"syntax_prime(array, 7).""
893,89800,134700,134,44900,"./syntax_lattice.pl,prolog_fact,15,"syntax_prime(struct, 11).""
894,89900,134850,134,44950,"./syntax_lattice.pl,prolog_fact,16,"syntax_prime(enum, 13).""
895,90000,135000,135,45000,"./syntax_lattice.pl,prolog_fact,17,"syntax_prime(union, 17).""
896,90100,135150,135,45050,"./syntax_lattice.pl,prolog_fact,18,"syntax_prime(pointer, 19).""
897,90200,135300,135,45100,"./syntax_lattice.pl,prolog_fact,21,"syntax_prime(if, 23).""
898,90300,135450,135,45150,"./syntax_lattice.pl,prolog_fact,22,"syntax_prime(while, 29).""
899,90400,135600,135,45200,"./syntax_lattice.pl,prolog_fact,23,"syntax_prime(for, 31).""
900,90500,135750,135,45250,"./syntax_lattice.pl,prolog_fact,24,"syntax_prime(switch, 37).""
901,90600,135900,135,45300,"./syntax_lattice.pl,prolog_fact,25,"syntax_prime(match, 41).""
902,90700,136050,136,45350,"./syntax_lattice.pl,prolog_fact,28,"syntax_prime(closure, 43).""
903,90800,136200,136,45400,"./syntax_lattice.pl,prolog_fact,29,"syntax_prime(trait, 47).""
904,90900,136350,136,45450,"./syntax_lattice.pl,prolog_fact,30,"syntax_prime(generic, 53).""
905,91000,136500,136,45500,"./syntax_lattice.pl,prolog_fact,37,"c_enum(color, [red, green, blue]).""
906,91100,136650,136,45550,"./syntax_lattice.pl,prolog_fact,39,"c_enum_code(color, '""
907,91200,136800,136,45600,"./syntax_lattice.pl,prolog_fact,57,"scheme_enum(color, '""
908,91300,136950,136,45650,"./syntax_lattice.pl,prolog_fact,58,"(define (make-color n)""
909,91400,137100,137,45700,"./syntax_lattice.pl,prolog_fact,65,"(define (color-value c)""
910,91500,137250,137,45750,"./syntax_lattice.pl,prolog_fact,73,"prolog_enum(color, [""
911,91600,137400,137,45800,"./syntax_lattice.pl,prolog_fact,84,"c_struct(point, [x-int, y-int]).""
912,91700,137550,137,45850,"./syntax_lattice.pl,prolog_fact,86,"c_struct_code(point, '""
913,91800,137700,137,45900,"./syntax_lattice.pl,prolog_fact,103,"scheme_struct(point, '""
914,91900,137850,137,45950,"./syntax_lattice.pl,prolog_fact,104,"(define (make-point x y)""
915,92000,138000,138,46000,"./syntax_lattice.pl,prolog_fact,107,"(define (point-x p) (car p))""
916,92100,138150,138,46050,"./syntax_lattice.pl,prolog_fact,108,"(define (point-y p) (cadr p))""
917,92200,138300,138,46100,"./syntax_lattice.pl,prolog_fact,110,"(define (point-distance-sq p)""
918,92300,138450,138,46150,"./syntax_lattice.pl,prolog_fact,127,"control_if_c('""
919,92400,138600,138,46200,"./syntax_lattice.pl,prolog_fact,137,"control_if_scheme('""
920,92500,138750,138,46250,"./syntax_lattice.pl,prolog_fact,138,"(define (max a b)""
921,92600,138900,138,46300,"./syntax_lattice.pl,prolog_fact,146,"control_while_c('""
922,92700,139050,139,46350,"./syntax_lattice.pl,prolog_fact,158,"control_while_scheme('""
923,92800,139200,139,46400,"./syntax_lattice.pl,prolog_fact,159,"(define (sum-to-n n)""
924,92900,139350,139,46450,"./syntax_lattice.pl,prolog_fact,177,"control_for_c('""
925,93000,139500,139,46500,"./syntax_lattice.pl,prolog_fact,187,"control_for_scheme('""
926,93100,139650,139,46550,"./syntax_lattice.pl,prolog_fact,188,"(define (product-range start end)""
927,93200,139800,139,46600,"./syntax_lattice.pl,prolog_fact,206,"control_switch_c('""
928,93300,139950,139,46650,"./syntax_lattice.pl,prolog_fact,221,"control_switch_scheme('""
929,93400,140100,140,46700,"./syntax_lattice.pl,prolog_fact,222,"(define (day-name day)""
930,93500,140250,140,46750,"./syntax_lattice.pl,prolog_fact,234,"control_switch_prolog(day_name(0, "Monday")).""
931,93600,140400,140,46800,"./syntax_lattice.pl,prolog_fact,235,"control_switch_prolog(day_name(1, "Tuesday")).""
932,93700,140550,140,46850,"./syntax_lattice.pl,prolog_fact,236,"control_switch_prolog(day_name(2, "Wednesday")).""
933,93800,140700,140,46900,"./syntax_lattice.pl,prolog_fact,237,"control_switch_prolog(day_name(3, "Thursday")).""
934,93900,140850,140,46950,"./syntax_lattice.pl,prolog_fact,238,"control_switch_prolog(day_name(4, "Friday")).""
935,94000,141000,141,47000,"./syntax_lattice.pl,prolog_fact,239,"control_switch_prolog(day_name(5, "Saturday")).""
936,94100,141150,141,47050,"./syntax_lattice.pl,prolog_fact,240,"control_switch_prolog(day_name(6, "Sunday")).""
937,94200,141300,141,47100,"./syntax_lattice.pl,prolog_fact,241,"control_switch_prolog(day_name(_, "Unknown")).""
938,94300,141450,141,47150,"./syntax_lattice.pl,prolog_fact,336,"(* Syntax constructs *)""
939,94400,141600,141,47200,"./syntax_lattice.pl,prolog_fact,347,"(* Prime lattice mapping *)""
940,94500,141750,141,47250,"./syntax_lattice.pl,prolog_fact,360,"(* Enum example *)""
941,94600,141900,141,47300,"./syntax_lattice.pl,prolog_fact,366,"(* Struct example *)""
942,94700,142050,142,47350,"./syntax_lattice.pl,prolog_fact,375,"(* Theorem: All constructs map to primes *)""
943,94800,142200,142,47400,"./compiler_symphony.pl,prolog_fact,12,"compiler_signature(mes, [2,3,5,7,11]).      % Minimal: types, ops, vars, control, functions""
944,94900,142350,142,47450,"./compiler_symphony.pl,prolog_fact,13,"compiler_signature(gcc, [2,3,5,7,11,13,17,19,23,29,31]).  % Full C features""
945,95000,142500,142,47500,"./compiler_symphony.pl,prolog_fact,14,"compiler_signature(llvm, [2,3,5,7,11,13,17,19,23,29,31,37,41]).  % + optimization, machine""
946,95100,142650,142,47550,"./compiler_symphony.pl,prolog_fact,15,"compiler_signature(rustc, [2,3,5,7,11,13,17,19,23,29,31,37,41,43,47,53]).  % + safety, traits, generics""
947,95200,142800,142,47600,"./compiler_symphony.pl,prolog_fact,44,"which_binary(_, none).""
948,95300,142950,142,47650,"./compiler_symphony.pl,prolog_fact,63,"feature_prime(types, 2).""
949,95400,143100,143,47700,"./compiler_symphony.pl,prolog_fact,64,"feature_prime(operators, 3).""
950,95500,143250,143,47750,"./compiler_symphony.pl,prolog_fact,65,"feature_prime(variables, 5).""
951,95600,143400,143,47800,"./compiler_symphony.pl,prolog_fact,66,"feature_prime(control, 7).""
952,95700,143550,143,47850,"./compiler_symphony.pl,prolog_fact,67,"feature_prime(functions, 11).""
953,95800,143700,143,47900,"./compiler_symphony.pl,prolog_fact,68,"feature_prime(pointers, 13).""
954,95900,143850,143,47950,"./compiler_symphony.pl,prolog_fact,69,"feature_prime(structures, 17).""
955,96000,144000,144,48000,"./compiler_symphony.pl,prolog_fact,70,"feature_prime(arrays, 19).""
956,96100,144150,144,48050,"./compiler_symphony.pl,prolog_fact,71,"feature_prime(memory, 23).""
957,96200,144300,144,48100,"./compiler_symphony.pl,prolog_fact,72,"feature_prime(optimization, 29).""
958,96300,144450,144,48150,"./compiler_symphony.pl,prolog_fact,73,"feature_prime(output, 31).""
959,96400,144600,144,48200,"./compiler_symphony.pl,prolog_fact,74,"feature_prime(loops, 37).""
960,96500,144750,144,48250,"./compiler_symphony.pl,prolog_fact,75,"feature_prime(machine, 41).""
961,96600,144900,144,48300,"./compiler_symphony.pl,prolog_fact,76,"feature_prime(safety, 43).""
962,96700,145050,145,48350,"./compiler_symphony.pl,prolog_fact,77,"feature_prime(network, 47).""
963,96800,145200,145,48400,"./compiler_symphony.pl,prolog_fact,78,"feature_prime(generics, 53).""
964,96900,145350,145,48450,"./compiler_symphony.pl,prolog_fact,128,"prime_to_note(2, 'c,').""
965,97000,145500,145,48500,"./compiler_symphony.pl,prolog_fact,129,"prime_to_note(3, 'd,').""
966,97100,145650,145,48550,"./compiler_symphony.pl,prolog_fact,130,"prime_to_note(5, 'e,').""
967,97200,145800,145,48600,"./compiler_symphony.pl,prolog_fact,131,"prime_to_note(7, 'f,').""
968,97300,145950,145,48650,"./compiler_symphony.pl,prolog_fact,132,"prime_to_note(11, 'g,').""
969,97400,146100,146,48700,"./compiler_symphony.pl,prolog_fact,133,"prime_to_note(13, 'a,').""
970,97500,146250,146,48750,"./compiler_symphony.pl,prolog_fact,134,"prime_to_note(17, 'b,').""
971,97600,146400,146,48800,"./compiler_symphony.pl,prolog_fact,135,"prime_to_note(19, 'c').""
972,97700,146550,146,48850,"./compiler_symphony.pl,prolog_fact,136,"prime_to_note(23, 'd').""
973,97800,146700,146,48900,"./compiler_symphony.pl,prolog_fact,137,"prime_to_note(29, 'e').""
974,97900,146850,146,48950,"./compiler_symphony.pl,prolog_fact,138,"prime_to_note(31, 'f').""
975,98000,147000,147,49000,"./compiler_symphony.pl,prolog_fact,139,"prime_to_note(37, 'g').""
976,98100,147150,147,49050,"./compiler_symphony.pl,prolog_fact,140,"prime_to_note(41, 'a').""
977,98200,147300,147,49100,"./compiler_symphony.pl,prolog_fact,141,"prime_to_note(43, 'b').""
978,98300,147450,147,49150,"./compiler_symphony.pl,prolog_fact,142,"prime_to_note(47, 'c'').""
979,98400,147600,147,49200,"./compiler_symphony.pl,prolog_fact,143,"prime_to_note(53, 'd'').""
980,98500,147750,147,49250,"./compiler_symphony.pl,prolog_fact,144,"prime_to_note(59, 'e'').""
981,98600,147900,147,49300,"./compiler_symphony.pl,prolog_fact,145,"prime_to_note(61, 'f'').""
982,98700,148050,148,49350,"./compiler_symphony.pl,prolog_fact,146,"prime_to_note(67, 'g'').""
983,98800,148200,148,49400,"./compiler_symphony.pl,prolog_fact,147,"prime_to_note(71, 'a'').""
984,98900,148350,148,49450,"./compiler_symphony.pl,prolog_fact,148,"prime_to_note(_, 'c').""
985,99000,148500,148,49500,"./compiler_symphony.pl,prolog_fact,176,"prime_frequency(2, 130.81).   % C3""
986,99100,148650,148,49550,"./compiler_symphony.pl,prolog_fact,177,"prime_frequency(3, 146.83).   % D3""
987,99200,148800,148,49600,"./compiler_symphony.pl,prolog_fact,178,"prime_frequency(5, 164.81).   % E3""
988,99300,148950,148,49650,"./compiler_symphony.pl,prolog_fact,179,"prime_frequency(7, 174.61).   % F3""
989,99400,149100,149,49700,"./compiler_symphony.pl,prolog_fact,180,"prime_frequency(11, 196.00).  % G3""
990,99500,149250,149,49750,"./compiler_symphony.pl,prolog_fact,181,"prime_frequency(13, 220.00).  % A3""
991,99600,149400,149,49800,"./compiler_symphony.pl,prolog_fact,182,"prime_frequency(17, 246.94).  % B3""
992,99700,149550,149,49850,"./compiler_symphony.pl,prolog_fact,183,"prime_frequency(19, 261.63).  % C4""
993,99800,149700,149,49900,"./compiler_symphony.pl,prolog_fact,184,"prime_frequency(23, 293.66).  % D4""
994,99900,149850,149,49950,"./compiler_symphony.pl,prolog_fact,185,"prime_frequency(29, 329.63).  % E4""
995,100000,150000,150,50000,"./compiler_symphony.pl,prolog_fact,186,"prime_frequency(31, 349.23).  % F4""
996,100100,150150,150,50050,"./compiler_symphony.pl,prolog_fact,187,"prime_frequency(37, 392.00).  % G4""
997,100200,150300,150,50100,"./compiler_symphony.pl,prolog_fact,188,"prime_frequency(41, 440.00).  % A4""
998,100300,150450,150,50150,"./compiler_symphony.pl,prolog_fact,189,"prime_frequency(43, 493.88).  % B4""
999,100400,150600,150,50200,"./compiler_symphony.pl,prolog_fact,190,"prime_frequency(47, 523.25).  % C5""
1000,100500,150750,150,50250,"./compiler_symphony.pl,prolog_fact,191,"prime_frequency(53, 587.33).  % D5""
1001,100600,150900,150,50300,"./compiler_symphony.pl,prolog_fact,192,"prime_frequency(_, 261.63).""
1002,100700,151050,151,50350,"./compiler_symphony.pl,prolog_fact,204,"sum_sines([], _, 0.0).""
1003,100800,151200,151,50400,"./zkml_seed.pl,prolog_fact,273,"state(potential, unwitnessed).""
1004,100900,151350,151,50450,"./zkml_seed.pl,prolog_fact,274,"state(collapsed, witnessed).""
1005,101000,151500,151,50500,"./zkml_seed.pl,prolog_fact,275,"state(proven, zk_signed).""
1006,101100,151650,151,50550,"./zkml_seed.pl,prolog_fact,276,"state(verified, zk_verified).""
1007,101200,151800,151,50600,"./zkml_seed.pl,prolog_fact,277,"state(seed, zkml_ready).""
1008,101300,151950,151,50650,"./zkml_seed.pl,prolog_fact,280,"transition(potential, witness, collapsed).""
1009,101400,152100,152,50700,"./zkml_seed.pl,prolog_fact,281,"transition(collapsed, zk_sign, proven).""
1010,101500,152250,152,50750,"./zkml_seed.pl,prolog_fact,282,"transition(proven, verify, verified).""
1011,101600,152400,152,50800,"./zkml_seed.pl,prolog_fact,283,"transition(verified, seed, seed).""
1012,101700,152550,152,50850,"./zkml_seed.pl,prolog_fact,286,"flow(meta_meme, potential).""
1013,101800,152700,152,50900,"./zkml_seed.pl,prolog_fact,287,"flow(witness, collapsed).""
1014,101900,152850,152,50950,"./zkml_seed.pl,prolog_fact,288,"flow(zk_proof, proven).""
1015,102000,153000,153,51000,"./zkml_seed.pl,prolog_fact,289,"flow(verification, verified).""
1016,102100,153150,153,51050,"./zkml_seed.pl,prolog_fact,290,"flow(zkml_seed, seed).""
1017,102200,153300,153,51100,"./strange_loop.pl,prolog_fact,10,"language(prolog, logic_programming, self).""
1018,102300,153450,153,51150,"./strange_loop.pl,prolog_fact,11,"purpose(prolog, 'Reason about the strange loop').""
1019,102400,153600,153,51200,"./strange_loop.pl,prolog_fact,17,"language(lisp, functional, 1958).""
1020,102500,153750,153,51250,"./strange_loop.pl,prolog_fact,18,"purpose(lisp, 'Code as data, data as code').""
1021,102600,153900,153,51300,"./strange_loop.pl,prolog_fact,19,"property(lisp, homoiconicity).""
1022,102700,154050,154,51350,"./strange_loop.pl,prolog_fact,22,"lisp_eval('(eval (quote (+ 1 2)))', 3).""
1023,102800,154200,154,51400,"./strange_loop.pl,prolog_fact,23,"lisp_quote('(quote x)', x).""
1024,102900,154350,154,51450,"./strange_loop.pl,prolog_fact,29,"language(scheme, functional, 1975).""
1025,103000,154500,154,51500,"./strange_loop.pl,prolog_fact,30,"purpose(scheme, 'Minimal Lisp with proper tail calls').""
1026,103100,154650,154,51550,"./strange_loop.pl,prolog_fact,31,"derives_from(scheme, lisp).""
1027,103200,154800,154,51600,"./strange_loop.pl,prolog_fact,34,"scheme_eval('(eval expr env)', result).""
1028,103300,154950,154,51650,"./strange_loop.pl,prolog_fact,37,"strange_loop_property(scheme, appears_at_start_and_end).""
1029,103400,155100,155,51700,"./strange_loop.pl,prolog_fact,43,"language(ocaml, functional_typed, 1996).""
1030,103500,155250,155,51750,"./strange_loop.pl,prolog_fact,44,"purpose(ocaml, 'Typed functional with objects').""
1031,103600,155400,155,51800,"./strange_loop.pl,prolog_fact,45,"implements(ocaml, hindley_milner_type_system).""
1032,103700,155550,155,51850,"./strange_loop.pl,prolog_fact,48,"compiles(ocaml, coq).""
1033,103800,155700,155,51900,"./strange_loop.pl,prolog_fact,51,"extracted_from(athena_hs, ocaml).""
1034,103900,155850,155,51950,"./strange_loop.pl,prolog_fact,57,"language(coq, proof_assistant, 1989).""
1035,104000,156000,156,52000,"./strange_loop.pl,prolog_fact,58,"purpose(coq, 'Formal verification with dependent types').""
1036,104100,156150,156,52050,"./strange_loop.pl,prolog_fact,59,"based_on(coq, calculus_of_constructions).""
1037,104200,156300,156,52100,"./strange_loop.pl,prolog_fact,62,"coq_file('lang_model.v', unimath_foundations).""
1038,104300,156450,156,52150,"./strange_loop.pl,prolog_fact,63,"coq_notation('UU', 'Type').""
1039,104400,156600,156,52200,"./strange_loop.pl,prolog_fact,64,"coq_notation('∑u', total2).""
1040,104500,156750,156,52250,"./strange_loop.pl,prolog_fact,67,"proves(coq, theorems).""
1041,104600,156900,156,52300,"./strange_loop.pl,prolog_fact,73,"language(metacoq, meta_proof_assistant, 2018).""
1042,104700,157050,157,52350,"./strange_loop.pl,prolog_fact,74,"purpose(metacoq, 'Coq formalized in Coq').""
1043,104800,157200,157,52400,"./strange_loop.pl,prolog_fact,75,"property(metacoq, self_referential).""
1044,104900,157350,157,52450,"./strange_loop.pl,prolog_fact,78,"reflects_on(metacoq, coq).""
1045,105000,157500,157,52500,"./strange_loop.pl,prolog_fact,79,"strange_loop_property(metacoq, self_reflection).""
1046,105100,157650,157,52550,"./strange_loop.pl,prolog_fact,85,"language(haskell, pure_functional, 1990).""
1047,105200,157800,157,52600,"./strange_loop.pl,prolog_fact,86,"purpose(haskell, 'Pure lazy functional programming').""
1048,105300,157950,157,52650,"./strange_loop.pl,prolog_fact,87,"property(haskell, lazy_evaluation).""
1049,105400,158100,158,52700,"./strange_loop.pl,prolog_fact,90,"haskell_file('athena.hs', mythos_structure).""
1050,105500,158250,158,52750,"./strange_loop.pl,prolog_fact,91,"haskell_data('Mythos', parametric_types).""
1051,105600,158400,158,52800,"./strange_loop.pl,prolog_fact,94,"extraction_target(coq, haskell).""
1052,105700,158550,158,52850,"./strange_loop.pl,prolog_fact,100,"language(rust, systems, 2015).""
1053,105800,158700,158,52900,"./strange_loop.pl,prolog_fact,101,"purpose(rust, 'Memory safe systems programming').""
1054,105900,158850,158,52950,"./strange_loop.pl,prolog_fact,102,"property(rust, ownership_system).""
1055,106000,159000,159,53000,"./strange_loop.pl,prolog_fact,105,"our_system(rust).""
1056,106100,159150,159,53050,"./strange_loop.pl,prolog_fact,106,"rust_file('add_athena.rs', search_system).""
1057,106200,159300,159,53100,"./strange_loop.pl,prolog_fact,107,"rust_file('athena_unified.rs', wisdom_system).""
1058,106300,159450,159,53150,"./strange_loop.pl,prolog_fact,110,"compiles_to(rust, llvm_ir).""
1059,106400,159600,159,53200,"./strange_loop.pl,prolog_fact,116,"language(lean4, proof_assistant, 2021).""
1060,106500,159750,159,53250,"./strange_loop.pl,prolog_fact,117,"purpose(lean4, 'Modern dependent types with tactics').""
1061,106600,159900,159,53300,"./strange_loop.pl,prolog_fact,118,"property(lean4, metaprogramming).""
1062,106700,160050,160,53350,"./strange_loop.pl,prolog_fact,121,"lean_file('theorem_42.lean', ultimate_answer).""
1063,106800,160200,160,53400,"./strange_loop.pl,prolog_fact,122,"lean_file('athena_lattice.lean', lattice_proofs).""
1064,106900,160350,160,53450,"./strange_loop.pl,prolog_fact,123,"lean_file('nine_muses.lean', muse_theorems).""
1065,107000,160500,160,53500,"./strange_loop.pl,prolog_fact,126,"strange_loop_property(lean4, self_hosting).""
1066,107100,160650,160,53550,"./strange_loop.pl,prolog_fact,132,"language(llvm, compiler_ir, 2003).""
1067,107200,160800,160,53600,"./strange_loop.pl,prolog_fact,133,"purpose(llvm, 'Universal compiler backend').""
1068,107300,160950,160,53650,"./strange_loop.pl,prolog_fact,134,"property(llvm, intermediate_representation).""
1069,107400,161100,161,53700,"./strange_loop.pl,prolog_fact,137,"compiles_to(rust, llvm).""
1070,107500,161250,161,53750,"./strange_loop.pl,prolog_fact,138,"compiles_to(haskell, llvm).""
1071,107600,161400,161,53800,"./strange_loop.pl,prolog_fact,139,"compiles_to(ocaml, llvm).""
1072,107700,161550,161,53850,"./strange_loop.pl,prolog_fact,142,"compiles_to(llvm, machine_code).""
1073,107800,161700,161,53900,"./strange_loop.pl,prolog_fact,148,"language(gcc, compiler, 1987).""
1074,107900,161850,161,53950,"./strange_loop.pl,prolog_fact,149,"purpose(gcc, 'Compile C/C++ and many languages').""
1075,108000,162000,162,54000,"./strange_loop.pl,prolog_fact,150,"property(gcc, multi_language_support).""
1076,108100,162150,162,54050,"./strange_loop.pl,prolog_fact,153,"compiles(gcc, gcc).""
1077,108200,162300,162,54100,"./strange_loop.pl,prolog_fact,154,"strange_loop_property(gcc, self_compiling).""
1078,108300,162450,162,54150,"./strange_loop.pl,prolog_fact,157,"written_in(gcc, cpp).""
1079,108400,162600,162,54200,"./strange_loop.pl,prolog_fact,163,"language(mes, scheme_bootstrap, 2016).""
1080,108500,162750,162,54250,"./strange_loop.pl,prolog_fact,164,"purpose(mes, 'Bootstrap GCC from 357 bytes').""
1081,108600,162900,162,54300,"./strange_loop.pl,prolog_fact,165,"property(mes, minimal_trusted_base).""
1082,108700,163050,163,54350,"./strange_loop.pl,prolog_fact,168,"implements(mes, scheme).""
1083,108800,163200,163,54400,"./strange_loop.pl,prolog_fact,171,"bootstrap_chain([""
1084,108900,163350,163,54450,"./strange_loop.pl,prolog_fact,192,"strange_loop_closes(scheme, scheme).""
1085,109000,163500,163,54500,"./strange_loop.pl,prolog_fact,198,"language(minizinc, constraint_programming, 2007).""
1086,109100,163650,163,54550,"./strange_loop.pl,prolog_fact,199,"purpose(minizinc, 'Declarative constraint modeling').""
1087,109200,163800,163,54600,"./strange_loop.pl,prolog_fact,200,"property(minizinc, optimization).""
1088,109300,163950,163,54650,"./strange_loop.pl,prolog_fact,203,"minizinc_model('optimal_build_plan.mzn', build_scheduling).""
1089,109400,164100,164,54700,"./strange_loop.pl,prolog_fact,204,"minizinc_model('build_schedule.mzn', bott_periodicity).""
1090,109500,164250,164,54750,"./strange_loop.pl,prolog_fact,205,"minizinc_model('universe_of_minizinc.mzn', meta_reasoning).""
1091,109600,164400,164,54800,"./strange_loop.pl,prolog_fact,208,"reasons_about(minizinc, system_optimization).""
1092,109700,164550,164,54850,"./strange_loop.pl,prolog_fact,214,"tool(perf, performance_analysis, linux).""
1093,109800,164700,164,54900,"./strange_loop.pl,prolog_fact,215,"purpose(perf, 'Measure CPU cycles, cache misses').""
1094,109900,164850,164,54950,"./strange_loop.pl,prolog_fact,216,"measures(perf, [cycles, instructions, cache_misses, branches]).""
1095,110000,165000,165,55000,"./strange_loop.pl,prolog_fact,219,"perf_trace_contains(monster_primes, [2,5,13,19]).""
1096,110100,165150,165,55050,"./strange_loop.pl,prolog_fact,225,"format(elf, executable_linkable_format).""
1097,110200,165300,165,55100,"./strange_loop.pl,prolog_fact,226,"library(goblin, rust_elf_parser).""
1098,110300,165450,165,55150,"./strange_loop.pl,prolog_fact,227,"purpose(goblin, 'Parse ELF binaries in Rust').""
1099,110400,165600,165,55200,"./strange_loop.pl,prolog_fact,230,"tool_at_layer(goblin, 7, layer_71).""
1100,110500,165750,165,55250,"./strange_loop.pl,prolog_fact,236,"library(crossbeam, rust_concurrency).""
1101,110600,165900,165,55300,"./strange_loop.pl,prolog_fact,237,"purpose(crossbeam, 'Lock-free data structures').""
1102,110700,166050,166,55350,"./strange_loop.pl,prolog_fact,238,"property(crossbeam, wait_free_algorithms).""
1103,110800,166200,166,55400,"./strange_loop.pl,prolog_fact,241,"parallel_execution(24_workers, crossbeam).""
1104,110900,166350,166,55450,"./strange_loop.pl,prolog_fact,247,"platform(cuda, gpu_computing).""
1105,111000,166500,166,55500,"./strange_loop.pl,prolog_fact,248,"purpose(cuda, 'Massively parallel computation').""
1106,111100,166650,166,55550,"./strange_loop.pl,prolog_fact,249,"property(cuda, thousands_of_cores).""
1107,111200,166800,166,55600,"./strange_loop.pl,prolog_fact,252,"accelerates(gpu, pnm_lattice_computation).""
1108,111300,166950,166,55650,"./strange_loop.pl,prolog_fact,258,"architecture(transformer, neural_network).""
1109,111400,167100,167,55700,"./strange_loop.pl,prolog_fact,259,"purpose(transformer, 'Attention-based sequence modeling').""
1110,111500,167250,167,55750,"./strange_loop.pl,prolog_fact,260,"property(transformer, self_attention).""
1111,111600,167400,167,55800,"./strange_loop.pl,prolog_fact,263,"learns(transformer, patterns_in_data).""
1112,111700,167550,167,55850,"./strange_loop.pl,prolog_fact,267,"attention_mechanism(transformer, focus_on_important).""
1113,111800,167700,167,55900,"./strange_loop.pl,prolog_fact,268,"attention_mechanism(our_system, focus_on_primes).""
1114,111900,167850,167,55950,"./strange_loop.pl,prolog_fact,274,"algorithm(deep_q_network, reinforcement_learning).""
1115,112000,168000,168,56000,"./strange_loop.pl,prolog_fact,275,"purpose(dqn, 'Learn optimal policies through experience').""
1116,112100,168150,168,56050,"./strange_loop.pl,prolog_fact,276,"property(dqn, value_function_approximation).""
1117,112200,168300,168,56100,"./71_meme_mining.pl,prolog_fact,11,"monster_primes([2,3,5,7,11,13,17,19,23,29,31,37,41,43,47,53,59,61,67,71]).""
1118,112300,168450,168,56150,"./71_meme_mining.pl,prolog_fact,39,"generate_prompt(2, "Generate a meme about types: int, bool, char. Show the foundation of computation.").""
1119,112400,168600,168,56200,"./71_meme_mining.pl,prolog_fact,40,"generate_prompt(3, "Create a meme about operators: +, -, *, /. Visualize mathematical operations.").""
1120,112500,168750,168,56250,"./71_meme_mining.pl,prolog_fact,41,"generate_prompt(5, "Design a meme about variables: x, y, z. Illustrate state and mutation.").""
1121,112600,168900,168,56300,"./71_meme_mining.pl,prolog_fact,42,"generate_prompt(7, "Make a meme about control flow: if, while, for. Show branching paths.").""
1122,112700,169050,169,56350,"./71_meme_mining.pl,prolog_fact,43,"generate_prompt(11, "Craft a meme about functions: def, fn, lambda. Depict abstraction.").""
1123,112800,169200,169,56400,"./71_meme_mining.pl,prolog_fact,44,"generate_prompt(13, "Build a meme about pointers: *ptr, &ref. Visualize memory references.").""
1124,112900,169350,169,56450,"./71_meme_mining.pl,prolog_fact,45,"generate_prompt(17, "Compose a meme about structures: struct, record. Show data organization.").""
1125,113000,169500,169,56500,"./71_meme_mining.pl,prolog_fact,46,"generate_prompt(19, "Create a meme about arrays: [], vector. Illustrate collections.").""
1126,113100,169650,169,56550,"./71_meme_mining.pl,prolog_fact,47,"generate_prompt(23, "Generate a meme about memory: malloc, free. Show resource management.").""
1127,113200,169800,169,56600,"./71_meme_mining.pl,prolog_fact,48,"generate_prompt(29, "Design a meme about optimization: SSA, inlining. Visualize speed.").""
1128,113300,169950,169,56650,"./71_meme_mining.pl,prolog_fact,49,"generate_prompt(31, "Make a meme about output: print, write. Show communication.").""
1129,113400,170100,170,56700,"./71_meme_mining.pl,prolog_fact,50,"generate_prompt(37, "Craft a meme about loops: loop, iterate. Depict repetition.").""
1130,113500,170250,170,56750,"./71_meme_mining.pl,prolog_fact,51,"generate_prompt(41, "Build a meme about machine code: asm, linking. Show low-level execution.").""
1131,113600,170400,170,56800,"./71_meme_mining.pl,prolog_fact,52,"generate_prompt(43, "Compose a meme about safety: borrow, lifetime. Illustrate Rust's guarantees.").""
1132,113700,170550,170,56850,"./71_meme_mining.pl,prolog_fact,53,"generate_prompt(47, "Create a meme about networking: tcp, http. Show distributed systems.").""
1133,113800,170700,170,56900,"./71_meme_mining.pl,prolog_fact,54,"generate_prompt(53, "Generate a meme about generics: <T>, impl. Visualize polymorphism.").""
1134,113900,170850,170,56950,"./71_meme_mining.pl,prolog_fact,55,"generate_prompt(59, "Design a meme about macros: macro!, quote. Show metaprogramming.").""
1135,114000,171000,171,57000,"./71_meme_mining.pl,prolog_fact,56,"generate_prompt(61, "Make a meme about reflection: typeof, meta. Illustrate introspection.").""
1136,114100,171150,171,57050,"./71_meme_mining.pl,prolog_fact,57,"generate_prompt(67, "Craft a meme about metaprogramming: eval, compile. Depict code generation.").""
1137,114200,171300,171,57100,"./71_meme_mining.pl,prolog_fact,58,"generate_prompt(71, "Build a meme about the universe: Type, Kind, Universe. Show the infinite.").""
1138,114300,171450,171,57150,"./fifth_generation.pl,prolog_fact,278,"llm_execution(pure, local, deterministic, content_addressed).""
1139,114400,171600,171,57200,"./fifth_generation.pl,prolog_fact,279,"llm_execution(impure, external, non_deterministic, side_effects).""
1140,114500,171750,171,57250,"./fifth_generation.pl,prolog_fact,282,"llm_bisimulation(pure, impure, same_prompt, temperature_zero).""
1141,114600,171900,171,57300,"./fifth_generation.pl,prolog_fact,285,"build_pipeline(llm, generates, code).""
1142,114700,172050,172,57350,"./fifth_generation.pl,prolog_fact,286,"build_pipeline(code, built_by, nix).""
1143,114800,172200,172,57400,"./fifth_generation.pl,prolog_fact,287,"build_pipeline(nix, measured_by, perf).""
1144,114900,172350,172,57450,"./fifth_generation.pl,prolog_fact,288,"build_pipeline(perf, reasoned_by, prolog).""
1145,115000,172500,172,57500,"./fifth_generation.pl,prolog_fact,291,"generation(1, machine_code).""
1146,115100,172650,172,57550,"./fifth_generation.pl,prolog_fact,292,"generation(2, assembly).""
1147,115200,172800,172,57600,"./fifth_generation.pl,prolog_fact,293,"generation(3, high_level).""
1148,115300,172950,172,57650,"./fifth_generation.pl,prolog_fact,294,"generation(4, logic_declarative).""
1149,115400,173100,173,57700,"./fifth_generation.pl,prolog_fact,295,"generation(5, ai_reasoning).""
1150,115500,173250,173,57750,"./coq_proof_harmonics.pl,prolog_fact,14,"coq_theorem('Clight_semantics', 'Operational semantics of Clight', 2, 'cfrontend/Clight.v').""
1151,115600,173400,173,57800,"./coq_proof_harmonics.pl,prolog_fact,15,"coq_theorem('RTL_semantics', 'Register Transfer Language semantics', 13, 'backend/RTL.v').""
1152,115700,173550,173,57850,"./coq_proof_harmonics.pl,prolog_fact,16,"coq_theorem('LTL_semantics', 'Location Transfer Language', 17, 'backend/LTL.v').""
1153,115800,173700,173,57900,"./coq_proof_harmonics.pl,prolog_fact,17,"coq_theorem('Mach_semantics', 'Abstract machine semantics', 19, 'backend/Mach.v').""
1154,115900,173850,173,57950,"./coq_proof_harmonics.pl,prolog_fact,18,"coq_theorem('Asm_semantics', 'Assembly semantics', 41, 'backend/Asm.v').""
1155,116000,174000,174,58000,"./coq_proof_harmonics.pl,prolog_fact,21,"coq_theorem('SimplLocals_correct', 'Local variable simplification correct', 5, 'cfrontend/SimplLocals.v').""
1156,116100,174150,174,58050,"./coq_proof_harmonics.pl,prolog_fact,22,"coq_theorem('Cminorgen_correct', 'Cminor generation correct', 7, 'cfrontend/Cminorgen.v').""
1157,116200,174300,174,58100,"./coq_proof_harmonics.pl,prolog_fact,23,"coq_theorem('Selection_correct', 'Instruction selection correct', 11, 'backend/Selection.v').""
1158,116300,174450,174,58150,"./coq_proof_harmonics.pl,prolog_fact,24,"coq_theorem('RTLgen_correct', 'RTL generation correct', 13, 'backend/RTLgen.v').""
1159,116400,174600,174,58200,"./coq_proof_harmonics.pl,prolog_fact,25,"coq_theorem('Tailcall_correct', 'Tail call optimization correct', 17, 'backend/Tailcall.v').""
1160,116500,174750,174,58250,"./coq_proof_harmonics.pl,prolog_fact,26,"coq_theorem('Inlining_correct', 'Inlining correct', 19, 'backend/Inlining.v').""
1161,116600,174900,174,58300,"./coq_proof_harmonics.pl,prolog_fact,27,"coq_theorem('Constprop_correct', 'Constant propagation correct', 23, 'backend/Constprop.v').""
1162,116700,175050,175,58350,"./coq_proof_harmonics.pl,prolog_fact,28,"coq_theorem('Allocation_correct', 'Register allocation correct', 29, 'backend/Allocation.v').""
1163,116800,175200,175,58400,"./coq_proof_harmonics.pl,prolog_fact,29,"coq_theorem('Linearize_correct', 'Linearization correct', 31, 'backend/Linearize.v').""
1164,116900,175350,175,58450,"./coq_proof_harmonics.pl,prolog_fact,30,"coq_theorem('Asmgen_correct', 'Assembly generation correct', 41, 'backend/Asmgen.v').""
1165,117000,175500,175,58500,"./coq_proof_harmonics.pl,prolog_fact,37,"prime_harmonic(2, 0.5).""
1166,117100,175650,175,58550,"./coq_proof_harmonics.pl,prolog_fact,38,"prime_harmonic(3, 0.333).""
1167,117200,175800,175,58600,"./coq_proof_harmonics.pl,prolog_fact,39,"prime_harmonic(5, 0.2).""
1168,117300,175950,175,58650,"./coq_proof_harmonics.pl,prolog_fact,40,"prime_harmonic(7, 0.143).""
1169,117400,176100,176,58700,"./coq_proof_harmonics.pl,prolog_fact,41,"prime_harmonic(11, 0.091).""
1170,117500,176250,176,58750,"./coq_proof_harmonics.pl,prolog_fact,42,"prime_harmonic(13, 0.077).""
1171,117600,176400,176,58800,"./coq_proof_harmonics.pl,prolog_fact,43,"prime_harmonic(17, 0.059).""
1172,117700,176550,176,58850,"./coq_proof_harmonics.pl,prolog_fact,44,"prime_harmonic(19, 0.053).""
1173,117800,176700,176,58900,"./coq_proof_harmonics.pl,prolog_fact,45,"prime_harmonic(23, 0.043).""
1174,117900,176850,176,58950,"./coq_proof_harmonics.pl,prolog_fact,46,"prime_harmonic(29, 0.034).""
1175,118000,177000,177,59000,"./coq_proof_harmonics.pl,prolog_fact,47,"prime_harmonic(31, 0.032).""
1176,118100,177150,177,59050,"./coq_proof_harmonics.pl,prolog_fact,48,"prime_harmonic(41, 0.024).""
1177,118200,177300,177,59100,"./coq_proof_harmonics.pl,prolog_fact,49,"prime_harmonic(71, 0.014).""
1178,118300,177450,177,59150,"./coq_proof_harmonics.pl,prolog_fact,52,"resonance(2, 3, 5, addition).      % 2+3=5""
1179,118400,177600,177,59200,"./coq_proof_harmonics.pl,prolog_fact,53,"resonance(2, 5, 7, addition).      % 2+5=7""
1180,118500,177750,177,59250,"./coq_proof_harmonics.pl,prolog_fact,54,"resonance(3, 5, 2, multiplication). % 3*5=15≈2 (mod 13)""
1181,118600,177900,177,59300,"./coq_proof_harmonics.pl,prolog_fact,55,"resonance(7, 11, 18, addition).    % 7+11=18""
1182,118700,178050,178,59350,"./coq_proof_harmonics.pl,prolog_fact,56,"resonance(13, 17, 30, addition).   % 13+17=30""
1183,118800,178200,178,59400,"./coq_proof_harmonics.pl,prolog_fact,57,"resonance(19, 23, 42, addition).   % 19+23=42≈41""
1184,118900,178350,178,59450,"./coq_proof_harmonics.pl,prolog_fact,58,"resonance(29, 31, 60, addition).   % 29+31=60""
1185,119000,178500,178,59500,"./coq_proof_harmonics.pl,prolog_fact,253,"emoji_prime(2, '🔴'). emoji_prime(3, '🟠'). emoji_prime(5, '🟡').""
1186,119100,178650,178,59550,"./coq_proof_harmonics.pl,prolog_fact,254,"emoji_prime(7, '🟢'). emoji_prime(11, '🔵'). emoji_prime(13, '🟣').""
1187,119200,178800,178,59600,"./coq_proof_harmonics.pl,prolog_fact,255,"emoji_prime(17, '🟤'). emoji_prime(19, '⚫'). emoji_prime(23, '⚪').""
1188,119300,178950,178,59650,"./coq_proof_harmonics.pl,prolog_fact,256,"emoji_prime(29, '🔺'). emoji_prime(31, '🔻'). emoji_prime(41, '🔷').""
1189,119400,179100,179,59700,"./coq_proof_harmonics.pl,prolog_fact,257,"emoji_prime(71, '🍄'). emoji_prime(_, '⚫').""
1190,119500,179250,179,59750,"./consume_parquet_git_prolog.pl,prolog_fact,9,"total_consumed(0).""
1191,119600,179400,179,59800,"./reason_scryer.pl,prolog_fact,15,"csv_rows([Row|Rows]) --> csv_row(Row), !, csv_rows(Rows).""
1192,119700,179550,179,59850,"./reason_scryer.pl,prolog_fact,16,"csv_rows([]) --> [].""
1193,119800,179700,179,59900,"./reason_scryer.pl,prolog_fact,18,"csv_row(Row) --> csv_fields(Row), "n".""
1194,119900,179850,179,59950,"./reason_scryer.pl,prolog_fact,19,"csv_row(Row) --> csv_fields(Row), eos.""
1195,120000,180000,180,60000,"./reason_scryer.pl,prolog_fact,21,"csv_fields([Field|Fields]) --> csv_field(Field), ",", !, csv_fields(Fields).""
1196,120100,180150,180,60050,"./reason_scryer.pl,prolog_fact,22,"csv_fields([Field]) --> csv_field(Field).""
1197,120200,180300,180,60100,"./reason_scryer.pl,prolog_fact,24,"csv_field(Field) --> """, string(Codes), """, { atom_codes(Field, Codes) }.""
1198,120300,180450,180,60150,"./reason_scryer.pl,prolog_fact,25,"csv_field(Field) --> string(Codes), { Codes = [], atom_codes(Field, Codes) }.""
1199,120400,180600,180,60200,"./index_all_parquets.pl,prolog_fact,5,"meta_parquet('/mnt/data1/time2/time/2023/07/30/meta-meme/plocate_witness/lists_of_lists.parquet').""
1200,120500,180750,180,60250,"./comprehend_lean_core.pl,prolog_fact,152,"emoji_prime(2, '🔴'). emoji_prime(3, '🟠'). emoji_prime(5, '🟡').""
1201,120600,180900,180,60300,"./comprehend_lean_core.pl,prolog_fact,153,"emoji_prime(7, '🟢'). emoji_prime(11, '🔵'). emoji_prime(13, '🟣').""
1202,120700,181050,181,60350,"./comprehend_lean_core.pl,prolog_fact,154,"emoji_prime(17, '🟤'). emoji_prime(19, '⚫').""
1203,120800,181200,181,60400,"./pump_token_tracker.pl,prolog_fact,12,"pump_token('BwUTq7fS6sfUmHDwAiCQZ3asSiPEapW5zDrsbwtapump').""
1204,120900,181350,181,60450,"./pump_token_tracker.pl,prolog_fact,13,"pump_token_balance(14.983088791).  % From account data""
1205,121000,181500,181,60500,"./pump_token_tracker.pl,prolog_fact,69,"cohort_member('Whale1', whale).""
1206,121100,181650,181,60550,"./pump_token_tracker.pl,prolog_fact,70,"cohort_member('Trader1', trader).""
1207,121200,181800,181,60600,"./pump_token_tracker.pl,prolog_fact,71,"cohort_member('Holder1', holder).""
1208,121300,181950,181,60650,"./pump_token_tracker.pl,prolog_fact,72,"cohort_member('Degen1', degen).""
1209,121400,182100,182,60700,"./pump_token_tracker.pl,prolog_fact,73,"cohort_member('Bot1', bot).""
1210,121500,182250,182,60750,"./extract_keywords_find_similar.pl,prolog_fact,12,"high_value_projects([""
1211,121600,182400,182,60800,"./automorphic_orbits.pl,prolog_fact,38,"automorphism(prolog_interpreter, prolog, prolog).""
1212,121700,182550,182,60850,"./automorphic_orbits.pl,prolog_fact,39,"automorphism(metacoq, coq, coq).""
1213,121800,182700,182,60900,"./automorphic_orbits.pl,prolog_fact,40,"automorphism(gcc_bootstrap, gcc, gcc).""
1214,121900,182850,182,60950,"./automorphic_orbits.pl,prolog_fact,52,"apply(prolog_interpreter, prolog, prolog).""
1215,122000,183000,183,61000,"./automorphic_orbits.pl,prolog_fact,53,"apply(metacoq, coq, coq).""
1216,122100,183150,183,61050,"./automorphic_orbits.pl,prolog_fact,54,"apply(gcc_bootstrap, gcc, gcc).""
1217,122200,183300,183,61100,"./automorphic_orbits.pl,prolog_fact,57,"orbit_length(prolog_interpreter, 1).""
1218,122300,183450,183,61150,"./automorphic_orbits.pl,prolog_fact,58,"orbit_length(metacoq, 1).""
1219,122400,183600,183,61200,"./automorphic_orbits.pl,prolog_fact,59,"orbit_length(gcc_bootstrap, 1).""
1220,122500,183750,183,61250,"./automorphic_orbits.pl,prolog_fact,73,"eigenvector(prolog_interpreter, athena, eigenvalue(1)).""
1221,122600,183900,183,61300,"./automorphic_orbits.pl,prolog_fact,74,"eigenvector(metacoq, athena, eigenvalue(1)).""
1222,122700,184050,184,61350,"./automorphic_orbits.pl,prolog_fact,75,"eigenvector(gcc_bootstrap, athena, eigenvalue(1)).""
1223,122800,184200,184,61400,"./automorphic_orbits.pl,prolog_fact,104,"self_referential_pattern(""
1224,122900,184350,184,61450,"./automorphic_orbits.pl,prolog_fact,109,"self_referential_pattern(""
1225,123000,184500,184,61500,"./automorphic_orbits.pl,prolog_fact,114,"self_referential_pattern(""
1226,123100,184650,184,61550,"./automorphic_orbits.pl,prolog_fact,126,"endofunctor(prolog_interpreter, category(logic_programming)).""
1227,123200,184800,184,61600,"./automorphic_orbits.pl,prolog_fact,127,"endofunctor(metacoq, category(type_theory)).""
1228,123300,184950,184,61650,"./automorphic_orbits.pl,prolog_fact,128,"endofunctor(gcc_bootstrap, category(compilation)).""
1229,123400,185100,185,61700,"./automorphic_orbits.pl,prolog_fact,131,"natural_transformation(System, identity, System).""
1230,123500,185250,185,61750,"./automorphic_orbits.pl,prolog_fact,140,"monad(prolog_interpreter).""
1231,123600,185400,185,61800,"./automorphic_orbits.pl,prolog_fact,141,"monad(metacoq).""
1232,123700,185550,185,61850,"./automorphic_orbits.pl,prolog_fact,142,"monad(gcc_bootstrap).""
1233,123800,185700,185,61900,"./automorphic_orbits.pl,prolog_fact,174,"athena_basis_vector(1, prolog_interpreter).""
1234,123900,185850,185,61950,"./automorphic_orbits.pl,prolog_fact,175,"athena_basis_vector(2, metacoq).""
1235,124000,186000,186,62000,"./automorphic_orbits.pl,prolog_fact,176,"athena_basis_vector(3, gcc_bootstrap).""
1236,124100,186150,186,62050,"./automorphic_orbits.pl,prolog_fact,177,"athena_basis_vector(4, lean4_self_hosting).""
1237,124200,186300,186,62100,"./automorphic_orbits.pl,prolog_fact,178,"athena_basis_vector(5, rust_self_compiling).""
1238,124300,186450,186,62150,"./automorphic_orbits.pl,prolog_fact,179,"athena_basis_vector(6, our_system).""
1239,124400,186600,186,62200,"./flag_lattice.pl,prolog_fact,12,"flag_prime(2, '-O0', 'No optimization').""
1240,124500,186750,186,62250,"./flag_lattice.pl,prolog_fact,13,"flag_prime(3, '-O1', 'Basic optimization').""
1241,124600,186900,186,62300,"./flag_lattice.pl,prolog_fact,14,"flag_prime(5, '-O2', 'Standard optimization').""
1242,124700,187050,187,62350,"./flag_lattice.pl,prolog_fact,15,"flag_prime(7, '-O3', 'Aggressive optimization').""
1243,124800,187200,187,62400,"./flag_lattice.pl,prolog_fact,16,"flag_prime(11, '-Os', 'Size optimization').""
1244,124900,187350,187,62450,"./flag_lattice.pl,prolog_fact,17,"flag_prime(13, '-march=native', 'Native architecture').""
1245,125000,187500,187,62500,"./flag_lattice.pl,prolog_fact,18,"flag_prime(17, '-fno-inline', 'Disable inlining').""
1246,125100,187650,187,62550,"./flag_lattice.pl,prolog_fact,19,"flag_prime(19, '-funroll-loops', 'Unroll loops').""
1247,125200,187800,187,62600,"./flag_lattice.pl,prolog_fact,286,"find_factor(N, _, N).""
1248,125300,187950,187,62650,"./flag_lattice.pl,prolog_fact,288,"emoji_prime(2, '🔴'). emoji_prime(3, '🟠'). emoji_prime(5, '🟡').""
1249,125400,188100,188,62700,"./flag_lattice.pl,prolog_fact,289,"emoji_prime(7, '🟢'). emoji_prime(11, '🔵'). emoji_prime(13, '🟣').""
1250,125500,188250,188,62750,"./closed_loop_primes.pl,prolog_fact,95,"(* Translated from Rust *)""
1251,125600,188400,188,62800,"./closed_loop_primes.pl,prolog_fact,97,"(* Prime checker *)""
1252,125700,188550,188,62850,"./closed_loop_primes.pl,prolog_fact,113,"(* Monster group primes *)""
1253,125800,188700,188,62900,"./closed_loop_primes.pl,prolog_fact,117,"(* Prime signature *)""
1254,125900,188850,188,62950,"./closed_loop_primes.pl,prolog_fact,121,"(* Theorem: All Monster primes are prime *)""
1255,126000,189000,189,63000,"./closed_loop_primes.pl,prolog_fact,130,"(* Theorem: Prime signature preserves structure *)""
1256,126100,189150,189,63050,"./closed_loop_primes.pl,prolog_fact,169,"(* Extracted from Coq *)""
1257,126200,189300,189,63100,"./closed_loop_primes.pl,prolog_fact,221,"(* Translated from OCaml *)""
1258,126300,189450,189,63150,"./expert_system_models.pl,prolog_fact,13,"concept(monster).""
1259,126400,189600,189,63200,"./expert_system_models.pl,prolog_fact,14,"concept(godel).""
1260,126500,189750,189,63250,"./expert_system_models.pl,prolog_fact,15,"concept(kurt).""
1261,126600,189900,189,63300,"./expert_system_models.pl,prolog_fact,16,"concept(umberto).""
1262,126700,190050,190,63350,"./expert_system_models.pl,prolog_fact,17,"concept(athena).""
1263,126800,190200,190,63400,"./expert_system_models.pl,prolog_fact,18,"concept(urania).""
1264,126900,190350,190,63450,"./expert_system_models.pl,prolog_fact,19,"concept(platonic).""
1265,127000,190500,190,63500,"./expert_system_models.pl,prolog_fact,20,"concept(pnm_lattice).""
1266,127100,190650,190,63550,"./expert_system_models.pl,prolog_fact,21,"concept(keywords).""
1267,127200,190800,190,63600,"./shard_into_71.pl,prolog_fact,7,"monster_primes([2,3,5,7,11,13,17,19,23,29,31,37,41,43,47,53,59,61,67,71]).""
1268,127300,190950,190,63650,"./reason_lists_of_lists.pl,prolog_fact,13,"prime_lattice([2,3,5,7,11,13,17,19,23,29,31,37,41,43,47,53,59,61,67,71]).""
1269,127400,191100,191,63700,"./extract_noweb.pl,prolog_fact,38,"extract_code_lines([], Acc, Acc).""
1270,127500,191250,191,63750,"./meta_prolog_universal_lift.pl,prolog_fact,12,"lift_level(0, source, 'Source code (Prolog/Coq/Lean4)').""
1271,127600,191400,191,63800,"./meta_prolog_universal_lift.pl,prolog_fact,13,"lift_level(1, meta_prolog, 'Meta-Prolog universal representation').""
1272,127700,191550,191,63850,"./meta_prolog_universal_lift.pl,prolog_fact,14,"lift_level(2, coq_term, 'Coq term via reflection').""
1273,127800,191700,191,63900,"./meta_prolog_universal_lift.pl,prolog_fact,15,"lift_level(3, metacoq_quote, 'MetaCoq quoted term').""
1274,127900,191850,191,63950,"./meta_prolog_universal_lift.pl,prolog_fact,16,"lift_level(4, ocaml_extract, 'OCaml via MetaCoq extraction').""
1275,128000,192000,192,64000,"./meta_prolog_universal_lift.pl,prolog_fact,17,"lift_level(5, rust_ffi, 'Rust via OCaml FFI').""
1276,128100,192150,192,64050,"./meta_prolog_universal_lift.pl,prolog_fact,18,"lift_level(6, wasm, 'WASM pure functions').""
1277,128200,192300,192,64100,"./perf_data.pl,prolog_fact,9,"perf_trace(0, 800, 1000, 10, 150).""
1278,128300,192450,192,64150,"./perf_data.pl,prolog_fact,10,"instruction_class(0, mixed, 1.25, 0.0100).""
1279,128400,192600,192,64200,"./perf_data.pl,prolog_fact,11,"prime_invariant(0, 2).""
1280,128500,192750,192,64250,"./perf_data.pl,prolog_fact,12,"harmonic_layer(0, 2).""
1281,128600,192900,192,64300,"./perf_data.pl,prolog_fact,13,"perf_trace(1, 1608, 2010, 20, 301).""
1282,128700,193050,193,64350,"./perf_data.pl,prolog_fact,14,"instruction_class(1, mixed, 1.25, 0.0100).""
1283,128800,193200,193,64400,"./perf_data.pl,prolog_fact,15,"prime_invariant(1, 3).""
1284,128900,193350,193,64450,"./perf_data.pl,prolog_fact,16,"harmonic_layer(1, 3).""
1285,129000,193500,193,64500,"./perf_data.pl,prolog_fact,17,"perf_trace(2, 2432, 3040, 30, 456).""
1286,129100,193650,193,64550,"./perf_data.pl,prolog_fact,18,"instruction_class(2, mixed, 1.25, 0.0099).""
1287,129200,193800,193,64600,"./perf_data.pl,prolog_fact,19,"prime_invariant(2, 5).""
1288,129300,193950,193,64650,"./perf_data.pl,prolog_fact,20,"harmonic_layer(2, 5).""
1289,129400,194100,194,64700,"./perf_data.pl,prolog_fact,21,"perf_trace(3, 3272, 4090, 40, 613).""
1290,129500,194250,194,64750,"./perf_data.pl,prolog_fact,22,"instruction_class(3, mixed, 1.25, 0.0098).""
1291,129600,194400,194,64800,"./perf_data.pl,prolog_fact,23,"prime_invariant(3, 7).""
1292,129700,194550,194,64850,"./perf_data.pl,prolog_fact,24,"harmonic_layer(3, 7).""
1293,129800,194700,194,64900,"./perf_data.pl,prolog_fact,25,"perf_trace(4, 4128, 5160, 51, 774).""
1294,129900,194850,194,64950,"./perf_data.pl,prolog_fact,26,"instruction_class(4, mixed, 1.25, 0.0099).""
1295,130000,195000,195,65000,"./perf_data.pl,prolog_fact,27,"prime_invariant(4, 11).""
1296,130100,195150,195,65050,"./perf_data.pl,prolog_fact,28,"harmonic_layer(4, 11).""
1297,130200,195300,195,65100,"./perf_data.pl,prolog_fact,29,"perf_trace(5, 5000, 6250, 62, 937).""
1298,130300,195450,195,65150,"./perf_data.pl,prolog_fact,30,"instruction_class(5, mixed, 1.25, 0.0099).""
1299,130400,195600,195,65200,"./perf_data.pl,prolog_fact,31,"prime_invariant(5, 13).""
1300,130500,195750,195,65250,"./perf_data.pl,prolog_fact,32,"harmonic_layer(5, 13).""
1301,130600,195900,195,65300,"./perf_data.pl,prolog_fact,33,"perf_trace(6, 5888, 7360, 73, 1104).""
1302,130700,196050,196,65350,"./perf_data.pl,prolog_fact,34,"instruction_class(6, mixed, 1.25, 0.0099).""
1303,130800,196200,196,65400,"./perf_data.pl,prolog_fact,35,"prime_invariant(6, 17).""
1304,130900,196350,196,65450,"./perf_data.pl,prolog_fact,36,"harmonic_layer(6, 17).""
1305,131000,196500,196,65500,"./perf_data.pl,prolog_fact,37,"perf_trace(7, 6792, 8490, 84, 1273).""
1306,131100,196650,196,65550,"./perf_data.pl,prolog_fact,38,"instruction_class(7, mixed, 1.25, 0.0099).""
1307,131200,196800,196,65600,"./perf_data.pl,prolog_fact,39,"prime_invariant(7, 19).""
1308,131300,196950,196,65650,"./perf_data.pl,prolog_fact,40,"harmonic_layer(7, 19).""
1309,131400,197100,197,65700,"./perf_data.pl,prolog_fact,67,"monster_prime(2).""
1310,131500,197250,197,65750,"./perf_data.pl,prolog_fact,68,"monster_prime(3).""
1311,131600,197400,197,65800,"./perf_data.pl,prolog_fact,69,"monster_prime(5).""
1312,131700,197550,197,65850,"./perf_data.pl,prolog_fact,70,"monster_prime(7).""
1313,131800,197700,197,65900,"./perf_data.pl,prolog_fact,71,"monster_prime(11).""
1314,131900,197850,197,65950,"./perf_data.pl,prolog_fact,72,"monster_prime(13).""
1315,132000,198000,198,66000,"./perf_data.pl,prolog_fact,73,"monster_prime(17).""
1316,132100,198150,198,66050,"./perf_data.pl,prolog_fact,74,"monster_prime(19).""
1317,132200,198300,198,66100,"./perf_data.pl,prolog_fact,75,"monster_prime(23).""
1318,132300,198450,198,66150,"./perf_data.pl,prolog_fact,76,"monster_prime(29).""
1319,132400,198600,198,66200,"./perf_data.pl,prolog_fact,77,"monster_prime(31).""
1320,132500,198750,198,66250,"./perf_data.pl,prolog_fact,78,"monster_prime(41).""
1321,132600,198900,198,66300,"./perf_data.pl,prolog_fact,79,"monster_prime(47).""
1322,132700,199050,199,66350,"./perf_data.pl,prolog_fact,80,"monster_prime(59).""
1323,132800,199200,199,66400,"./perf_data.pl,prolog_fact,81,"monster_prime(71).""
1324,132900,199350,199,66450,"./fail2llm.pl,prolog_fact,64,"encode_components([], []).""
1325,133000,199500,199,66500,"./self_hosting_prolog_tower.pl,prolog_fact,31,"eval(true, _).""
1326,133100,199650,199,66550,"./self_hosting_prolog_tower.pl,prolog_fact,36,"unify(X, X).""
1327,133200,199800,199,66600,"./self_hosting_prolog_tower.pl,prolog_fact,40,"clause_db([""
1328,133300,199950,199,66650,"./self_hosting_prolog_tower.pl,prolog_fact,57,"(* Prolog terms *)""
1329,133400,200100,200,66700,"./self_hosting_prolog_tower.pl,prolog_fact,63,"(* Prolog goals *)""
1330,133500,200250,200,66750,"./self_hosting_prolog_tower.pl,prolog_fact,70,"(* Environment: list of clauses *)""
1331,133600,200400,200,66800,"./self_hosting_prolog_tower.pl,prolog_fact,74,"(* Substitution *)""
1332,133700,200550,200,66850,"./self_hosting_prolog_tower.pl,prolog_fact,77,"(* Unification *)""
1333,133800,200700,200,66900,"./self_hosting_prolog_tower.pl,prolog_fact,106,"(* Prolog interpreter *)""
1334,133900,200850,200,66950,"./self_hosting_prolog_tower.pl,prolog_fact,134,"(* Example: factorial *)""
1335,134000,201000,201,67000,"./self_hosting_prolog_tower.pl,prolog_fact,146,"(* Correctness theorem *)""
1336,134100,201150,201,67050,"./project_expert.pl,prolog_fact,53,"index_file(_).  % Skip non-code files""
1337,134200,201300,201,67100,"./project_expert.pl,prolog_fact,85,"extract_functions(_, _, _).  % Default: no extraction""
1338,134300,201450,201,67150,"./project_expert.pl,prolog_fact,267,"take(_, List, List).""
1339,134400,201600,201,67200,"./oracle_git_history_mcts.pl,prolog_fact,35,"parse_commits([], _, _).""
1340,134500,201750,201,67250,"./godel_programs.pl,prolog_fact,13,"prime_feature(2, types, '""
1341,134600,201900,201,67300,"./godel_programs.pl,prolog_fact,21,"prime_feature(3, operators, '""
1342,134700,202050,202,67350,"./godel_programs.pl,prolog_fact,31,"prime_feature(5, variables, '""
1343,134800,202200,202,67400,"./godel_programs.pl,prolog_fact,41,"prime_feature(7, control, '""
1344,134900,202350,202,67450,"./godel_programs.pl,prolog_fact,52,"prime_feature(11, functions, '""
1345,135000,202500,202,67500,"./godel_programs.pl,prolog_fact,63,"prime_feature(13, pointers, '""
1346,135100,202650,202,67550,"./godel_programs.pl,prolog_fact,72,"prime_feature(17, structures, '""
1347,135200,202800,202,67600,"./godel_programs.pl,prolog_fact,86,"prime_feature(19, arrays, '""
1348,135300,202950,202,67650,"./godel_programs.pl,prolog_fact,95,"prime_feature(23, memory, '""
1349,135400,203100,203,67700,"./godel_programs.pl,prolog_fact,117,"multiply_list([], 1).""
1350,135500,203250,203,67750,"./godel_programs.pl,prolog_fact,153,"find_factor(N, _, N).""
1351,135600,203400,203,67800,"./godel_programs.pl,prolog_fact,155,"merge_code([], '').""
1352,135700,203550,203,67850,"./godel_programs.pl,prolog_fact,291,"emoji_prime(2, '🔴'). emoji_prime(3, '🟠'). emoji_prime(5, '🟡').""
1353,135800,203700,203,67900,"./godel_programs.pl,prolog_fact,292,"emoji_prime(7, '🟢'). emoji_prime(11, '🔵'). emoji_prime(13, '🟣').""
1354,135900,203850,203,67950,"./godel_programs.pl,prolog_fact,293,"emoji_prime(17, '🟤'). emoji_prime(19, '⚫'). emoji_prime(23, '⚪').""
1355,136000,204000,204,68000,"./bott_k_theory.pl,prolog_fact,17,"bott_period(8).""
1356,136100,204150,204,68050,"./bott_k_theory.pl,prolog_fact,88,"k_class(0, 'K⁰', 'Trivial bundle - identity').""
1357,136200,204300,204,68100,"./bott_k_theory.pl,prolog_fact,89,"k_class(1, 'K¹', 'Line bundle - Hopf fibration').""
1358,136300,204450,204,68150,"./bott_k_theory.pl,prolog_fact,90,"k_class(2, 'K²', 'Quaternionic - symplectic').""
1359,136400,204600,204,68200,"./bott_k_theory.pl,prolog_fact,91,"k_class(3, 'K³', 'Octonionic - exceptional').""
1360,136500,204750,204,68250,"./bott_k_theory.pl,prolog_fact,92,"k_class(4, 'K⁴', 'Real - orthogonal').""
1361,136600,204900,204,68300,"./bott_k_theory.pl,prolog_fact,93,"k_class(5, 'K⁵', 'Complex - unitary').""
1362,136700,205050,205,68350,"./bott_k_theory.pl,prolog_fact,94,"k_class(6, 'K⁶', 'Quaternionic dual').""
1363,136800,205200,205,68400,"./bott_k_theory.pl,prolog_fact,95,"k_class(7, 'K⁷', 'Octonionic dual').""
1364,136900,205350,205,68450,"./bott_k_theory.pl,prolog_fact,125,"sum_alternating([], 0).""
1365,137000,205500,205,68500,"./bott_k_theory.pl,prolog_fact,126,"sum_alternating([X], X).""
1366,137100,205650,205,68550,"./bott_k_theory.pl,prolog_fact,150,"homotopy_group(0, 'ℤ').""
1367,137200,205800,205,68600,"./bott_k_theory.pl,prolog_fact,151,"homotopy_group(1, 'ℤ/2ℤ').""
1368,137300,205950,205,68650,"./bott_k_theory.pl,prolog_fact,152,"homotopy_group(2, 'ℤ/2ℤ').""
1369,137400,206100,206,68700,"./bott_k_theory.pl,prolog_fact,153,"homotopy_group(3, 'ℤ/24ℤ').""
1370,137500,206250,206,68750,"./bott_k_theory.pl,prolog_fact,154,"homotopy_group(4, '0').""
1371,137600,206400,206,68800,"./bott_k_theory.pl,prolog_fact,155,"homotopy_group(5, '0').""
1372,137700,206550,206,68850,"./bott_k_theory.pl,prolog_fact,156,"homotopy_group(6, 'ℤ').""
1373,137800,206700,206,68900,"./bott_k_theory.pl,prolog_fact,157,"homotopy_group(7, 'ℤ/2ℤ').""
1374,137900,206850,206,68950,"./test_variations.pl,prolog_fact,12,"variation(2, 1, 'int only', '""
1375,138000,207000,207,69000,"./test_variations.pl,prolog_fact,16,"variation(2, 2, 'char only', '""
1376,138100,207150,207,69050,"./test_variations.pl,prolog_fact,20,"variation(2, 3, 'int + char', '""
1377,138200,207300,207,69100,"./test_variations.pl,prolog_fact,24,"variation(2, 4, 'multiple types', '""
1378,138300,207450,207,69150,"./test_variations.pl,prolog_fact,29,"variation(3, 1, 'add only', '""
1379,138400,207600,207,69200,"./test_variations.pl,prolog_fact,33,"variation(3, 2, 'multiply only', '""
1380,138500,207750,207,69250,"./test_variations.pl,prolog_fact,37,"variation(3, 3, 'add + multiply', '""
1381,138600,207900,207,69300,"./test_variations.pl,prolog_fact,41,"variation(3, 4, 'subtract', '""
1382,138700,208050,208,69350,"./test_variations.pl,prolog_fact,45,"variation(3, 5, 'divide', '""
1383,138800,208200,208,69400,"./test_variations.pl,prolog_fact,49,"variation(3, 6, 'add + subtract', '""
1384,138900,208350,208,69450,"./test_variations.pl,prolog_fact,53,"variation(3, 7, 'multiply + divide', '""
1385,139000,208500,208,69500,"./test_variations.pl,prolog_fact,57,"variation(3, 8, 'all operators', '""
1386,139100,208650,208,69550,"./test_variations.pl,prolog_fact,62,"variation(5, 1, 'single var', '""
1387,139200,208800,208,69600,"./test_variations.pl,prolog_fact,66,"variation(5, 2, 'two vars', '""
1388,139300,208950,208,69650,"./test_variations.pl,prolog_fact,70,"variation(5, 3, 'chain assignment', '""
1389,139400,209100,209,69700,"./test_variations.pl,prolog_fact,74,"variation(5, 4, 'multiple assign', '""
1390,139500,209250,209,69750,"./test_variations.pl,prolog_fact,79,"variation(7, 1, 'if only', '""
1391,139600,209400,209,69800,"./test_variations.pl,prolog_fact,83,"variation(7, 2, 'if-else', '""
1392,139700,209550,209,69850,"./test_variations.pl,prolog_fact,87,"variation(7, 3, 'nested if', '""
1393,139800,209700,209,69900,"./test_variations.pl,prolog_fact,91,"variation(7, 4, 'while loop', '""
1394,139900,209850,209,69950,"./test_variations.pl,prolog_fact,95,"variation(7, 5, 'for loop', '""
1395,140000,210000,210,70000,"./test_variations.pl,prolog_fact,99,"variation(7, 6, 'if + while', '""
1396,140100,210150,210,70050,"./test_variations.pl,prolog_fact,103,"variation(7, 7, 'nested loops', '""
1397,140200,210300,210,70100,"./test_variations.pl,prolog_fact,107,"variation(7, 8, 'complex control', '""
1398,140300,210450,210,70150,"./test_variations.pl,prolog_fact,112,"variation(11, 1, 'simple call', '""
1399,140400,210600,210,70200,"./test_variations.pl,prolog_fact,117,"variation(11, 2, 'with param', '""
1400,140500,210750,210,70250,"./test_variations.pl,prolog_fact,122,"variation(11, 3, 'multiple params', '""
1401,140600,210900,210,70300,"./test_variations.pl,prolog_fact,127,"variation(11, 4, 'recursive', '""
1402,140700,211050,211,70350,"./test_variations.pl,prolog_fact,327,"emoji_prime(2, '🔴'). emoji_prime(3, '🟠'). emoji_prime(5, '🟡').""
1403,140800,211200,211,70400,"./test_variations.pl,prolog_fact,328,"emoji_prime(7, '🟢'). emoji_prime(11, '🔵'). emoji_prime(13, '🟣').""
1404,140900,211350,211,70450,"./generate_hf_datasets.pl,prolog_fact,11,"monster_primes([2,3,5,7,11,13,17,19,23,29,31,37,41,43,47,53,59,61,67,71]).""
1405,141000,211500,211,70500,"./generate_hf_datasets.pl,prolog_fact,21,"prime_domain(2, types, "Foundation of computation").""
1406,141100,211650,211,70550,"./generate_hf_datasets.pl,prolog_fact,22,"prime_domain(3, operators, "Mathematical operations").""
1407,141200,211800,211,70600,"./generate_hf_datasets.pl,prolog_fact,23,"prime_domain(5, variables, "State and mutation").""
1408,141300,211950,211,70650,"./generate_hf_datasets.pl,prolog_fact,24,"prime_domain(7, control, "Branching and flow").""
1409,141400,212100,212,70700,"./generate_hf_datasets.pl,prolog_fact,25,"prime_domain(11, functions, "Abstraction and composition").""
1410,141500,212250,212,70750,"./generate_hf_datasets.pl,prolog_fact,26,"prime_domain(13, pointers, "Memory references").""
1411,141600,212400,212,70800,"./generate_hf_datasets.pl,prolog_fact,27,"prime_domain(17, structures, "Data organization").""
1412,141700,212550,212,70850,"./generate_hf_datasets.pl,prolog_fact,28,"prime_domain(19, arrays, "Collections and sequences").""
1413,141800,212700,212,70900,"./generate_hf_datasets.pl,prolog_fact,29,"prime_domain(23, memory, "Resource management").""
1414,141900,212850,212,70950,"./generate_hf_datasets.pl,prolog_fact,30,"prime_domain(29, optimization, "Performance tuning").""
1415,142000,213000,213,71000,"./generate_hf_datasets.pl,prolog_fact,31,"prime_domain(31, output, "Communication and I/O").""
1416,142100,213150,213,71050,"./generate_hf_datasets.pl,prolog_fact,32,"prime_domain(37, loops, "Iteration and repetition").""
1417,142200,213300,213,71100,"./generate_hf_datasets.pl,prolog_fact,33,"prime_domain(41, machine, "Low-level execution").""
1418,142300,213450,213,71150,"./generate_hf_datasets.pl,prolog_fact,34,"prime_domain(43, safety, "Correctness guarantees").""
1419,142400,213600,213,71200,"./generate_hf_datasets.pl,prolog_fact,35,"prime_domain(47, network, "Distributed systems").""
1420,142500,213750,213,71250,"./generate_hf_datasets.pl,prolog_fact,36,"prime_domain(53, generics, "Polymorphism").""
1421,142600,213900,213,71300,"./generate_hf_datasets.pl,prolog_fact,37,"prime_domain(59, macros, "Metaprogramming").""
1422,142700,214050,214,71350,"./generate_hf_datasets.pl,prolog_fact,38,"prime_domain(61, reflection, "Introspection").""
1423,142800,214200,214,71400,"./generate_hf_datasets.pl,prolog_fact,39,"prime_domain(67, metaprogramming, "Code generation").""
1424,142900,214350,214,71450,"./generate_hf_datasets.pl,prolog_fact,40,"prime_domain(71, universe, "Type theory and foundations").""
1425,143000,214500,214,71500,"./generate_hf_datasets.pl,prolog_fact,85,"get_code_flavor(2, "Rust: pub enum Type { Int, Bool, Char }").""
1426,143100,214650,214,71550,"./generate_hf_datasets.pl,prolog_fact,86,"get_code_flavor(3, "Prolog: operator(+, 3). operator(*, 5).").""
1427,143200,214800,214,71600,"./generate_hf_datasets.pl,prolog_fact,87,"get_code_flavor(5, "Lean4: def variable (α : Type) : Type := α").""
1428,143300,214950,214,71650,"./generate_hf_datasets.pl,prolog_fact,88,"get_code_flavor(7, "LLVM: br i1 %cond, label %then, label %else").""
1429,143400,215100,215,71700,"./generate_hf_datasets.pl,prolog_fact,89,"get_code_flavor(11, "Rust: fn map<F>(self, f: F) -> Self where F: Fn(T) -> U").""
1430,143500,215250,215,71750,"./generate_hf_datasets.pl,prolog_fact,90,"get_code_flavor(13, "C: int *ptr = &value; *ptr = 42;").""
1431,143600,215400,215,71800,"./generate_hf_datasets.pl,prolog_fact,91,"get_code_flavor(17, "Rust: struct Point { x: i32, y: i32 }").""
1432,143700,215550,215,71850,"./generate_hf_datasets.pl,prolog_fact,92,"get_code_flavor(19, "Prolog: array([1,2,3,4,5]).").""
1433,143800,215700,215,71900,"./generate_hf_datasets.pl,prolog_fact,93,"get_code_flavor(23, "Rust: Box::new(value) // heap allocation").""
1434,143900,215850,215,71950,"./generate_hf_datasets.pl,prolog_fact,94,"get_code_flavor(29, "LLVM: %opt = add nsw i32 %a, %b").""
1435,144000,216000,216,72000,"./generate_hf_datasets.pl,prolog_fact,95,"get_code_flavor(31, "Rust: println!("{}", value);").""
1436,144100,216150,216,72050,"./generate_hf_datasets.pl,prolog_fact,96,"get_code_flavor(37, "Rust: for item in collection { process(item); }").""
1437,144200,216300,216,72100,"./generate_hf_datasets.pl,prolog_fact,97,"get_code_flavor(41, "Assembly: mov rax, [rbp-8]").""
1438,144300,216450,216,72150,"./generate_hf_datasets.pl,prolog_fact,98,"get_code_flavor(43, "Rust: fn borrow<'a>(x: &'a T) -> &'a T").""
1439,144400,216600,216,72200,"./generate_hf_datasets.pl,prolog_fact,99,"get_code_flavor(47, "Rust: tokio::spawn(async { tcp_server().await })").""
1440,144500,216750,216,72250,"./generate_hf_datasets.pl,prolog_fact,100,"get_code_flavor(53, "Rust: impl<T: Clone> MyTrait for T").""
1441,144600,216900,216,72300,"./generate_hf_datasets.pl,prolog_fact,101,"get_code_flavor(59, "Rust: macro_rules! vec { ($($x:expr),*) => { ... } }").""
1442,144700,217050,217,72350,"./generate_hf_datasets.pl,prolog_fact,102,"get_code_flavor(61, "Rust: std::any::type_name::<T>()").""
1443,144800,217200,217,72400,"./generate_hf_datasets.pl,prolog_fact,104,"get_code_flavor(71, "Lean4: universe u; Type u : Type (u+1)").""
1444,144900,217350,217,72450,"./self_eigenvector.pl,prolog_fact,16,"emoji_prime(2, '🔴').   % Red - fundamental""
1445,145000,217500,217,72500,"./self_eigenvector.pl,prolog_fact,17,"emoji_prime(3, '🟠').   % Orange""
1446,145100,217650,217,72550,"./self_eigenvector.pl,prolog_fact,18,"emoji_prime(5, '🟡').   % Yellow""
1447,145200,217800,217,72600,"./self_eigenvector.pl,prolog_fact,19,"emoji_prime(7, '🟢').   % Green""
1448,145300,217950,217,72650,"./self_eigenvector.pl,prolog_fact,20,"emoji_prime(11, '🔵').  % Blue""
1449,145400,218100,218,72700,"./self_eigenvector.pl,prolog_fact,21,"emoji_prime(13, '🟣').  % Purple""
1450,145500,218250,218,72750,"./self_eigenvector.pl,prolog_fact,22,"emoji_prime(17, '🟤').  % Brown""
1451,145600,218400,218,72800,"./self_eigenvector.pl,prolog_fact,23,"emoji_prime(19, '⚫').  % Black""
1452,145700,218550,218,72850,"./self_eigenvector.pl,prolog_fact,24,"emoji_prime(23, '⚪').  % White""
1453,145800,218700,218,72900,"./self_eigenvector.pl,prolog_fact,25,"emoji_prime(29, '🔺').  % Triangle""
1454,145900,218850,218,72950,"./self_eigenvector.pl,prolog_fact,26,"emoji_prime(31, '🔻').  % Inverted triangle""
1455,146000,219000,219,73000,"./self_eigenvector.pl,prolog_fact,27,"emoji_prime(37, '🔶').  % Diamond""
1456,146100,219150,219,73050,"./self_eigenvector.pl,prolog_fact,28,"emoji_prime(41, '🔷').  % Blue diamond""
1457,146200,219300,219,73100,"./self_eigenvector.pl,prolog_fact,29,"emoji_prime(43, '🔸').  % Small diamond""
1458,146300,219450,219,73150,"./self_eigenvector.pl,prolog_fact,30,"emoji_prime(47, '🔹').  % Small blue diamond""
1459,146400,219600,219,73200,"./self_eigenvector.pl,prolog_fact,31,"emoji_prime(53, '⭐').  % Star""
1460,146500,219750,219,73250,"./self_eigenvector.pl,prolog_fact,32,"emoji_prime(59, '✨').  % Sparkles""
1461,146600,219900,219,73300,"./self_eigenvector.pl,prolog_fact,33,"emoji_prime(61, '💫').  % Dizzy""
1462,146700,220050,220,73350,"./self_eigenvector.pl,prolog_fact,34,"emoji_prime(67, '🌟').  % Glowing star""
1463,146800,220200,220,73400,"./self_eigenvector.pl,prolog_fact,35,"emoji_prime(71, '🍄').  % Mushroom (fixed point)""
1464,146900,220350,220,73450,"./self_eigenvector.pl,prolog_fact,88,"action_complexity(reading_self, 2).""
1465,147000,220500,220,73500,"./self_eigenvector.pl,prolog_fact,89,"action_complexity(read_content, 3).""
1466,147100,220650,220,73550,"./self_eigenvector.pl,prolog_fact,90,"action_complexity(analyzing, 5).""
1467,147200,220800,220,73600,"./self_eigenvector.pl,prolog_fact,91,"action_complexity(converging, 7).""
1468,147300,220950,220,73650,"./self_eigenvector.pl,prolog_fact,92,"action_complexity(fixed_point, 71).""
1469,147400,221100,221,73700,"./self_eigenvector.pl,prolog_fact,119,"prime_lattice([2,3,5,7,11,13,17,19,23,29,31,37,41,43,47,53,59,61,67,71]).""
1470,147500,221250,221,73750,"./self_eigenvector.pl,prolog_fact,123,"find_nearest_prime(_, [], 71). % Default to mushroom""
1471,147600,221400,221,73800,"./universal_coq_consumer.pl,prolog_fact,27,"translator(rust, coq, 'coq-of-rust', 'https://github.com/formal-land/coq-of-rust').""
1472,147700,221550,221,73850,"./universal_coq_consumer.pl,prolog_fact,30,"translator(ocaml, coq, 'coq-of-ocaml', 'https://github.com/formal-land/coq-of-ocaml').""
1473,147800,221700,221,73900,"./universal_coq_consumer.pl,prolog_fact,33,"translator(typescript, coq, 'coq-of-ts', 'https://github.com/formal-land/coq-of-ts').""
1474,147900,221850,221,73950,"./universal_coq_consumer.pl,prolog_fact,36,"translator(c, coq, 'compcert', 'https://github.com/AbsInt/CompCert.git').""
1475,148000,222000,222,74000,"./universal_coq_consumer.pl,prolog_fact,39,"translator(prolog, coq, 'prolog-to-coq', 'self_hosting_prolog_tower.pl').""
1476,148100,222150,222,74050,"./universal_coq_consumer.pl,prolog_fact,226,"(* All factorial implementations *)""
1477,148200,222300,222,74100,"./universal_coq_consumer.pl,prolog_fact,251,"(* Unification theorem *)""
1478,148300,222450,222,74150,"./universal_coq_consumer.pl,prolog_fact,265,"(* Corollary: All are equal *)""
1479,148400,222600,222,74200,"./universal_coq_consumer.pl,prolog_fact,280,"(* The 1980s dream: Verified unification! *)""
1480,148500,222750,222,74250,"./zk_witness_system.pl,prolog_fact,252,"chain(solana, mainnet, 'https://api.mainnet-beta.solana.com', 400).""
1481,148600,222900,222,74300,"./zk_witness_system.pl,prolog_fact,253,"chain(ethereum, mainnet, 'https://eth.llamarpc.com', 12000).""
1482,148700,223050,223,74350,"./zk_witness_system.pl,prolog_fact,254,"chain(bitcoin, mainnet, 'https://blockstream.info/api', 600000).""
1483,148800,223200,223,74400,"./generated/zkprologml_mes.pl,prolog_fact,5,"prime(2). prime(3). prime(5). prime(7). prime(11). prime(13).""
1484,148900,223350,223,74450,"./generated/zkprologml_mes.pl,prolog_fact,8,"mes_c_program(factorial, [""
1485,149000,223500,223,74500,"./generated/zkprologml_mes.pl,prolog_fact,14,"scheme_program(factorial_proof, [""
1486,149100,223650,223,74550,"./generated/zkprologml_mes.pl,prolog_fact,20,"theorem(scheme_verifies_c,""
1487,149200,223800,223,74600,"./generated/emoji_patterns.pl,prolog_fact,3,"emoji_prime('🔢', 2).""
1488,149300,223950,223,74650,"./generated/emoji_patterns.pl,prolog_fact,4,"emoji_prime('⚡', 3).""
1489,149400,224100,224,74700,"./generated/emoji_patterns.pl,prolog_fact,5,"emoji_prime('📦', 5).""
1490,149500,224250,224,74750,"./generated/emoji_patterns.pl,prolog_fact,6,"emoji_prime('🔀', 7).""
1491,149600,224400,224,74800,"./generated/emoji_patterns.pl,prolog_fact,7,"emoji_prime('🎯', 11).""
1492,149700,224550,224,74850,"./generated/emoji_patterns.pl,prolog_fact,8,"emoji_prime('👉', 13).""
1493,149800,224700,224,74900,"./generated/emoji_patterns.pl,prolog_fact,9,"emoji_prime('🏗️', 17).""
1494,149900,224850,224,74950,"./generated/emoji_patterns.pl,prolog_fact,10,"emoji_prime('📊', 19).""
1495,150000,225000,225,75000,"./generated/emoji_patterns.pl,prolog_fact,11,"emoji_prime('💾', 23).""
1496,150100,225150,225,75050,"./generated/emoji_patterns.pl,prolog_fact,12,"emoji_prime('⚙️', 29).""
1497,150200,225300,225,75100,"./generated/emoji_patterns.pl,prolog_fact,13,"emoji_prime('📤', 31).""
1498,150300,225450,225,75150,"./generated/emoji_patterns.pl,prolog_fact,14,"emoji_prime('🔄', 37).""
1499,150400,225600,225,75200,"./generated/emoji_patterns.pl,prolog_fact,15,"emoji_prime('🤖', 41).""
1500,150500,225750,225,75250,"./generated/emoji_patterns.pl,prolog_fact,16,"emoji_prime('🔐', 43).""
1501,150600,225900,225,75300,"./generated/emoji_patterns.pl,prolog_fact,17,"emoji_prime('🌐', 47).""
1502,150700,226050,226,75350,"./generated/emoji_patterns.pl,prolog_fact,18,"emoji_prime('🧬', 53).""
1503,150800,226200,226,75400,"./generated/emoji_patterns.pl,prolog_fact,19,"emoji_prime('🎨', 59).""
1504,150900,226350,226,75450,"./generated/emoji_patterns.pl,prolog_fact,20,"emoji_prime('🔬', 61).""
1505,151000,226500,226,75500,"./generated/emoji_patterns.pl,prolog_fact,21,"emoji_prime('🌌', 67).""
1506,151100,226650,226,75550,"./generated/emoji_patterns.pl,prolog_fact,22,"emoji_prime('♾️', 71).""
1507,151200,226800,226,75600,"./generated/extracted_verify.pl,prolog_fact,2,"monster_primes([[2,3,5,7,11,13,17,19,23,29,31,37,41,43,47,53,59,61,67,71]]).""
1508,151300,226950,226,75650,"./generated/extracted_verify.pl,prolog_fact,3,"correlation_coefficient(0.000).""
1509,151400,227100,227,75700,"./generated/extracted_verify.pl,prolog_fact,5,"prime_feature(2, types, "int, bool, char").""
1510,151500,227250,227,75750,"./generated/extracted_verify.pl,prolog_fact,8,"prime_feature(3, operators, "+, -, *, /").""
1511,151600,227400,227,75800,"./generated/extracted_verify.pl,prolog_fact,11,"prime_feature(5, variables, "x, y, z").""
1512,151700,227550,227,75850,"./generated/extracted_verify.pl,prolog_fact,14,"prime_feature(7, control, "if, while, for").""
1513,151800,227700,227,75900,"./generated/extracted_verify.pl,prolog_fact,17,"prime_feature(11, functions, "def, fn, lambda").""
1514,151900,227850,227,75950,"./generated/extracted_verify.pl,prolog_fact,20,"prime_feature(13, pointers, "*ptr, &ref").""
1515,152000,228000,228,76000,"./generated/extracted_verify.pl,prolog_fact,23,"prime_feature(17, structures, "struct, record").""
1516,152100,228150,228,76050,"./generated/extracted_verify.pl,prolog_fact,26,"prime_feature(19, arrays, "[], vector").""
1517,152200,228300,228,76100,"./generated/extracted_verify.pl,prolog_fact,29,"prime_feature(23, memory, "malloc, free").""
1518,152300,228450,228,76150,"./generated/extracted_verify.pl,prolog_fact,32,"prime_feature(29, optimization, "SSA, inlining").""
1519,152400,228600,228,76200,"./generated/extracted_verify.pl,prolog_fact,35,"prime_feature(31, output, "print, write").""
1520,152500,228750,228,76250,"./generated/extracted_verify.pl,prolog_fact,38,"prime_feature(41, machine, "assembly, linking").""
1521,152600,228900,228,76300,"./generated/extracted_verify.pl,prolog_fact,41,"prime_feature(71, universe, "type theory").""
1522,152700,229050,229,76350,"./generated/extracted_verify.pl,prolog_fact,49,"product([], 1).""
1523,152800,229200,229,76400,"./generated/extracted_verify.pl,prolog_fact,94,"program_has_feature(test_program, types).""
1524,152900,229350,229,76450,"./generated/extracted_verify.pl,prolog_fact,95,"program_has_feature(test_program, operators).""
1525,153000,229500,229,76500,"./lift_to_metacoq.pl,prolog_fact,12,"lift_level(0, c_syntax, 'C source code').""
1526,153100,229650,229,76550,"./lift_to_metacoq.pl,prolog_fact,15,"lift_level(1, compcert_ir, 'CompCert intermediate representation').""
1527,153200,229800,229,76600,"./lift_to_metacoq.pl,prolog_fact,18,"lift_level(2, coq_proof, 'Coq theorem about correctness').""
1528,153300,229950,229,76650,"./lift_to_metacoq.pl,prolog_fact,21,"lift_level(3, metacoq_term, 'MetaCoq quoted term').""
1529,153400,230100,230,76700,"./lift_to_metacoq.pl,prolog_fact,24,"lift_level(4, metacoq_type, 'MetaCoq type of term').""
1530,153500,230250,230,76750,"./lift_to_metacoq.pl,prolog_fact,27,"lift_level(5, universe, 'Coq universe level').""
1531,153600,230400,230,76800,"./lift_to_metacoq.pl,prolog_fact,34,"example_c('int factorial(int n) { if (n <= 1) return 1; return n * factorial(n - 1); }').""
1532,153700,230550,230,76850,"./lift_to_metacoq.pl,prolog_fact,37,"example_clight('""
1533,153800,230700,230,76900,"./lift_to_metacoq.pl,prolog_fact,54,"example_coq_proof('""
1534,153900,230850,230,76950,"./lift_to_metacoq.pl,prolog_fact,74,"example_metacoq_quote('""
1535,154000,231000,231,77000,"./lift_to_metacoq.pl,prolog_fact,77,"(* Output: *)""
1536,154100,231150,231,77050,"./lift_to_metacoq.pl,prolog_fact,85,"example_metacoq_type('""
1537,154200,231300,231,77100,"./lift_to_metacoq.pl,prolog_fact,93,"(* Type: Prop *)""
1538,154300,231450,231,77150,"./lift_to_metacoq.pl,prolog_fact,97,"example_universe('""
1539,154400,231600,231,77200,"./lift_to_metacoq.pl,prolog_fact,106,"(* Universe: Set (level 0) *)""
1540,154500,231750,231,77250,"./lift_to_metacoq.pl,prolog_fact,189,"level_complexity(0, 2, 'C syntax').""
1541,154600,231900,231,77300,"./lift_to_metacoq.pl,prolog_fact,190,"level_complexity(1, 5, 'CompCert IR').""
1542,154700,232050,232,77350,"./lift_to_metacoq.pl,prolog_fact,191,"level_complexity(2, 11, 'Coq proof').""
1543,154800,232200,232,77400,"./lift_to_metacoq.pl,prolog_fact,192,"level_complexity(3, 23, 'MetaCoq quote').""
1544,154900,232350,232,77450,"./lift_to_metacoq.pl,prolog_fact,193,"level_complexity(4, 41, 'MetaCoq type').""
1545,155000,232500,232,77500,"./lift_to_metacoq.pl,prolog_fact,194,"level_complexity(5, 71, 'Universe').""
1546,155100,232650,232,77550,"./lift_to_metacoq.pl,prolog_fact,219,"multiply_list([], 1).""
1547,155200,232800,232,77600,"./lift_to_metacoq.pl,prolog_fact,296,"emoji_prime(2, '🔴'). emoji_prime(3, '🟠'). emoji_prime(5, '🟡').""
1548,155300,232950,232,77650,"./lift_to_metacoq.pl,prolog_fact,297,"emoji_prime(7, '🟢'). emoji_prime(11, '🔵'). emoji_prime(13, '🟣').""
1549,155400,233100,233,77700,"./lift_to_metacoq.pl,prolog_fact,298,"emoji_prime(17, '🟤'). emoji_prime(19, '⚫'). emoji_prime(23, '⚪').""
1550,155500,233250,233,77750,"./lift_to_metacoq.pl,prolog_fact,299,"emoji_prime(29, '🔺'). emoji_prime(31, '🔻'). emoji_prime(41, '🔷').""
1551,155600,233400,233,77800,"./lift_to_metacoq.pl,prolog_fact,300,"emoji_prime(71, '🍄').""
1552,155700,233550,233,77850,"./meta_expert_system.pl,prolog_fact,34,"tool_prime(rust, 2).        % Foundation""
1553,155800,233700,233,77900,"./meta_expert_system.pl,prolog_fact,35,"tool_prime(prolog, 71).     % Universe""
1554,155900,233850,233,77950,"./meta_expert_system.pl,prolog_fact,36,"tool_prime(lean4, 61).      % Reflection""
1555,156000,234000,234,78000,"./meta_expert_system.pl,prolog_fact,37,"tool_prime(minizinc, 29).   % Optimization""
1556,156100,234150,234,78050,"./meta_expert_system.pl,prolog_fact,38,"tool_prime(nix, 23).        % Memory/Build""
1557,156200,234300,234,78100,"./meta_expert_system.pl,prolog_fact,39,"tool_prime(shell, 31).      % Output/Execution""
1558,156300,234450,234,78150,"./meta_expert_system.pl,prolog_fact,40,"tool_prime(python, 67).     % Metaprogramming""
1559,156400,234600,234,78200,"./meta_expert_system.pl,prolog_fact,68,"task_prime('find parquet files', 2).      % Rust (fast I/O)""
1560,156500,234750,234,78250,"./meta_expert_system.pl,prolog_fact,69,"task_prime('analyze data', 67).           % Python (data science)""
1561,156600,234900,234,78300,"./meta_expert_system.pl,prolog_fact,70,"task_prime('prove theorem', 61).          % Lean4 (proofs)""
1562,156700,235050,235,78350,"./meta_expert_system.pl,prolog_fact,71,"task_prime('optimize layout', 29).        % MiniZinc (constraint solving)""
1563,156800,235200,235,78400,"./meta_expert_system.pl,prolog_fact,72,"task_prime('build system', 23).           % Nix (builds)""
1564,156900,235350,235,78450,"./meta_expert_system.pl,prolog_fact,73,"task_prime('query database', 71).         % Prolog (logic)""
1565,157000,235500,235,78500,"./meta_expert_system.pl,prolog_fact,74,"task_prime('execute command', 31).        % Shell (execution)""
1566,157100,235650,235,78550,"./multichain_anon_sampler.pl,prolog_fact,13,"chain(solana, mainnet, 'https://api.mainnet-beta.solana.com', 400).""
1567,157200,235800,235,78600,"./multichain_anon_sampler.pl,prolog_fact,14,"chain(ethereum, mainnet, 'https://eth.llamarpc.com', 12000).""
1568,157300,235950,235,78650,"./multichain_anon_sampler.pl,prolog_fact,15,"chain(bitcoin, mainnet, 'https://blockstream.info/api', 600000).""
1569,157400,236100,236,78700,"./multichain_anon_sampler.pl,prolog_fact,16,"chain(polygon, mainnet, 'https://polygon-rpc.com', 2000).""
1570,157500,236250,236,78750,"./multichain_anon_sampler.pl,prolog_fact,17,"chain(avalanche, mainnet, 'https://api.avax.network/ext/bc/C/rpc', 2000).""
1571,157600,236400,236,78800,"./multichain_anon_sampler.pl,prolog_fact,18,"chain(arbitrum, mainnet, 'https://arb1.arbitrum.io/rpc', 250).""
1572,157700,236550,236,78850,"./multichain_anon_sampler.pl,prolog_fact,19,"chain(optimism, mainnet, 'https://mainnet.optimism.io', 2000).""
1573,157800,236700,236,78900,"./multichain_anon_sampler.pl,prolog_fact,20,"chain(base, mainnet, 'https://mainnet.base.org', 2000).""
1574,157900,236850,236,78950,"./multichain_anon_sampler.pl,prolog_fact,23,"chain(solana, testnet, 'https://api.testnet.solana.com', 400).""
1575,158000,237000,237,79000,"./multichain_anon_sampler.pl,prolog_fact,24,"chain(ethereum, sepolia, 'https://rpc.sepolia.org', 12000).""
1576,158100,237150,237,79050,"./multichain_anon_sampler.pl,prolog_fact,25,"chain(polygon, mumbai, 'https://rpc-mumbai.maticvigil.com', 2000).""
1577,158200,237300,237,79100,"./multichain_anon_sampler.pl,prolog_fact,32,"tor_proxy('127.0.0.1:9050').""
1578,158300,237450,237,79150,"./multichain_anon_sampler.pl,prolog_fact,80,"my_wallet(solana, 'YourSolanaWallet').""
1579,158400,237600,237,79200,"./multichain_anon_sampler.pl,prolog_fact,81,"my_wallet(ethereum, '0xYourEthWallet').""
1580,158500,237750,237,79250,"./multichain_anon_sampler.pl,prolog_fact,82,"my_wallet(bitcoin, 'YourBTCAddress').""
1581,158600,237900,237,79300,"./multichain_anon_sampler.pl,prolog_fact,83,"my_wallet(polygon, '0xYourPolygonWallet').""
1582,158700,238050,238,79350,"./analyze_everything.pl,prolog_fact,71,"file_type_from_ext('rs', rust).""
1583,158800,238200,238,79400,"./analyze_everything.pl,prolog_fact,72,"file_type_from_ext('lean', lean4).""
1584,158900,238350,238,79450,"./analyze_everything.pl,prolog_fact,73,"file_type_from_ext('nix', nix).""
1585,159000,238500,238,79500,"./analyze_everything.pl,prolog_fact,74,"file_type_from_ext('mzn', minizinc).""
1586,159100,238650,238,79550,"./analyze_everything.pl,prolog_fact,75,"file_type_from_ext('sh', shell).""
1587,159200,238800,238,79600,"./analyze_everything.pl,prolog_fact,76,"file_type_from_ext('toml', toml).""
1588,159300,238950,238,79650,"./analyze_everything.pl,prolog_fact,77,"file_type_from_ext('pl', prolog).""
1589,159400,239100,239,79700,"./analyze_everything.pl,prolog_fact,78,"file_type_from_ext(_, unknown).""
1590,159500,239250,239,79750,"./oracle_24h.pl,prolog_fact,266,"execute_level(_).""
1591,159600,239400,239,79800,"./oracle_24h.pl,prolog_fact,271,"oracle_accuracy(_, 0.95).""
1592,159700,239550,239,79850,"./oracle_24h.pl,prolog_fact,273,"adjust_schedule(P, _, P).""
1593,159800,239700,239,79900,"./oracle_24h.pl,prolog_fact,274,"adjust_resources(P, _, P).""
1594,159900,239850,239,79950,"./oracle_24h.pl,prolog_fact,276,"resources_available(_).""
1595,160000,240000,240,80000,"./oracle_24h.pl,prolog_fact,277,"oracle_predictions_valid(_).""
1596,160100,240150,240,80050,"./oracle_24h.pl,prolog_fact,280,"measure_hour_temp(_, 2.5).""
1597,160200,240300,240,80100,"./oracle_24h.pl,prolog_fact,281,"read_json(_, []).""
1598,160300,240450,240,80150,"./oracle_24h.pl,prolog_fact,283,"generate_nix_expression('{ pkgs ? import <nixpkgs> {} }: pkgs.hello').""
1599,160400,240600,240,80200,"./galois_tower.pl,prolog_fact,9,"tower_level(0, prolog_v1, 'SWI-Prolog 8.0').""
1600,160500,240750,240,80250,"./galois_tower.pl,prolog_fact,10,"tower_level(1, prolog_v2, 'SWI-Prolog 9.0').""
1601,160600,240900,240,80300,"./galois_tower.pl,prolog_fact,11,"tower_level(2, llm_layer, 'LLM (Prolog → Weights)').""
1602,160700,241050,241,80350,"./galois_tower.pl,prolog_fact,12,"tower_level(3, weight_traces, 'LLM Weights → Traces').""
1603,160800,241200,241,80400,"./galois_tower.pl,prolog_fact,13,"tower_level(4, datalog, 'Datalog (Big Data)').""
1604,160900,241350,241,80450,"./galois_tower.pl,prolog_fact,14,"tower_level(5, minizinc, 'MiniZinc (Optimization)').""
1605,161000,241500,241,80500,"./mes_formalization.pl,prolog_fact,60,"(* MES C program in Clight *)""
1606,161100,241650,241,80550,"./mes_formalization.pl,prolog_fact,61,"(* Load ~w *)""
1607,161200,241800,241,80600,"./mes_formalization.pl,prolog_fact,63,"(* Correctness theorem *)""
1608,161300,241950,241,80650,"./mes_formalization.pl,prolog_fact,73,"(* Scheme as dependent type of C *)""
1609,161400,242100,242,80700,"./mes_formalization.pl,prolog_fact,156,"(* C program type *)""
1610,161500,242250,242,80750,"./mes_formalization.pl,prolog_fact,162,"(* Scheme program type *)""
1611,161600,242400,242,80800,"./mes_formalization.pl,prolog_fact,169,"(* Prime signature *)""
1612,161700,242550,242,80850,"./mes_formalization.pl,prolog_fact,172,"(* Scheme as dependent type of C *)""
1613,161800,242700,242,80900,"./mes_formalization.pl,prolog_fact,178,"(* Theorem: Scheme can verify C *)""
1614,161900,242850,242,80950,"./mes_formalization.pl,prolog_fact,190,"(* Corollary: MES bootstrap is self-verifying *)""
1615,162000,243000,243,81000,"./mes_formalization.pl,prolog_fact,230,"prime(2). prime(3). prime(5). prime(7). prime(11). prime(13).""
1616,162100,243150,243,81050,"./mes_formalization.pl,prolog_fact,233,"mes_c_program(factorial, [""
1617,162200,243300,243,81100,"./mes_formalization.pl,prolog_fact,239,"scheme_program(factorial_proof, [""
1618,162300,243450,243,81150,"./mes_formalization.pl,prolog_fact,245,"theorem(scheme_verifies_c,""
1619,162400,243600,243,81200,"./universal_convergence.pl,prolog_fact,11,"parquet_path('/mnt/data1/time2/time/2023/07/30/meta-meme/plocate_witness').""
1620,162500,243750,243,81250,"./universal_convergence.pl,prolog_fact,252,"emoji_prime(2, '🔴'). emoji_prime(3, '🟠'). emoji_prime(5, '🟡').""
1621,162600,243900,243,81300,"./universal_convergence.pl,prolog_fact,253,"emoji_prime(7, '🟢'). emoji_prime(11, '🔵'). emoji_prime(13, '🟣').""
1622,162700,244050,244,81350,"./universal_convergence.pl,prolog_fact,254,"emoji_prime(17, '🟤'). emoji_prime(19, '⚫'). emoji_prime(23, '⚪').""
1623,162800,244200,244,81400,"./universal_convergence.pl,prolog_fact,255,"emoji_prime(29, '🔺'). emoji_prime(31, '🔻'). emoji_prime(41, '🔷').""
1624,162900,244350,244,81450,"./universal_convergence.pl,prolog_fact,256,"emoji_prime(71, '🍄').""
1625,163000,244500,244,81500,"./lists_of_lists_meta.pl,prolog_fact,11,"meta_parquet('/mnt/data1/time2/time/2023/07/30/meta-meme/plocate_witness/lists_of_lists.parquet').""
1626,163100,244650,244,81550,"./lists_of_lists_meta.pl,prolog_fact,14,"meta_parquet('/mnt/data1/time2/time/2023/07/30/meta-meme/plocate_witness/locate_digest.parquet').""
1627,163200,244800,244,81600,"./lists_of_lists_meta.pl,prolog_fact,15,"meta_parquet('/mnt/data1/time2/time/2023/07/30/meta-meme/plocate_witness/meta_meta_structures.parquet').""
1628,163300,244950,244,81650,"./extract_file.pl,prolog_fact,14,"extract_chunk([], _, Acc, Acc).""
1629,163400,245100,245,81700,"./extract_file.pl,prolog_fact,22,"extract_until_at([], Acc, Acc).""
1630,163500,245250,245,81750,"./prove_lattice_complexity.pl,prolog_fact,157,"verify_monotonic_pairs([]).""
1631,163600,245400,245,81800,"./prove_lattice_complexity.pl,prolog_fact,158,"verify_monotonic_pairs([_]).""
1632,163700,245550,245,81850,"./prove_lattice_complexity.pl,prolog_fact,205,"complexity_lattice([0, 1, 2, 3, 5, 7, 11, 13, 17, 19, 23, 29, 31, 37, 41, 43, 47, 53, 59, 61, 67, 71]).""
1633,163800,245700,245,81900,"./eco_unification.pl,prolog_fact,9,"unimath_type('UU', 'Type').""
1634,163900,245850,245,81950,"./eco_unification.pl,prolog_fact,10,"unimath_empty('∅', empty).""
1635,164000,246000,246,82000,"./eco_unification.pl,prolog_fact,16,"mythos(""
1636,164100,246150,246,82050,"./eco_unification.pl,prolog_fact,26,"greek_athena_mythos(""
1637,164200,246300,246,82100,"./eco_unification.pl,prolog_fact,49,"muse(calliope, epic_poetry, layer(0)).""
1638,164300,246450,246,82150,"./eco_unification.pl,prolog_fact,50,"muse(clio, history, layer(8)).""
1639,164400,246600,246,82200,"./eco_unification.pl,prolog_fact,51,"muse(erato, love_poetry, layer(16)).""
1640,164500,246750,246,82250,"./eco_unification.pl,prolog_fact,52,"muse(euterpe, music, layer(24)).""
1641,164600,246900,246,82300,"./eco_unification.pl,prolog_fact,53,"muse(melpomene, tragedy, layer(32)).""
1642,164700,247050,247,82350,"./eco_unification.pl,prolog_fact,54,"muse(polyhymnia, hymns, layer(40)).""
1643,164800,247200,247,82400,"./eco_unification.pl,prolog_fact,55,"muse(terpsichore, dance, layer(48)).""
1644,164900,247350,247,82450,"./eco_unification.pl,prolog_fact,56,"muse(thalia, comedy, layer(56)).""
1645,165000,247500,247,82500,"./eco_unification.pl,prolog_fact,57,"muse(urania, astronomy, layer(64)).""
1646,165100,247650,247,82550,"./eco_unification.pl,prolog_fact,60,"goddess(athena, wisdom, [warfare, strategy, crafts]).""
1647,165200,247800,247,82600,"./eco_unification.pl,prolog_fact,107,"athena_lattice_node(0, haskell, 'athena.hs', unverified).""
1648,165300,247950,247,82650,"./eco_unification.pl,prolog_fact,108,"athena_lattice_node(1, rust, 'add_athena.rs', unverified).""
1649,165400,248100,248,82700,"./eco_unification.pl,prolog_fact,109,"athena_lattice_node(2, rust, 'athena_unified.rs', verified).""
1650,165500,248250,248,82750,"./eco_unification.pl,prolog_fact,110,"athena_lattice_node(3, lean4, 'athena_lattice.lean', verified).""
1651,165600,248400,248,82800,"./teach_prolog_reasoning.pl,prolog_fact,10,"system(godel_lattice, 'Universal Gödel encoding', 384, 'generated/godel_lattice.csv').""
1652,165700,248550,248,82850,"./teach_prolog_reasoning.pl,prolog_fact,11,"system(hecke_shards, 'Hecke operator sharding', 384, 'generated/hecke_shards_rust.csv').""
1653,165800,248700,248,82900,"./teach_prolog_reasoning.pl,prolog_fact,12,"system(zk_urls, 'ZK RDFa URLs with resonance', 384, 'generated/zk_rdfa_urls.csv').""
1654,165900,248850,248,82950,"./teach_prolog_reasoning.pl,prolog_fact,13,"system(tool_index, 'Prime resonance tool routing', 238, 'generated/tool_index.csv').""
1655,166000,249000,249,83000,"./teach_prolog_reasoning.pl,prolog_fact,14,"system(prime_harmonics, 'Code as music', 228, 'generated/prime_harmonics.csv').""
1656,166100,249150,249,83050,"./teach_prolog_reasoning.pl,prolog_fact,17,"monster_prime(2, types, 440.0).""
1657,166200,249300,249,83100,"./teach_prolog_reasoning.pl,prolog_fact,18,"monster_prime(3, operators, 493.88).""
1658,166300,249450,249,83150,"./teach_prolog_reasoning.pl,prolog_fact,19,"monster_prime(5, variables, 523.25).""
1659,166400,249600,249,83200,"./teach_prolog_reasoning.pl,prolog_fact,20,"monster_prime(7, control, 587.33).""
1660,166500,249750,249,83250,"./teach_prolog_reasoning.pl,prolog_fact,21,"monster_prime(11, functions, 659.25).""
1661,166600,249900,249,83300,"./teach_prolog_reasoning.pl,prolog_fact,22,"monster_prime(13, pointers, 698.46).""
1662,166700,250050,250,83350,"./teach_prolog_reasoning.pl,prolog_fact,23,"monster_prime(17, structures, 783.99).""
1663,166800,250200,250,83400,"./teach_prolog_reasoning.pl,prolog_fact,24,"monster_prime(19, arrays, 880.0).""
1664,166900,250350,250,83450,"./teach_prolog_reasoning.pl,prolog_fact,25,"monster_prime(23, memory, 987.77).""
1665,167000,250500,250,83500,"./teach_prolog_reasoning.pl,prolog_fact,26,"monster_prime(29, optimization, 1046.5).""
1666,167100,250650,250,83550,"./teach_prolog_reasoning.pl,prolog_fact,27,"monster_prime(31, output, 1174.66).""
1667,167200,250800,250,83600,"./teach_prolog_reasoning.pl,prolog_fact,28,"monster_prime(37, loops, 1318.51).""
1668,167300,250950,250,83650,"./teach_prolog_reasoning.pl,prolog_fact,29,"monster_prime(41, machine, 1396.91).""
1669,167400,251100,251,83700,"./teach_prolog_reasoning.pl,prolog_fact,30,"monster_prime(43, safety, 1567.98).""
1670,167500,251250,251,83750,"./teach_prolog_reasoning.pl,prolog_fact,31,"monster_prime(47, network, 1760.0).""
1671,167600,251400,251,83800,"./teach_prolog_reasoning.pl,prolog_fact,32,"monster_prime(53, generics, 1975.53).""
1672,167700,251550,251,83850,"./teach_prolog_reasoning.pl,prolog_fact,33,"monster_prime(59, macros, 2093.0).""
1673,167800,251700,251,83900,"./teach_prolog_reasoning.pl,prolog_fact,34,"monster_prime(61, reflection, 2349.32).""
1674,167900,251850,251,83950,"./teach_prolog_reasoning.pl,prolog_fact,35,"monster_prime(67, metaprogramming, 2637.02).""
1675,168000,252000,252,84000,"./teach_prolog_reasoning.pl,prolog_fact,36,"monster_prime(71, universe, 2793.83).""
1676,168100,252150,252,84050,"./complexity_growth_proof.pl,prolog_fact,47,"extract_number(_, _, 0).""
1677,168200,252300,252,84100,"./monster_port.pl,prolog_fact,53,"verify_lattice_preserved(_, _, _, no).""
1678,168300,252450,252,84150,"./monster_port.pl,prolog_fact,56,"monster_symmetry(identity).""
1679,168400,252600,252,84200,"./monster_port.pl,prolog_fact,57,"monster_symmetry(rotation(_)).""
1680,168500,252750,252,84250,"./monster_port.pl,prolog_fact,58,"monster_symmetry(reflection).""
1681,168600,252900,252,84300,"./monster_port.pl,prolog_fact,84,"language_max_complexity(prolog, 2^46).""
1682,168700,253050,253,84350,"./monster_port.pl,prolog_fact,85,"language_max_complexity(lean, 71).""
1683,168800,253200,253,84400,"./monster_port.pl,prolog_fact,86,"language_max_complexity(haskell, 59).""
1684,168900,253350,253,84450,"./monster_port.pl,prolog_fact,87,"language_max_complexity(metacoq, 71).""
1685,169000,253500,253,84500,"./monster_port.pl,prolog_fact,88,"language_max_complexity(lisp, 2^20).""
1686,169100,253650,253,84550,"./monster_port.pl,prolog_fact,89,"language_max_complexity(guile, 2^20).""
1687,169200,253800,253,84600,"./monster_port.pl,prolog_fact,90,"language_max_complexity(mes, 2^10).""
1688,169300,253950,253,84650,"./monster_port.pl,prolog_fact,91,"language_max_complexity(emacs, 2^15).""
1689,169400,254100,254,84700,"./monster_port.pl,prolog_fact,92,"language_max_complexity(ocaml, 47).""
1690,169500,254250,254,84750,"./monster_port.pl,prolog_fact,95,"find_bridge_language(rarest, lean).""
1691,169600,254400,254,84800,"./monster_port.pl,prolog_fact,96,"find_bridge_language(rare, haskell).""
1692,169700,254550,254,84850,"./monster_port.pl,prolog_fact,97,"find_bridge_language(exceptional, metacoq).""
1693,169800,254700,254,84900,"./monster_port.pl,prolog_fact,98,"find_bridge_language(_, prolog).""
1694,169900,254850,254,84950,"./monster_port.pl,prolog_fact,148,"language_lattice_point(prolog, lattice_point([1,0,0,0,0,0,0,0,0,0,0,0,0,0,0,0,0,0,0,0,0,0,0,0])).""
1695,170000,255000,255,85000,"./monster_port.pl,prolog_fact,149,"language_lattice_point(lean, lattice_point([0,1,0,0,0,0,0,0,0,0,0,0,0,0,0,0,0,0,0,0,0,0,0,0])).""
1696,170100,255150,255,85050,"./monster_port.pl,prolog_fact,150,"language_lattice_point(haskell, lattice_point([0,0,1,0,0,0,0,0,0,0,0,0,0,0,0,0,0,0,0,0,0,0,0,0])).""
1697,170200,255300,255,85100,"./monster_port.pl,prolog_fact,151,"language_lattice_point(metacoq, lattice_point([0,0,0,1,0,0,0,0,0,0,0,0,0,0,0,0,0,0,0,0,0,0,0,0])).""
1698,170300,255450,255,85150,"./monster_port.pl,prolog_fact,152,"language_lattice_point(lisp, lattice_point([1,1,0,0,0,0,0,0,0,0,0,0,0,0,0,0,0,0,0,0,0,0,0,0])).""
1699,170400,255600,255,85200,"./monster_port.pl,prolog_fact,153,"language_lattice_point(guile, lattice_point([1,1,1,0,0,0,0,0,0,0,0,0,0,0,0,0,0,0,0,0,0,0,0,0])).""
1700,170500,255750,255,85250,"./prolog_fork_queue.pl,prolog_fact,14,"prolog_queue(scryer, rust, 'https://github.com/mthom/scryer-prolog').""
1701,170600,255900,255,85300,"./prolog_fork_queue.pl,prolog_fact,15,"prolog_queue(swi, c, 'https://github.com/SWI-Prolog/swipl-devel').""
1702,170700,256050,256,85350,"./prolog_fork_queue.pl,prolog_fact,16,"prolog_queue(tau, js, 'https://github.com/tau-prolog/tau-prolog').""
1703,170800,256200,256,85400,"./prolog_fork_queue.pl,prolog_fact,17,"prolog_queue(gnu, c, 'http://www.gprolog.org/').""
1704,170900,256350,256,85450,"./prolog_fork_queue.pl,prolog_fact,18,"prolog_queue(yap, c, 'https://github.com/vscosta/yap-6.3').""
1705,171000,256500,256,85500,"./prolog_fork_queue.pl,prolog_fact,19,"prolog_queue(ciao, native, 'https://github.com/ciao-lang/ciao').""
1706,171100,256650,256,85550,"./prolog_fork_queue.pl,prolog_fact,20,"prolog_queue(trealla, c, 'https://github.com/trealla-prolog/trealla').""
1707,171200,256800,256,85600,"./prolog_fork_queue.pl,prolog_fact,21,"prolog_queue(xsb, c, 'https://xsb.sourceforge.net/').""
1708,171300,256950,256,85650,"./prolog_fork_queue.pl,prolog_fact,22,"prolog_queue(sicstus, commercial, 'https://sicstus.sics.se/').""
1709,171400,257100,257,85700,"./prolog_fork_queue.pl,prolog_fact,23,"prolog_queue(bprolog, cpp, 'http://www.picat-lang.org/bprolog/').""
1710,171500,257250,257,85750,"./prolog_fork_queue.pl,prolog_fact,24,"prolog_queue(picat, hybrid, 'http://picat-lang.org/').""
1711,171600,257400,257,85800,"./prolog_fork_queue.pl,prolog_fact,25,"prolog_queue(mercury, functional, 'https://github.com/Mercury-Language/mercury').""
1712,171700,257550,257,85850,"./prolog_fork_queue.pl,prolog_fact,26,"prolog_queue(logtalk, oop, 'https://github.com/LogtalkDotOrg/logtalk3').""
1713,171800,257700,257,85900,"./prolog_fork_queue.pl,prolog_fact,27,"prolog_queue(lambda_prolog, higher_order, 'https://github.com/teyjus/teyjus').""
1714,171900,257850,257,85950,"./prolog_fork_queue.pl,prolog_fact,28,"prolog_queue(datalog, subset, 'https://github.com/c-cube/datalog').""
1715,172000,258000,258,86000,"./prolog_fork_queue.pl,prolog_fact,29,"prolog_queue(minikanren, embedded, 'https://github.com/miniKanren/miniKanren').""
1716,172100,258150,258,86050,"./prolog_fork_queue.pl,prolog_fact,81,"prime_complexity_lattice([2,3,5,7,11,13,17,19,23,29,31,37,41,43,47,53,59,61,67,71]).""
1717,172200,258300,258,86100,"./prolog_fork_queue.pl,prolog_fact,119,"extract_predicates(scryer, 6).""
1718,172300,258450,258,86150,"./prolog_fork_queue.pl,prolog_fact,120,"extract_predicates(swi, 8).""
1719,172400,258600,258,86200,"./prolog_fork_queue.pl,prolog_fact,121,"extract_predicates(tau, 5).""
1720,172500,258750,258,86250,"./prolog_fork_queue.pl,prolog_fact,122,"extract_predicates(gnu, 5).""
1721,172600,258900,258,86300,"./prolog_fork_queue.pl,prolog_fact,123,"extract_predicates(yap, 6).""
1722,172700,259050,259,86350,"./prolog_fork_queue.pl,prolog_fact,124,"extract_predicates(_, 2).  % Default for others""
1723,172800,259200,259,86400,"./llm_activation_lattice.pl,prolog_fact,9,"prime_complexity(2, types, 'Types and basic data').""
1724,172900,259350,259,86450,"./llm_activation_lattice.pl,prolog_fact,10,"prime_complexity(3, operators, 'Operators and expressions').""
1725,173000,259500,259,86500,"./llm_activation_lattice.pl,prolog_fact,11,"prime_complexity(5, variables, 'Variables and assignment').""
1726,173100,259650,259,86550,"./llm_activation_lattice.pl,prolog_fact,12,"prime_complexity(7, control, 'Control flow').""
1727,173200,259800,259,86600,"./llm_activation_lattice.pl,prolog_fact,13,"prime_complexity(11, functions, 'Functions and calls').""
1728,173300,259950,259,86650,"./llm_activation_lattice.pl,prolog_fact,14,"prime_complexity(13, pointers, 'Pointers and references').""
1729,173400,260100,260,86700,"./llm_activation_lattice.pl,prolog_fact,15,"prime_complexity(17, structures, 'Structures and records').""
1730,173500,260250,260,86750,"./llm_activation_lattice.pl,prolog_fact,16,"prime_complexity(19, arrays, 'Arrays and indexing').""
1731,173600,260400,260,86800,"./llm_activation_lattice.pl,prolog_fact,17,"prime_complexity(23, memory, 'Memory management').""
1732,173700,260550,260,86850,"./llm_activation_lattice.pl,prolog_fact,18,"prime_complexity(29, optimization, 'Optimization and SSA').""
1733,173800,260700,260,86900,"./llm_activation_lattice.pl,prolog_fact,19,"prime_complexity(31, output, 'Output and statements').""
1734,173900,260850,260,86950,"./llm_activation_lattice.pl,prolog_fact,20,"prime_complexity(41, machine, 'Machine code and assembly').""
1735,174000,261000,261,87000,"./llm_activation_lattice.pl,prolog_fact,21,"prime_complexity(71, universe, 'Type universe and MetaCoq').""
1736,174100,261150,261,87050,"./llm_activation_lattice.pl,prolog_fact,24,"godel_program(2, 'generated/test_2_1.c').""
1737,174200,261300,261,87100,"./llm_activation_lattice.pl,prolog_fact,25,"godel_program(3, 'generated/variations/test_3_1.c').""
1738,174300,261450,261,87150,"./llm_activation_lattice.pl,prolog_fact,26,"godel_program(5, 'generated/variations/test_5_1.c').""
1739,174400,261600,261,87200,"./llm_activation_lattice.pl,prolog_fact,27,"godel_program(7, 'generated/variations/test_7_1.c').""
1740,174500,261750,261,87250,"./llm_activation_lattice.pl,prolog_fact,28,"godel_program(11, 'generated/variations/test_11_1.c').""
1741,174600,261900,261,87300,"./maxwells_equations_software.pl,prolog_fact,17,"maxwell_equation(gauss_law, ""
1742,174700,262050,262,87350,"./maxwells_equations_software.pl,prolog_fact,21,"maxwell_equation(no_monopole,""
1743,174800,262200,262,87400,"./maxwells_equations_software.pl,prolog_fact,25,"maxwell_equation(faraday_law,""
1744,174900,262350,262,87450,"./maxwells_equations_software.pl,prolog_fact,29,"maxwell_equation(ampere_law,""
1745,175000,262500,262,87500,"./maxwells_equations_software.pl,prolog_fact,42,"lisp_form_prime(atom, 2).""
1746,175100,262650,262,87550,"./maxwells_equations_software.pl,prolog_fact,43,"lisp_form_prime(cons, 3).""
1747,175200,262800,262,87600,"./maxwells_equations_software.pl,prolog_fact,44,"lisp_form_prime(quote, 5).""
1748,175300,262950,262,87650,"./maxwells_equations_software.pl,prolog_fact,45,"lisp_form_prime(lambda, 7).""
1749,175400,263100,263,87700,"./maxwells_equations_software.pl,prolog_fact,46,"lisp_form_prime(apply, 11).""
1750,175500,263250,263,87750,"./maxwells_equations_software.pl,prolog_fact,47,"lisp_form_prime(eval, 13).""
1751,175600,263400,263,87800,"./maxwells_equations_software.pl,prolog_fact,48,"lisp_form_prime(if, 17).""
1752,175700,263550,263,87850,"./maxwells_equations_software.pl,prolog_fact,49,"lisp_form_prime(define, 19).""
1753,175800,263700,263,87900,"./maxwells_equations_software.pl,prolog_fact,50,"lisp_form_prime(let, 23).""
1754,175900,263850,263,87950,"./maxwells_equations_software.pl,prolog_fact,51,"lisp_form_prime(macro, 29).""
1755,176000,264000,264,88000,"./maxwells_equations_software.pl,prolog_fact,98,"factors_to_lisp([], 'nil').""
1756,176100,264150,264,88050,"./maxwells_equations_software.pl,prolog_fact,138,"(* Prime lattice *)""
1757,176200,264300,264,88100,"./maxwells_equations_software.pl,prolog_fact,141,"(* Lisp eval *)""
1758,176300,264450,264,88150,"./maxwells_equations_software.pl,prolog_fact,144,"(* Monster group action *)""
1759,176400,264600,264,88200,"./maxwells_equations_software.pl,prolog_fact,147,"(* Theorem: eval commutes with monster action *)""
1760,176500,264750,264,88250,"./maxwells_equations_software.pl,prolog_fact,157,"(* Corollary: Prime preservation *)""
1761,176600,264900,264,88300,"./maxwells_equations_software.pl,prolog_fact,175,"(define primes '(2 3 5 7 11 13 17 19 23 29))""
1762,176700,265050,265,88350,"./maxwells_equations_software.pl,prolog_fact,178,"(define (prime-signature n)""
1763,176800,265200,265,88400,"./maxwells_equations_software.pl,prolog_fact,182,"(define (lisp-eval expr env)""
1764,176900,265350,265,88450,"./maxwells_equations_software.pl,prolog_fact,193,"(define (monster-action g code)""
1765,177000,265500,265,88500,"./maxwells_equations_software.pl,prolog_fact,197,"(define (test-eval-commutes g code)""
1766,177100,265650,265,88550,"./maxwells_equations_software.pl,prolog_fact,202,"(display "Testing eval commutativity: ")""
1767,177200,265800,265,88600,"./maxwells_equations_software.pl,prolog_fact,203,"(display (test-eval-commutes 2 6))""
1768,177300,265950,265,88650,"./maxwells_equations_software.pl,prolog_fact,204,"(newline)""
1769,177400,266100,266,88700,"./maxwells_equations_software.pl,prolog_fact,217,"(define primes (quote (2 3 5 7 11 13)))""
1770,177500,266250,266,88750,"./maxwells_equations_software.pl,prolog_fact,220,"(define (eval-prime expr)""
1771,177600,266400,266,88800,"./maxwells_equations_software.pl,prolog_fact,226,"(define (monster-mult g code)""
1772,177700,266550,266,88850,"./maxwells_equations_software.pl,prolog_fact,230,"(define (prime-preserved? code)""
1773,177800,266700,266,88900,"./generate_lilypond.pl,prolog_fact,59,"prime_to_note(2, 'a').""
1774,177900,266850,266,88950,"./generate_lilypond.pl,prolog_fact,60,"prime_to_note(3, 'b').""
1775,178000,267000,267,89000,"./generate_lilypond.pl,prolog_fact,61,"prime_to_note(5, 'c'').""
1776,178100,267150,267,89050,"./generate_lilypond.pl,prolog_fact,62,"prime_to_note(7, 'd'').""
1777,178200,267300,267,89100,"./generate_lilypond.pl,prolog_fact,63,"prime_to_note(11, 'e'').""
1778,178300,267450,267,89150,"./generate_lilypond.pl,prolog_fact,64,"prime_to_note(13, 'f'').""
1779,178400,267600,267,89200,"./generate_lilypond.pl,prolog_fact,65,"prime_to_note(17, 'g'').""
1780,178500,267750,267,89250,"./generate_lilypond.pl,prolog_fact,66,"prime_to_note(19, 'a'').""
1781,178600,267900,267,89300,"./generate_lilypond.pl,prolog_fact,67,"prime_to_note(23, 'b'').""
1782,178700,268050,268,89350,"./generate_lilypond.pl,prolog_fact,68,"prime_to_note(29, 'c''').""
1783,178800,268200,268,89400,"./generate_lilypond.pl,prolog_fact,69,"prime_to_note(31, 'd''').""
1784,178900,268350,268,89450,"./generate_lilypond.pl,prolog_fact,70,"prime_to_note(37, 'e''').""
1785,179000,268500,268,89500,"./generate_lilypond.pl,prolog_fact,71,"prime_to_note(41, 'f''').""
1786,179100,268650,268,89550,"./generate_lilypond.pl,prolog_fact,72,"prime_to_note(43, 'g''').""
1787,179200,268800,268,89600,"./generate_lilypond.pl,prolog_fact,73,"prime_to_note(47, 'a''').""
1788,179300,268950,268,89650,"./generate_lilypond.pl,prolog_fact,74,"prime_to_note(53, 'b''').""
1789,179400,269100,269,89700,"./generate_lilypond.pl,prolog_fact,75,"prime_to_note(59, 'c'''').""
1790,179500,269250,269,89750,"./generate_lilypond.pl,prolog_fact,76,"prime_to_note(61, 'd'''').""
1791,179600,269400,269,89800,"./generate_lilypond.pl,prolog_fact,77,"prime_to_note(67, 'e'''').""
1792,179700,269550,269,89850,"./generate_lilypond.pl,prolog_fact,78,"prime_to_note(71, 'f'''').""
1793,179800,269700,269,89900,"./generate_lilypond.pl,prolog_fact,79,"prime_to_note(_, 'c'').""
1794,179900,269850,269,89950,"./find_ocaml_kernel.pl,prolog_fact,71,"monster_primes([2,3,5,7,11,13,17,19,23,29,31,41,47,59,71]).""
1795,180000,270000,270,90000,"./find_ocaml_kernel.pl,prolog_fact,81,"emoji_prime(2, '🔴'). emoji_prime(3, '🟠'). emoji_prime(5, '🟡').""
1796,180100,270150,270,90050,"./find_ocaml_kernel.pl,prolog_fact,82,"emoji_prime(7, '🟢'). emoji_prime(11, '🔵'). emoji_prime(13, '🟣').""
1797,180200,270300,270,90100,"./find_ocaml_kernel.pl,prolog_fact,83,"emoji_prime(17, '🟤'). emoji_prime(19, '⚫'). emoji_prime(23, '⚪').""
1798,180300,270450,270,90150,"./find_ocaml_kernel.pl,prolog_fact,84,"emoji_prime(29, '🔺'). emoji_prime(31, '🔻'). emoji_prime(41, '🔷').""
1799,180400,270600,270,90200,"./find_ocaml_kernel.pl,prolog_fact,85,"emoji_prime(47, '🔹'). emoji_prime(59, '⭐'). emoji_prime(71, '🍄').""
1800,180500,270750,270,90250,"./find_ocaml_kernel.pl,prolog_fact,145,"is_automorphic(2).  % Base""
1801,180600,270900,270,90300,"./find_ocaml_kernel.pl,prolog_fact,146,"is_automorphic(3).  % Base""
1802,180700,271050,271,90350,"./find_ocaml_kernel.pl,prolog_fact,147,"is_automorphic(5).  % Base""
1803,180800,271200,271,90400,"./find_ocaml_kernel.pl,prolog_fact,148,"is_automorphic(7).  % Base""
1804,180900,271350,271,90450,"./find_ocaml_kernel.pl,prolog_fact,149,"is_automorphic(71). % 🍄 Fixed point""
1805,181000,271500,271,90500,"./24h_resource_plan.pl,prolog_fact,9,"schedule(0, night_batch, 'Eternal loop: 10K theorems', high_load).""
1806,181100,271650,271,90550,"./24h_resource_plan.pl,prolog_fact,10,"schedule(1, night_batch, 'Eternal loop: 10K theorems', high_load).""
1807,181200,271800,271,90600,"./24h_resource_plan.pl,prolog_fact,11,"schedule(2, night_batch, 'Eternal loop: 10K theorems', high_load).""
1808,181300,271950,271,90650,"./24h_resource_plan.pl,prolog_fact,12,"schedule(3, night_batch, 'Eternal loop: 10K theorems', high_load).""
1809,181400,272100,272,90700,"./24h_resource_plan.pl,prolog_fact,13,"schedule(4, night_batch, 'Eternal loop: 10K theorems', high_load).""
1810,181500,272250,272,90750,"./24h_resource_plan.pl,prolog_fact,14,"schedule(5, night_batch, 'Eternal loop: 10K theorems', high_load).""
1811,181600,272400,272,90800,"./24h_resource_plan.pl,prolog_fact,15,"schedule(6, morning_analysis, 'Analyze night results', low_load).""
1812,181700,272550,272,90850,"./24h_resource_plan.pl,prolog_fact,16,"schedule(7, morning_analysis, 'Generate reports', low_load).""
1813,181800,272700,272,90900,"./24h_resource_plan.pl,prolog_fact,17,"schedule(8, day_interactive, 'Interactive proving', medium_load).""
1814,181900,272850,272,90950,"./24h_resource_plan.pl,prolog_fact,18,"schedule(9, day_interactive, 'Interactive proving', medium_load).""
1815,182000,273000,273,91000,"./24h_resource_plan.pl,prolog_fact,19,"schedule(10, day_interactive, 'Interactive proving', medium_load).""
1816,182100,273150,273,91050,"./24h_resource_plan.pl,prolog_fact,20,"schedule(11, day_interactive, 'Interactive proving', medium_load).""
1817,182200,273300,273,91100,"./24h_resource_plan.pl,prolog_fact,21,"schedule(12, lunch_optimize, 'Optimize hot paths', medium_load).""
1818,182300,273450,273,91150,"./24h_resource_plan.pl,prolog_fact,22,"schedule(13, afternoon_batch, 'Batch: 5K theorems', high_load).""
1819,182400,273600,273,91200,"./24h_resource_plan.pl,prolog_fact,23,"schedule(14, afternoon_batch, 'Batch: 5K theorems', high_load).""
1820,182500,273750,273,91250,"./24h_resource_plan.pl,prolog_fact,24,"schedule(15, afternoon_batch, 'Batch: 5K theorems', high_load).""
1821,182600,273900,273,91300,"./24h_resource_plan.pl,prolog_fact,25,"schedule(16, afternoon_batch, 'Batch: 5K theorems', high_load).""
1822,182700,274050,274,91350,"./24h_resource_plan.pl,prolog_fact,26,"schedule(17, evening_analysis, 'Complexity analysis', medium_load).""
1823,182800,274200,274,91400,"./24h_resource_plan.pl,prolog_fact,27,"schedule(18, evening_analysis, 'Instruction capture', medium_load).""
1824,182900,274350,274,91450,"./24h_resource_plan.pl,prolog_fact,28,"schedule(19, evening_batch, 'Batch: 3K theorems', high_load).""
1825,183000,274500,274,91500,"./24h_resource_plan.pl,prolog_fact,29,"schedule(20, evening_batch, 'Batch: 3K theorems', high_load).""
1826,183100,274650,274,91550,"./24h_resource_plan.pl,prolog_fact,30,"schedule(21, evening_batch, 'Batch: 3K theorems', high_load).""
1827,183200,274800,274,91600,"./24h_resource_plan.pl,prolog_fact,31,"schedule(22, night_prep, 'Prepare night batch', low_load).""
1828,183300,274950,274,91650,"./24h_resource_plan.pl,prolog_fact,32,"schedule(23, night_prep, 'Start eternal loop', medium_load).""
1829,183400,275100,275,91700,"./24h_resource_plan.pl,prolog_fact,39,"cpu_allocation(night_batch, 24, 100).      % All cores, 100%""
1830,183500,275250,275,91750,"./24h_resource_plan.pl,prolog_fact,40,"cpu_allocation(morning_analysis, 4, 50).   % 4 cores, 50%""
1831,183600,275400,275,91800,"./24h_resource_plan.pl,prolog_fact,41,"cpu_allocation(day_interactive, 12, 75).   % 12 cores, 75%""
1832,183700,275550,275,91850,"./24h_resource_plan.pl,prolog_fact,42,"cpu_allocation(lunch_optimize, 8, 60).     % 8 cores, 60%""
1833,183800,275700,275,91900,"./24h_resource_plan.pl,prolog_fact,43,"cpu_allocation(afternoon_batch, 24, 100).  % All cores, 100%""
1834,183900,275850,275,91950,"./24h_resource_plan.pl,prolog_fact,44,"cpu_allocation(evening_analysis, 12, 80).  % 12 cores, 80%""
1835,184000,276000,276,92000,"./24h_resource_plan.pl,prolog_fact,45,"cpu_allocation(evening_batch, 24, 90).     % All cores, 90%""
1836,184100,276150,276,92050,"./24h_resource_plan.pl,prolog_fact,46,"cpu_allocation(night_prep, 8, 50).         % 8 cores, 50%""
1837,184200,276300,276,92100,"./24h_resource_plan.pl,prolog_fact,49,"expected_output(night_batch, theorems(60000), proofs(60000)).""
1838,184300,276450,276,92150,"./24h_resource_plan.pl,prolog_fact,50,"expected_output(morning_analysis, reports(10), insights(50)).""
1839,184400,276600,276,92200,"./24h_resource_plan.pl,prolog_fact,51,"expected_output(day_interactive, theorems(1000), experiments(20)).""
1840,184500,276750,276,92250,"./24h_resource_plan.pl,prolog_fact,52,"expected_output(lunch_optimize, optimizations(5), speedup(1.2)).""
1841,184600,276900,276,92300,"./24h_resource_plan.pl,prolog_fact,53,"expected_output(afternoon_batch, theorems(20000), proofs(20000)).""
1842,184700,277050,277,92350,"./24h_resource_plan.pl,prolog_fact,54,"expected_output(evening_analysis, traces(100), patterns(30)).""
1843,184800,277200,277,92400,"./24h_resource_plan.pl,prolog_fact,55,"expected_output(evening_batch, theorems(9000), proofs(9000)).""
1844,184900,277350,277,92450,"./24h_resource_plan.pl,prolog_fact,56,"expected_output(night_prep, configs(5), ready(yes)).""
1845,185000,277500,277,92500,"./register_analysis.pl,prolog_fact,12,"register_prime(rax, 2).    % Return value""
1846,185100,277650,277,92550,"./register_analysis.pl,prolog_fact,13,"register_prime(rbx, 3).    % Base""
1847,185200,277800,277,92600,"./register_analysis.pl,prolog_fact,14,"register_prime(rcx, 5).    % Counter""
1848,185300,277950,277,92650,"./register_analysis.pl,prolog_fact,15,"register_prime(rdx, 7).    % Data""
1849,185400,278100,278,92700,"./register_analysis.pl,prolog_fact,16,"register_prime(rsi, 11).   % Source index""
1850,185500,278250,278,92750,"./register_analysis.pl,prolog_fact,17,"register_prime(rdi, 13).   % Destination index""
1851,185600,278400,278,92800,"./register_analysis.pl,prolog_fact,18,"register_prime(rbp, 17).   % Base pointer""
1852,185700,278550,278,92850,"./register_analysis.pl,prolog_fact,19,"register_prime(rsp, 19).   % Stack pointer""
1853,185800,278700,278,92900,"./register_analysis.pl,prolog_fact,20,"register_prime(r8, 23).""
1854,185900,278850,278,92950,"./register_analysis.pl,prolog_fact,21,"register_prime(r9, 29).""
1855,186000,279000,279,93000,"./register_analysis.pl,prolog_fact,22,"register_prime(r10, 31).""
1856,186100,279150,279,93050,"./register_analysis.pl,prolog_fact,23,"register_prime(r11, 37).""
1857,186200,279300,279,93100,"./register_analysis.pl,prolog_fact,24,"register_prime(r12, 41).""
1858,186300,279450,279,93150,"./register_analysis.pl,prolog_fact,25,"register_prime(r13, 43).""
1859,186400,279600,279,93200,"./register_analysis.pl,prolog_fact,26,"register_prime(r14, 47).""
1860,186500,279750,279,93250,"./register_analysis.pl,prolog_fact,27,"register_prime(r15, 53).""
1861,186600,279900,279,93300,"./register_analysis.pl,prolog_fact,30,"register_prime(eax, 2).""
1862,186700,280050,280,93350,"./register_analysis.pl,prolog_fact,31,"register_prime(ebx, 3).""
1863,186800,280200,280,93400,"./register_analysis.pl,prolog_fact,32,"register_prime(ecx, 5).""
1864,186900,280350,280,93450,"./register_analysis.pl,prolog_fact,33,"register_prime(edx, 7).""
1865,187000,280500,280,93500,"./register_analysis.pl,prolog_fact,34,"register_prime(esi, 11).""
1866,187100,280650,280,93550,"./register_analysis.pl,prolog_fact,35,"register_prime(edi, 13).""
1867,187200,280800,280,93600,"./register_analysis.pl,prolog_fact,36,"register_prime(ebp, 17).""
1868,187300,280950,280,93650,"./register_analysis.pl,prolog_fact,37,"register_prime(esp, 19).""
1869,187400,281100,281,93700,"./register_analysis.pl,prolog_fact,93,"count_registers([], []).""
1870,187500,281250,281,93750,"./register_analysis.pl,prolog_fact,122,"multiply_list([], 1).""
1871,187600,281400,281,93800,"./prime_harmonics.pl,prolog_fact,11,"prime_frequency(2, 440.00).    % A4""
1872,187700,281550,281,93850,"./prime_harmonics.pl,prolog_fact,12,"prime_frequency(3, 493.88).    % B4""
1873,187800,281700,281,93900,"./prime_harmonics.pl,prolog_fact,13,"prime_frequency(5, 523.25).    % C5""
1874,187900,281850,281,93950,"./prime_harmonics.pl,prolog_fact,14,"prime_frequency(7, 587.33).    % D5""
1875,188000,282000,282,94000,"./prime_harmonics.pl,prolog_fact,15,"prime_frequency(11, 659.25).   % E5""
1876,188100,282150,282,94050,"./prime_harmonics.pl,prolog_fact,16,"prime_frequency(13, 698.46).   % F5""
1877,188200,282300,282,94100,"./prime_harmonics.pl,prolog_fact,17,"prime_frequency(17, 783.99).   % G5""
1878,188300,282450,282,94150,"./prime_harmonics.pl,prolog_fact,18,"prime_frequency(19, 880.00).   % A5""
1879,188400,282600,282,94200,"./prime_harmonics.pl,prolog_fact,19,"prime_frequency(23, 987.77).   % B5""
1880,188500,282750,282,94250,"./prime_harmonics.pl,prolog_fact,20,"prime_frequency(29, 1046.50).  % C6""
1881,188600,282900,282,94300,"./prime_harmonics.pl,prolog_fact,21,"prime_frequency(31, 1174.66).  % D6""
1882,188700,283050,283,94350,"./prime_harmonics.pl,prolog_fact,22,"prime_frequency(37, 1318.51).  % E6""
1883,188800,283200,283,94400,"./prime_harmonics.pl,prolog_fact,23,"prime_frequency(41, 1396.91).  % F6""
1884,188900,283350,283,94450,"./prime_harmonics.pl,prolog_fact,24,"prime_frequency(43, 1567.98).  % G6""
1885,189000,283500,283,94500,"./prime_harmonics.pl,prolog_fact,25,"prime_frequency(47, 1760.00).  % A6""
1886,189100,283650,283,94550,"./prime_harmonics.pl,prolog_fact,26,"prime_frequency(53, 1975.53).  % B6""
1887,189200,283800,283,94600,"./prime_harmonics.pl,prolog_fact,27,"prime_frequency(59, 2093.00).  % C7""
1888,189300,283950,283,94650,"./prime_harmonics.pl,prolog_fact,28,"prime_frequency(61, 2349.32).  % D7""
1889,189400,284100,284,94700,"./prime_harmonics.pl,prolog_fact,29,"prime_frequency(67, 2637.02).  % E7""
1890,189500,284250,284,94750,"./prime_harmonics.pl,prolog_fact,30,"prime_frequency(71, 2793.83).  % F7""
1891,189600,284400,284,94800,"./prime_harmonics.pl,prolog_fact,33,"prime_emoji(2, '🔢').   % Types/Numbers""
1892,189700,284550,284,94850,"./prime_harmonics.pl,prolog_fact,34,"prime_emoji(3, '⚡').   % Operators""
1893,189800,284700,284,94900,"./prime_harmonics.pl,prolog_fact,35,"prime_emoji(5, '📦').   % Variables""
1894,189900,284850,284,94950,"./prime_harmonics.pl,prolog_fact,36,"prime_emoji(7, '🔀').   % Control flow""
1895,190000,285000,285,95000,"./prime_harmonics.pl,prolog_fact,37,"prime_emoji(11, '🎯').  % Functions""
1896,190100,285150,285,95050,"./prime_harmonics.pl,prolog_fact,38,"prime_emoji(13, '👉').  % Pointers""
1897,190200,285300,285,95100,"./prime_harmonics.pl,prolog_fact,39,"prime_emoji(17, '🏗️').  % Structures""
1898,190300,285450,285,95150,"./prime_harmonics.pl,prolog_fact,40,"prime_emoji(19, '📊').  % Arrays""
1899,190400,285600,285,95200,"./prime_harmonics.pl,prolog_fact,41,"prime_emoji(23, '💾').  % Memory""
1900,190500,285750,285,95250,"./prime_harmonics.pl,prolog_fact,42,"prime_emoji(29, '⚙️').  % Optimization""
1901,190600,285900,285,95300,"./prime_harmonics.pl,prolog_fact,43,"prime_emoji(31, '📤').  % Output""
1902,190700,286050,286,95350,"./prime_harmonics.pl,prolog_fact,44,"prime_emoji(37, '🔄').  % Loops""
1903,190800,286200,286,95400,"./prime_harmonics.pl,prolog_fact,45,"prime_emoji(41, '🤖').  % Machine code""
1904,190900,286350,286,95450,"./prime_harmonics.pl,prolog_fact,46,"prime_emoji(43, '🔐').  % Security""
1905,191000,286500,286,95500,"./prime_harmonics.pl,prolog_fact,47,"prime_emoji(47, '🌐').  % Network""
1906,191100,286650,286,95550,"./prime_harmonics.pl,prolog_fact,48,"prime_emoji(53, '🧬').  % Generics""
1907,191200,286800,286,95600,"./prime_harmonics.pl,prolog_fact,49,"prime_emoji(59, '🎨').  % Macros""
1908,191300,286950,286,95650,"./prime_harmonics.pl,prolog_fact,50,"prime_emoji(61, '🔬').  % Reflection""
1909,191400,287100,287,95700,"./prime_harmonics.pl,prolog_fact,51,"prime_emoji(67, '🌌').  % Metaprogramming""
1910,191500,287250,287,95750,"./prime_harmonics.pl,prolog_fact,52,"prime_emoji(71, '♾️').  % Universe/Type theory""
1911,191600,287400,287,95800,"./prime_harmonics.pl,prolog_fact,55,"prime_harmony(2, 'root').""
1912,191700,287550,287,95850,"./prime_harmonics.pl,prolog_fact,56,"prime_harmony(3, 'major_third').""
1913,191800,287700,287,95900,"./prime_harmonics.pl,prolog_fact,57,"prime_harmony(5, 'perfect_fifth').""
1914,191900,287850,287,95950,"./prime_harmonics.pl,prolog_fact,58,"prime_harmony(7, 'minor_seventh').""
1915,192000,288000,288,96000,"./prime_harmonics.pl,prolog_fact,59,"prime_harmony(11, 'major_ninth').""
1916,192100,288150,288,96050,"./prime_harmonics.pl,prolog_fact,60,"prime_harmony(13, 'major_sixth').""
1917,192200,288300,288,96100,"./prime_harmonics.pl,prolog_fact,61,"prime_harmony(17, 'perfect_fourth').""
1918,192300,288450,288,96150,"./prime_harmonics.pl,prolog_fact,62,"prime_harmony(19, 'octave').""
1919,192400,288600,288,96200,"./prime_harmonics.pl,prolog_fact,63,"prime_harmony(23, 'major_second').""
1920,192500,288750,288,96250,"./prime_harmonics.pl,prolog_fact,64,"prime_harmony(29, 'tritone').""
1921,192600,288900,288,96300,"./prime_harmonics.pl,prolog_fact,65,"prime_harmony(31, 'minor_third').""
1922,192700,289050,289,96350,"./prime_harmonics.pl,prolog_fact,66,"prime_harmony(37, 'augmented_fifth').""
1923,192800,289200,289,96400,"./prime_harmonics.pl,prolog_fact,67,"prime_harmony(41, 'diminished_seventh').""
1924,192900,289350,289,96450,"./prime_harmonics.pl,prolog_fact,68,"prime_harmony(43, 'major_seventh').""
1925,193000,289500,289,96500,"./prime_harmonics.pl,prolog_fact,69,"prime_harmony(47, 'minor_ninth').""
1926,193100,289650,289,96550,"./prime_harmonics.pl,prolog_fact,70,"prime_harmony(53, 'augmented_fourth').""
1927,193200,289800,289,96600,"./prime_harmonics.pl,prolog_fact,71,"prime_harmony(59, 'minor_sixth').""
1928,193300,289950,289,96650,"./prime_harmonics.pl,prolog_fact,72,"prime_harmony(61, 'major_tenth').""
1929,193400,290100,290,96700,"./prime_harmonics.pl,prolog_fact,73,"prime_harmony(67, 'perfect_eleventh').""
1930,193500,290250,290,96750,"./prime_harmonics.pl,prolog_fact,74,"prime_harmony(71, 'cosmic_overtone').""
1931,193600,290400,290,96800,"./prime_harmonics.pl,prolog_fact,88,"feature_pattern(types, "int").""
1932,193700,290550,290,96850,"./prime_harmonics.pl,prolog_fact,89,"feature_pattern(types, "bool").""
1933,193800,290700,290,96900,"./prime_harmonics.pl,prolog_fact,90,"feature_pattern(types, "char").""
1934,193900,290850,290,96950,"./prime_harmonics.pl,prolog_fact,91,"feature_pattern(operators, "+").""
1935,194000,291000,291,97000,"./prime_harmonics.pl,prolog_fact,92,"feature_pattern(operators, "-").""
1936,194100,291150,291,97050,"./prime_harmonics.pl,prolog_fact,93,"feature_pattern(operators, "*").""
1937,194200,291300,291,97100,"./prime_harmonics.pl,prolog_fact,94,"feature_pattern(variables, "let").""
1938,194300,291450,291,97150,"./prime_harmonics.pl,prolog_fact,95,"feature_pattern(variables, "var").""
1939,194400,291600,291,97200,"./prime_harmonics.pl,prolog_fact,96,"feature_pattern(control, "if").""
1940,194500,291750,291,97250,"./prime_harmonics.pl,prolog_fact,97,"feature_pattern(control, "while").""
1941,194600,291900,291,97300,"./prime_harmonics.pl,prolog_fact,98,"feature_pattern(control, "for").""
1942,194700,292050,292,97350,"./prime_harmonics.pl,prolog_fact,99,"feature_pattern(functions, "fn").""
1943,194800,292200,292,97400,"./prime_harmonics.pl,prolog_fact,100,"feature_pattern(functions, "def").""
1944,194900,292350,292,97450,"./prime_harmonics.pl,prolog_fact,101,"feature_pattern(functions, "lambda").""
1945,195000,292500,292,97500,"./prime_harmonics.pl,prolog_fact,102,"feature_pattern(pointers, "*").""
1946,195100,292650,292,97550,"./prime_harmonics.pl,prolog_fact,103,"feature_pattern(pointers, "&").""
1947,195200,292800,292,97600,"./prime_harmonics.pl,prolog_fact,104,"feature_pattern(structures, "struct").""
1948,195300,292950,292,97650,"./prime_harmonics.pl,prolog_fact,105,"feature_pattern(arrays, "[").""
1949,195400,293100,293,97700,"./prime_harmonics.pl,prolog_fact,106,"feature_pattern(arrays, "]").""
1950,195500,293250,293,97750,"./prime_harmonics.pl,prolog_fact,107,"feature_pattern(memory, "malloc").""
1951,195600,293400,293,97800,"./prime_harmonics.pl,prolog_fact,108,"feature_pattern(memory, "free").""
1952,195700,293550,293,97850,"./prime_harmonics.pl,prolog_fact,109,"feature_pattern(output, "print").""
1953,195800,293700,293,97900,"./prime_harmonics.pl,prolog_fact,110,"feature_pattern(loops, "loop").""
1954,195900,293850,293,97950,"./prime_harmonics.pl,prolog_fact,111,"feature_pattern(machine, "asm").""
1955,196000,294000,294,98000,"./prime_harmonics.pl,prolog_fact,114,"feature_prime(types, 2).""
1956,196100,294150,294,98050,"./prime_harmonics.pl,prolog_fact,115,"feature_prime(operators, 3).""
1957,196200,294300,294,98100,"./prime_harmonics.pl,prolog_fact,116,"feature_prime(variables, 5).""
1958,196300,294450,294,98150,"./prime_harmonics.pl,prolog_fact,117,"feature_prime(control, 7).""
1959,196400,294600,294,98200,"./prime_harmonics.pl,prolog_fact,118,"feature_prime(functions, 11).""
1960,196500,294750,294,98250,"./prime_harmonics.pl,prolog_fact,119,"feature_prime(pointers, 13).""
1961,196600,294900,294,98300,"./prime_harmonics.pl,prolog_fact,120,"feature_prime(structures, 17).""
1962,196700,295050,295,98350,"./prime_harmonics.pl,prolog_fact,121,"feature_prime(arrays, 19).""
1963,196800,295200,295,98400,"./prime_harmonics.pl,prolog_fact,122,"feature_prime(memory, 23).""
1964,196900,295350,295,98450,"./prime_harmonics.pl,prolog_fact,123,"feature_prime(optimization, 29).""
1965,197000,295500,295,98500,"./prime_harmonics.pl,prolog_fact,124,"feature_prime(output, 31).""
1966,197100,295650,295,98550,"./prime_harmonics.pl,prolog_fact,125,"feature_prime(loops, 37).""
1967,197200,295800,295,98600,"./prime_harmonics.pl,prolog_fact,126,"feature_prime(machine, 41).""
1968,197300,295950,295,98650,"./prime_harmonics.pl,prolog_fact,149,"product([], 1).""
1969,197400,296100,296,98700,"./prime_harmonics.pl,prolog_fact,210,"take_until_at([], Acc, Acc).""
1970,197500,296250,296,98750,"./c_complexity_lattice.pl,prolog_fact,13,"c_construct(int_type, 'int', 2).""
1971,197600,296400,296,98800,"./c_complexity_lattice.pl,prolog_fact,14,"c_construct(char_type, 'char', 2).""
1972,197700,296550,296,98850,"./c_complexity_lattice.pl,prolog_fact,15,"c_construct(void_type, 'void', 2).""
1973,197800,296700,296,98900,"./c_complexity_lattice.pl,prolog_fact,18,"c_construct(add_op, '+', 3).""
1974,197900,296850,296,98950,"./c_complexity_lattice.pl,prolog_fact,19,"c_construct(sub_op, '-', 3).""
1975,198000,297000,297,99000,"./c_complexity_lattice.pl,prolog_fact,20,"c_construct(mul_op, '*', 3).""
1976,198100,297150,297,99050,"./c_complexity_lattice.pl,prolog_fact,21,"c_construct(div_op, '/', 3).""
1977,198200,297300,297,99100,"./c_complexity_lattice.pl,prolog_fact,24,"c_construct(var_decl, 'int x;', 5).""
1978,198300,297450,297,99150,"./c_complexity_lattice.pl,prolog_fact,25,"c_construct(var_assign, 'x = 1;', 5).""
1979,198400,297600,297,99200,"./c_complexity_lattice.pl,prolog_fact,26,"c_construct(var_read, 'y = x;', 5).""
1980,198500,297750,297,99250,"./c_complexity_lattice.pl,prolog_fact,29,"c_construct(if_stmt, 'if (x) { }', 7).""
1981,198600,297900,297,99300,"./c_complexity_lattice.pl,prolog_fact,30,"c_construct(while_loop, 'while (x) { }', 7).""
1982,198700,298050,298,99350,"./c_complexity_lattice.pl,prolog_fact,31,"c_construct(for_loop, 'for (;;) { }', 7).""
1983,198800,298200,298,99400,"./c_complexity_lattice.pl,prolog_fact,34,"c_construct(func_decl, 'int f();', 11).""
1984,198900,298350,298,99450,"./c_complexity_lattice.pl,prolog_fact,35,"c_construct(func_call, 'f(x);', 11).""
1985,199000,298500,298,99500,"./c_complexity_lattice.pl,prolog_fact,36,"c_construct(return_stmt, 'return x;', 11).""
1986,199100,298650,298,99550,"./c_complexity_lattice.pl,prolog_fact,39,"c_construct(pointer_decl, 'int *p;', 13).""
1987,199200,298800,298,99600,"./c_complexity_lattice.pl,prolog_fact,40,"c_construct(pointer_deref, '*p', 13).""
1988,199300,298950,298,99650,"./c_complexity_lattice.pl,prolog_fact,41,"c_construct(address_of, '&x', 13).""
1989,199400,299100,299,99700,"./c_complexity_lattice.pl,prolog_fact,44,"c_construct(struct_decl, 'struct S { int x; };', 17).""
1990,199500,299250,299,99750,"./c_complexity_lattice.pl,prolog_fact,45,"c_construct(struct_access, 's.x', 17).""
1991,199600,299400,299,99800,"./c_complexity_lattice.pl,prolog_fact,46,"c_construct(struct_ptr_access, 's->x', 17).""
1992,199700,299550,299,99850,"./c_complexity_lattice.pl,prolog_fact,49,"c_construct(array_decl, 'int a[10];', 19).""
1993,199800,299700,299,99900,"./c_complexity_lattice.pl,prolog_fact,50,"c_construct(array_access, 'a[i]', 19).""
1994,199900,299850,299,99950,"./c_complexity_lattice.pl,prolog_fact,51,"c_construct(array_init, 'int a[] = {1,2,3};', 19).""
1995,200000,300000,300,100000,"./c_complexity_lattice.pl,prolog_fact,54,"c_construct(malloc_call, 'malloc(n)', 23).""
1996,200100,300150,300,100050,"./c_complexity_lattice.pl,prolog_fact,55,"c_construct(free_call, 'free(p)', 23).""
1997,200200,300300,300,100100,"./c_complexity_lattice.pl,prolog_fact,56,"c_construct(memcpy_call, 'memcpy(d,s,n)', 23).""
1998,200300,300450,300,100150,"./c_complexity_lattice.pl,prolog_fact,59,"c_construct(asm_stmt, 'asm("mov %eax, %ebx")', 29).""
1999,200400,300600,300,100200,"./c_complexity_lattice.pl,prolog_fact,60,"c_construct(volatile_asm, 'asm volatile(...)', 29).""
2000,200500,300750,300,100250,"./c_complexity_lattice.pl,prolog_fact,63,"c_construct(include_directive, '#include <stdio.h>', 31).""
2001,200600,300900,300,100300,"./c_complexity_lattice.pl,prolog_fact,64,"c_construct(define_macro, '#define X 1', 31).""
2002,200700,301050,301,100350,"./c_complexity_lattice.pl,prolog_fact,65,"c_construct(ifdef_directive, '#ifdef X', 31).""
2003,200800,301200,301,100400,"./c_complexity_lattice.pl,prolog_fact,68,"c_construct(ternary_op, 'x ? y : z', 41).""
2004,200900,301350,301,100450,"./c_complexity_lattice.pl,prolog_fact,69,"c_construct(compound_literal, '(struct S){.x=1}', 41).""
2005,201000,301500,301,100500,"./c_complexity_lattice.pl,prolog_fact,70,"c_construct(cast_expr, '(int)x', 41).""
2006,201100,301650,301,100550,"./c_complexity_lattice.pl,prolog_fact,109,"coq_to_c_mapping('nat', int_type, 2).""
2007,201200,301800,301,100600,"./c_complexity_lattice.pl,prolog_fact,110,"coq_to_c_mapping('bool', int_type, 2).""
2008,201300,301950,301,100650,"./c_complexity_lattice.pl,prolog_fact,111,"coq_to_c_mapping('list', pointer_decl, 13).""
2009,201400,302100,302,100700,"./c_complexity_lattice.pl,prolog_fact,112,"coq_to_c_mapping('option', pointer_decl, 13).""
2010,201500,302250,302,100750,"./c_complexity_lattice.pl,prolog_fact,113,"coq_to_c_mapping('Definition', func_decl, 11).""
2011,201600,302400,302,100800,"./c_complexity_lattice.pl,prolog_fact,114,"coq_to_c_mapping('Fixpoint', func_decl, 11).""
2012,201700,302550,302,100850,"./c_complexity_lattice.pl,prolog_fact,115,"coq_to_c_mapping('match', if_stmt, 7).""
2013,201800,302700,302,100900,"./c_complexity_lattice.pl,prolog_fact,116,"coq_to_c_mapping('if', if_stmt, 7).""
2014,201900,302850,302,100950,"./c_complexity_lattice.pl,prolog_fact,215,"emoji_prime(2, '🔴'). emoji_prime(3, '🟠'). emoji_prime(5, '🟡').""
2015,202000,303000,303,101000,"./c_complexity_lattice.pl,prolog_fact,216,"emoji_prime(7, '🟢'). emoji_prime(11, '🔵'). emoji_prime(13, '🟣').""
2016,202100,303150,303,101050,"./c_complexity_lattice.pl,prolog_fact,217,"emoji_prime(17, '🟤'). emoji_prime(19, '⚫'). emoji_prime(23, '⚪').""
2017,202200,303300,303,101100,"./c_complexity_lattice.pl,prolog_fact,218,"emoji_prime(29, '🔺'). emoji_prime(31, '🔻'). emoji_prime(41, '🔷').""
2018,202300,303450,303,101150,"./prime_abi_adapter.pl,prolog_fact,14,"prime_complexity(measure, 2).""
2019,202400,303600,303,101200,"./prime_abi_adapter.pl,prolog_fact,15,"prime_complexity(compute, 3).""
2020,202500,303750,303,101250,"./prime_abi_adapter.pl,prolog_fact,16,"prime_complexity(verify, 5).""
2021,202600,303900,303,101300,"./prime_abi_adapter.pl,prolog_fact,17,"prime_complexity(store, 7).""
2022,202700,304050,304,101350,"./prime_abi_adapter.pl,prolog_fact,18,"prime_complexity(load, 11).""
2023,202800,304200,304,101400,"./prime_abi_adapter.pl,prolog_fact,19,"prime_complexity(transform, 13).""
2024,202900,304350,304,101450,"./prime_abi_adapter.pl,prolog_fact,20,"prime_complexity(prove, 17).""
2025,203000,304500,304,101500,"./prime_abi_adapter.pl,prolog_fact,21,"prime_complexity(witness, 19).""
2026,203100,304650,304,101550,"./prime_abi_adapter.pl,prolog_fact,22,"prime_complexity(consensus, 23).""
2027,203200,304800,304,101600,"./prime_abi_adapter.pl,prolog_fact,23,"prime_complexity(inject, 29).""
2028,203300,304950,304,101650,"./prime_abi_adapter.pl,prolog_fact,92,"extract_operations(_, compute).  % Default""
2029,203400,305100,305,101700,"./prime_abi_adapter.pl,prolog_fact,173,"all_prime([]).""
2030,203500,305250,305,101750,"./prime_abi_adapter.pl,prolog_fact,190,"verify_oracle_agreement(_, valid).""
2031,203600,305400,305,101800,"./trisimulation.pl,prolog_fact,58,"print(json.dumps(weights))""
2032,203700,305550,305,101850,"./trisimulation.pl,prolog_fact,254,"system(prolog, logic, cpu).""
2033,203800,305700,305,101900,"./trisimulation.pl,prolog_fact,255,"system(llm_cpu, neural, cpu).""
2034,203900,305850,305,101950,"./trisimulation.pl,prolog_fact,256,"system(llm_gpu, neural, gpu).""
2035,204000,306000,306,102000,"./trisimulation.pl,prolog_fact,259,"trace(prolog, cycles(C1), instructions(I1), misses(M1)).""
2036,204100,306150,306,102050,"./trisimulation.pl,prolog_fact,260,"trace(llm_cpu, cycles(C2), instructions(I2), misses(M2)).""
2037,204200,306300,306,102100,"./trisimulation.pl,prolog_fact,261,"trace(llm_gpu, cycles(C3), instructions(I3), misses(M3)).""
2038,204300,306450,306,102150,"./trisimulation.pl,prolog_fact,264,"bisimulation(prolog, llm_cpu, arrows(A1)).""
2039,204400,306600,306,102200,"./trisimulation.pl,prolog_fact,265,"bisimulation(llm_cpu, llm_gpu, perf_equivalent).""
2040,204500,306750,306,102250,"./trisimulation.pl,prolog_fact,266,"bisimulation(prolog, llm_gpu, transitive).""
2041,204600,306900,306,102300,"./trisimulation.pl,prolog_fact,269,"trisimulation(prolog, llm_cpu, llm_gpu).""
2042,204700,307050,307,102350,"./trisimulation.pl,prolog_fact,272,"proof(unimath, hott, 'trisimulation.v').""
2043,204800,307200,307,102400,"./trisimulation.pl,prolog_fact,273,"proof(lean4, mathlib, 'trisimulation.lean').""
2044,204900,307350,307,102450,"./trisimulation.pl,prolog_fact,289,"parse_perf_trace(File, trace(cycles(1000), instructions(2000), misses(10))).""
2045,205000,307500,307,102500,"./prove_elf_complexity_23.pl,prolog_fact,73,"is_prime(2).""
2046,205100,307650,307,102550,"./prove_elf_complexity_23.pl,prolog_fact,74,"is_prime(3).""
2047,205200,307800,307,102600,"./oracle_load_real_data.pl,prolog_fact,40,"parse_lattice_line(_).""
2048,205300,307950,307,102650,"./oracle_load_real_data.pl,prolog_fact,95,"complexity_lattice([2,3,5,7,11,13,17,19,23,29,31,37,41,43,47,53,59,61,67,71]).""
2049,205400,308100,308,102700,"./c_complexity_facts.pl,prolog_fact,4,"c_complexity(int_type, int, 2).""
2050,205500,308250,308,102750,"./c_complexity_facts.pl,prolog_fact,5,"c_complexity(char_type, char, 2).""
2051,205600,308400,308,102800,"./c_complexity_facts.pl,prolog_fact,6,"c_complexity(void_type, void, 2).""
2052,205700,308550,308,102850,"./c_complexity_facts.pl,prolog_fact,7,"c_complexity(add_op, +, 3).""
2053,205800,308700,308,102900,"./c_complexity_facts.pl,prolog_fact,8,"c_complexity(sub_op, -, 3).""
2054,205900,308850,308,102950,"./c_complexity_facts.pl,prolog_fact,9,"c_complexity(mul_op, *, 3).""
2055,206000,309000,309,103000,"./c_complexity_facts.pl,prolog_fact,10,"c_complexity(div_op, /, 3).""
2056,206100,309150,309,103050,"./c_complexity_facts.pl,prolog_fact,11,"c_complexity(var_decl, 'int x;', 5).""
2057,206200,309300,309,103100,"./c_complexity_facts.pl,prolog_fact,12,"c_complexity(var_assign, 'x = 1;', 5).""
2058,206300,309450,309,103150,"./c_complexity_facts.pl,prolog_fact,13,"c_complexity(var_read, 'y = x;', 5).""
2059,206400,309600,309,103200,"./c_complexity_facts.pl,prolog_fact,14,"c_complexity(if_stmt, 'if (x) { }', 7).""
2060,206500,309750,309,103250,"./c_complexity_facts.pl,prolog_fact,15,"c_complexity(while_loop, 'while (x) { }', 7).""
2061,206600,309900,309,103300,"./c_complexity_facts.pl,prolog_fact,16,"c_complexity(for_loop, 'for (;;) { }', 7).""
2062,206700,310050,310,103350,"./c_complexity_facts.pl,prolog_fact,17,"c_complexity(func_decl, 'int f();', 11).""
2063,206800,310200,310,103400,"./c_complexity_facts.pl,prolog_fact,18,"c_complexity(func_call, 'f(x);', 11).""
2064,206900,310350,310,103450,"./c_complexity_facts.pl,prolog_fact,19,"c_complexity(return_stmt, 'return x;', 11).""
2065,207000,310500,310,103500,"./c_complexity_facts.pl,prolog_fact,20,"c_complexity(pointer_decl, 'int *p;', 13).""
2066,207100,310650,310,103550,"./c_complexity_facts.pl,prolog_fact,21,"c_complexity(pointer_deref, '*p', 13).""
2067,207200,310800,310,103600,"./c_complexity_facts.pl,prolog_fact,22,"c_complexity(address_of, '&x', 13).""
2068,207300,310950,310,103650,"./c_complexity_facts.pl,prolog_fact,23,"c_complexity(struct_decl, 'struct S { int x; };', 17).""
2069,207400,311100,311,103700,"./c_complexity_facts.pl,prolog_fact,24,"c_complexity(struct_access, 's.x', 17).""
2070,207500,311250,311,103750,"./c_complexity_facts.pl,prolog_fact,25,"c_complexity(struct_ptr_access, 's->x', 17).""
2071,207600,311400,311,103800,"./c_complexity_facts.pl,prolog_fact,26,"c_complexity(array_decl, 'int a[10];', 19).""
2072,207700,311550,311,103850,"./c_complexity_facts.pl,prolog_fact,27,"c_complexity(array_access, 'a[i]', 19).""
2073,207800,311700,311,103900,"./c_complexity_facts.pl,prolog_fact,28,"c_complexity(array_init, 'int a[] = {1,2,3};', 19).""
2074,207900,311850,311,103950,"./c_complexity_facts.pl,prolog_fact,29,"c_complexity(malloc_call, 'malloc(n)', 23).""
2075,208000,312000,312,104000,"./c_complexity_facts.pl,prolog_fact,30,"c_complexity(free_call, 'free(p)', 23).""
2076,208100,312150,312,104050,"./c_complexity_facts.pl,prolog_fact,31,"c_complexity(memcpy_call, 'memcpy(d,s,n)', 23).""
2077,208200,312300,312,104100,"./c_complexity_facts.pl,prolog_fact,32,"c_complexity(asm_stmt, 'asm("mov %eax, %ebx")', 29).""
2078,208300,312450,312,104150,"./c_complexity_facts.pl,prolog_fact,33,"c_complexity(volatile_asm, 'asm volatile(...)', 29).""
2079,208400,312600,312,104200,"./c_complexity_facts.pl,prolog_fact,34,"c_complexity(include_directive, '#include <stdio.h>', 31).""
2080,208500,312750,312,104250,"./c_complexity_facts.pl,prolog_fact,35,"c_complexity(define_macro, '#define X 1', 31).""
2081,208600,312900,312,104300,"./c_complexity_facts.pl,prolog_fact,36,"c_complexity(ifdef_directive, '#ifdef X', 31).""
2082,208700,313050,313,104350,"./c_complexity_facts.pl,prolog_fact,37,"c_complexity(ternary_op, 'x ? y : z', 41).""
2083,208800,313200,313,104400,"./c_complexity_facts.pl,prolog_fact,38,"c_complexity(compound_literal, '(struct S){.x=1}', 41).""
2084,208900,313350,313,104450,"./c_complexity_facts.pl,prolog_fact,39,"c_complexity(cast_expr, '(int)x', 41).""
2085,209000,313500,313,104500,"./oracle_parquet_scanner.pl,prolog_fact,47,"process_parquet_line(_).""
2086,209100,313650,313,104550,"./escher_loop.pl,prolog_fact,15,"codes_to_emoji([], []).""
2087,209200,313800,313,104600,"./escher_loop.pl,prolog_fact,131,"split_list([], _, []).""
2088,209300,313950,313,104650,"./escher_loop.pl,prolog_fact,138,"split_list(List, _, [List]).""
2089,209400,314100,314,104700,"./escher_loop.pl,prolog_fact,172,"decode_and_execute(complete_runes)""
2090,209500,314250,314,104750,"./escher_loop.pl,prolog_fact,174,"print("🗿 Prolog system reconstructed from runestone shards!")""
2091,209600,314400,314,104800,"./harmonic_complexity.pl,prolog_fact,9,"harmonic_layer(0, fundamental, frequency(1)).""
2092,209700,314550,314,104850,"./harmonic_complexity.pl,prolog_fact,10,"harmonic_layer(1, first_harmonic, frequency(2)).""
2093,209800,314700,314,104900,"./harmonic_complexity.pl,prolog_fact,11,"harmonic_layer(2, second_harmonic, frequency(3)).""
2094,209900,314850,314,104950,"./harmonic_complexity.pl,prolog_fact,12,"harmonic_layer(3, third_harmonic, frequency(5)).""
2095,210000,315000,315,105000,"./harmonic_complexity.pl,prolog_fact,13,"harmonic_layer(4, fourth_harmonic, frequency(7)).""
2096,210100,315150,315,105050,"./harmonic_complexity.pl,prolog_fact,14,"harmonic_layer(5, fifth_harmonic, frequency(11)).""
2097,210200,315300,315,105100,"./harmonic_complexity.pl,prolog_fact,15,"harmonic_layer(6, sixth_harmonic, frequency(13)).""
2098,210300,315450,315,105150,"./harmonic_complexity.pl,prolog_fact,16,"harmonic_layer(7, seventh_harmonic, frequency(17)).""
2099,210400,315600,315,105200,"./harmonic_complexity.pl,prolog_fact,26,"monster_primes([2,3,5,7,11,13,17,19,23,29,31,41,47,59,71]).""
2100,210500,315750,315,105250,"./harmonic_complexity.pl,prolog_fact,33,"instruction_class(0, no_constants, [""
2101,210600,315900,315,105300,"./harmonic_complexity.pl,prolog_fact,40,"instruction_class(1, one_constant, [""
2102,210700,316050,316,105350,"./harmonic_complexity.pl,prolog_fact,47,"instruction_class(2, two_constants, [""
2103,210800,316200,316,105400,"./harmonic_complexity.pl,prolog_fact,54,"instruction_class(3, three_constants, [""
2104,210900,316350,316,105450,"./map_code_to_monster_lattice.pl,prolog_fact,8,"monster_primes([2,3,5,7,11,13,17,19,23,29,31,41,47,59,71]).""
2105,211000,316500,316,105500,"./map_code_to_monster_lattice.pl,prolog_fact,56,"emoji_prime(2, '🔴'). emoji_prime(3, '🟠'). emoji_prime(5, '🟡').""
2106,211100,316650,316,105550,"./map_code_to_monster_lattice.pl,prolog_fact,57,"emoji_prime(7, '🟢'). emoji_prime(11, '🔵'). emoji_prime(13, '🟣').""
2107,211200,316800,316,105600,"./map_code_to_monster_lattice.pl,prolog_fact,58,"emoji_prime(17, '🟤'). emoji_prime(19, '⚫'). emoji_prime(23, '⚪').""
2108,211300,316950,316,105650,"./map_code_to_monster_lattice.pl,prolog_fact,59,"emoji_prime(29, '🔺'). emoji_prime(31, '🔻'). emoji_prime(37, '🔶').""
2109,211400,317100,317,105700,"./map_code_to_monster_lattice.pl,prolog_fact,60,"emoji_prime(41, '🔷'). emoji_prime(43, '🔸'). emoji_prime(47, '🔹').""
2110,211500,317250,317,105750,"./map_code_to_monster_lattice.pl,prolog_fact,61,"emoji_prime(53, '⭐'). emoji_prime(59, '✨'). emoji_prime(61, '💫').""
2111,211600,317400,317,105800,"./map_code_to_monster_lattice.pl,prolog_fact,62,"emoji_prime(67, '🌟'). emoji_prime(71, '🍄').""
2112,211700,317550,317,105850,"./self_translate_prove.pl,prolog_fact,14,"prolog_predicate(factorial, '""
2113,211800,317700,317,105900,"./self_translate_prove.pl,prolog_fact,15,"factorial(0, 1).""
2114,211900,317850,317,105950,"./self_translate_prove.pl,prolog_fact,227,"all_same([]).""
2115,212000,318000,318,106000,"./self_translate_prove.pl,prolog_fact,228,"all_same([_]).""
2116,212100,318150,318,106050,"./self_translate_prove.pl,prolog_fact,323,"emoji_prime(2, '🔴'). emoji_prime(3, '🟠'). emoji_prime(5, '🟡').""
2117,212200,318300,318,106100,"./self_translate_prove.pl,prolog_fact,324,"emoji_prime(7, '🟢'). emoji_prime(11, '🔵'). emoji_prime(13, '🟣').""
2118,212300,318450,318,106150,"./self_translate_prove.pl,prolog_fact,325,"emoji_prime(17, '🟤'). emoji_prime(19, '⚫'). emoji_prime(23, '⚪').""
2119,212400,318600,318,106200,"./self_translate_prove.pl,prolog_fact,326,"emoji_prime(29, '🔺'). emoji_prime(31, '🔻'). emoji_prime(41, '🔷').""
2120,212500,318750,318,106250,"./homomorphic_shards.pl,prolog_fact,9,"shard(prolog, logic_shard, 'Logic reasoning encrypted').""
2121,212600,318900,318,106300,"./homomorphic_shards.pl,prolog_fact,10,"shard(lean4, type_shard, 'Type theory encrypted').""
2122,212700,319050,319,106350,"./homomorphic_shards.pl,prolog_fact,11,"shard(haskell, functional_shard, 'Functions encrypted').""
2123,212800,319200,319,106400,"./homomorphic_shards.pl,prolog_fact,12,"shard(metacoq, reflective_shard, 'Reflection encrypted').""
2124,212900,319350,319,106450,"./homomorphic_shards.pl,prolog_fact,13,"shard(unimath, hott_shard, 'HoTT encrypted').""
2125,213000,319500,319,106500,"./homomorphic_shards.pl,prolog_fact,14,"shard(lmfdb, data_shard, 'Data encrypted').""
2126,213100,319650,319,106550,"./homomorphic_shards.pl,prolog_fact,245,"system_key(prolog, key(prolog_secret)).""
2127,213200,319800,319,106600,"./homomorphic_shards.pl,prolog_fact,246,"system_key(lean4, key(lean4_secret)).""
2128,213300,319950,319,106650,"./homomorphic_shards.pl,prolog_fact,247,"system_key(haskell, key(haskell_secret)).""
2129,213400,320100,320,106700,"./homomorphic_shards.pl,prolog_fact,248,"system_key(metacoq, key(metacoq_secret)).""
2130,213500,320250,320,106750,"./homomorphic_shards.pl,prolog_fact,249,"system_key(unimath, key(unimath_secret)).""
2131,213600,320400,320,106800,"./homomorphic_shards.pl,prolog_fact,250,"system_key(lmfdb, key(lmfdb_secret)).""
2132,213700,320550,320,106850,"./homomorphic_shards.pl,prolog_fact,252,"homomorphic_encrypt(Data, Key, encrypted(Data, Key)).""
2133,213800,320700,320,106900,"./homomorphic_shards.pl,prolog_fact,253,"homomorphic_decrypt(encrypted(Data, Key), Key, Data).""
2134,213900,320850,320,106950,"./homomorphic_shards.pl,prolog_fact,257,"system_proof(System, proof(System, theorem)).""
2135,214000,321000,321,107000,"./homomorphic_shards.pl,prolog_fact,258,"generate_witness(Theorem, witness(Theorem)).""
2136,214100,321150,321,107050,"./homomorphic_shards.pl,prolog_fact,259,"verify_homomorphic(_, _, _).""
2137,214200,321300,321,107100,"./homomorphic_shards.pl,prolog_fact,260,"combine_encrypted(Fragments, combined(Fragments)).""
2138,214300,321450,321,107150,"./homomorphic_shards.pl,prolog_fact,261,"shamir_reconstruct(Shards, _, reconstructed(Shards)).""
2139,214400,321600,321,107200,"./homomorphic_shards.pl,prolog_fact,262,"homomorphic_transform(Enc, _, _, Enc).""
2140,214500,321750,321,107250,"./homomorphic_shards.pl,prolog_fact,263,"zk_prove(Enc, _, zk_proof(Enc)).""
2141,214600,321900,321,107300,"./homomorphic_shards.pl,prolog_fact,264,"zk_verify(zk_proof(_), _, verified).""
2142,214700,322050,322,107350,"./homomorphic_shards.pl,prolog_fact,265,"split_theorem(T, [T]).""
2143,214800,322200,322,107400,"./homomorphic_shards.pl,prolog_fact,268,"prove_encrypted(Enc, _, proof(Enc)).""
2144,214900,322350,322,107450,"./eternal_fungus_spore.pl,prolog_fact,9,"spore_generation(0).""
2145,215000,322500,322,107500,"./perf_novelty_proof.pl,prolog_fact,83,"prove_pairwise([]).""
2146,215100,322650,322,107550,"./perf_novelty_proof.pl,prolog_fact,84,"prove_pairwise([_]).""
2147,215200,322800,322,107600,"./eternal_proof_loop.pl,prolog_fact,55,"all_theorems([""
2148,215300,322950,322,107650,"./eternal_proof_loop.pl,prolog_fact,70,"theorem_index(0).""
2149,215400,323100,323,107700,"./eternal_proof_loop.pl,prolog_fact,73,"get_theorem_index(0).""
2150,215500,323250,323,107750,"./bootstrap_proof.pl,prolog_fact,14,"source_repo(mes, 'https://git.savannah.gnu.org/git/mes.git', 'GNU MES').""
2151,215600,323400,323,107800,"./bootstrap_proof.pl,prolog_fact,15,"source_repo(gcc, 'https://gcc.gnu.org/git/gcc.git', 'GCC').""
2152,215700,323550,323,107850,"./bootstrap_proof.pl,prolog_fact,16,"source_repo(llvm, 'https://github.com/llvm/llvm-project.git', 'LLVM').""
2153,215800,323700,323,107900,"./bootstrap_proof.pl,prolog_fact,17,"source_repo(compcert, 'https://github.com/AbsInt/CompCert.git', 'CompCert').""
2154,215900,323850,323,107950,"./bootstrap_proof.pl,prolog_fact,18,"source_repo(metacoq, 'https://github.com/MetaCoq/metacoq.git', 'MetaCoq').""
2155,216000,324000,324,108000,"./bootstrap_proof.pl,prolog_fact,21,"nix_package(gcc, 'nixpkgs#gcc').""
2156,216100,324150,324,108050,"./bootstrap_proof.pl,prolog_fact,22,"nix_package(clang, 'nixpkgs#clang').""
2157,216200,324300,324,108100,"./bootstrap_proof.pl,prolog_fact,23,"nix_package(tcc, 'nixpkgs#tinycc').""
2158,216300,324450,324,108150,"./bootstrap_proof.pl,prolog_fact,24,"nix_package(coq, 'nixpkgs#coq').""
2159,216400,324600,324,108200,"./bootstrap_proof.pl,prolog_fact,25,"nix_package(lean4, 'nixpkgs#lean4').""
2160,216500,324750,324,108250,"./bootstrap_proof.pl,prolog_fact,351,"emoji_prime(2, '🔴'). emoji_prime(3, '🟠'). emoji_prime(5, '🟡').""
2161,216600,324900,324,108300,"./bootstrap_proof.pl,prolog_fact,352,"emoji_prime(7, '🟢'). emoji_prime(11, '🔵'). emoji_prime(13, '🟣').""
2162,216700,325050,325,108350,"./bootstrap_proof.pl,prolog_fact,353,"emoji_prime(17, '🟤'). emoji_prime(19, '⚫'). emoji_prime(23, '⚪').""
2163,216800,325200,325,108400,"./bootstrap_proof.pl,prolog_fact,354,"emoji_prime(29, '🔺'). emoji_prime(31, '🔻'). emoji_prime(41, '🔷').""
2164,216900,325350,325,108450,"./bootstrap_proof.pl,prolog_fact,355,"emoji_prime(71, '🍄').""
2165,217000,325500,325,108500,"./dataset_complexity_binding.pl,prolog_fact,14,"complexity_source(oeis, 'A000040', primes).           % Prime numbers""
2166,217100,325650,325,108550,"./dataset_complexity_binding.pl,prolog_fact,15,"complexity_source(oeis, 'A000045', fibonacci).        % Fibonacci""
2167,217200,325800,325,108600,"./dataset_complexity_binding.pl,prolog_fact,16,"complexity_source(oeis, 'A000142', factorial).        % Factorial""
2168,217300,325950,325,108650,"./dataset_complexity_binding.pl,prolog_fact,17,"complexity_source(oeis, 'A000396', perfect_numbers).  % Perfect numbers""
2169,217400,326100,326,108700,"./dataset_complexity_binding.pl,prolog_fact,18,"complexity_source(oeis, 'A000668', mersenne_primes).  % Mersenne primes""
2170,217500,326250,326,108750,"./dataset_complexity_binding.pl,prolog_fact,21,"complexity_source(wikidata, 'Q83478', prime).""
2171,217600,326400,326,108800,"./dataset_complexity_binding.pl,prolog_fact,22,"complexity_source(wikidata, 'Q193837', fibonacci_number).""
2172,217700,326550,326,108850,"./dataset_complexity_binding.pl,prolog_fact,23,"complexity_source(wikidata, 'Q120976', monster_group).""
2173,217800,326700,326,108900,"./dataset_complexity_binding.pl,prolog_fact,24,"complexity_source(wikidata, 'Q215067', lattice).""
2174,217900,326850,326,108950,"./dataset_complexity_binding.pl,prolog_fact,27,"complexity_source(lmfdb, 'ec/Q/11/a/1', elliptic_curve).""
2175,218000,327000,327,109000,"./dataset_complexity_binding.pl,prolog_fact,28,"complexity_source(lmfdb, 'mf/2/11/a/a', modular_form).""
2176,218100,327150,327,109050,"./dataset_complexity_binding.pl,prolog_fact,29,"complexity_source(lmfdb, 'g2c/Q/169/a', genus2_curve).""
2177,218200,327300,327,109100,"./dataset_complexity_binding.pl,prolog_fact,139,"product([], 1).""
2178,218300,327450,327,109150,"./dataset_complexity_binding.pl,prolog_fact,188,"infer_math_property(_, primes).""
2179,218400,327600,327,109200,"./godel_wrapped.pl,prolog_fact,271,"tmp_file(prolog, '/tmp/godel_query.pl').""
2180,218500,327750,327,109250,"./godel_wrapped.pl,prolog_fact,276,"parse_perf_output(File, trace(cycles(1000), instructions(2000), misses(10))).""
2181,218600,327900,327,109300,"./godel_wrapped.pl,prolog_fact,277,"read_result(File, result(ok)).""
2182,218700,328050,328,109350,"./godel_wrapped.pl,prolog_fact,282,"content_hash(Path, hash(abc123)).""
2183,218800,328200,328,109400,"./godel_wrapped.pl,prolog_fact,283,"read_nix_result(Path, result(ok)).""
2184,218900,328350,328,109450,"./godel_wrapped.pl,prolog_fact,284,"predict_complexity(godel_statement, o(recursive)).""
2185,219000,328500,328,109500,"./muselang.pl,prolog_fact,11,"prime_llvm(2, 'alloca').     % Types/Memory allocation""
2186,219100,328650,328,109550,"./muselang.pl,prolog_fact,12,"prime_llvm(3, 'add').        % Operators""
2187,219200,328800,328,109600,"./muselang.pl,prolog_fact,13,"prime_llvm(5, 'load').       % Variables""
2188,219300,328950,328,109650,"./muselang.pl,prolog_fact,14,"prime_llvm(7, 'br').         % Control flow""
2189,219400,329100,329,109700,"./muselang.pl,prolog_fact,15,"prime_llvm(11, 'call').      % Functions""
2190,219500,329250,329,109750,"./muselang.pl,prolog_fact,16,"prime_llvm(13, 'getelementptr'). % Pointers""
2191,219600,329400,329,109800,"./muselang.pl,prolog_fact,17,"prime_llvm(17, 'store').     % Structures""
2192,219700,329550,329,109850,"./muselang.pl,prolog_fact,18,"prime_llvm(19, 'icmp').      % Arrays/Comparison""
2193,219800,329700,329,109900,"./muselang.pl,prolog_fact,19,"prime_llvm(23, 'phi').       % Memory/SSA""
2194,219900,329850,329,109950,"./muselang.pl,prolog_fact,20,"prime_llvm(29, 'select').    % Optimization""
2195,220000,330000,330,110000,"./muselang.pl,prolog_fact,21,"prime_llvm(31, 'ret').       % Output/Return""
2196,220100,330150,330,110050,"./muselang.pl,prolog_fact,22,"prime_llvm(37, 'mul').       % Loops""
2197,220200,330300,330,110100,"./muselang.pl,prolog_fact,23,"prime_llvm(41, 'and').       % Machine/Bitwise""
2198,220300,330450,330,110150,"./muselang.pl,prolog_fact,24,"prime_llvm(43, 'xor').       % Security""
2199,220400,330600,330,110200,"./muselang.pl,prolog_fact,25,"prime_llvm(47, 'shl').       % Network/Shift""
2200,220500,330750,330,110250,"./muselang.pl,prolog_fact,26,"prime_llvm(53, 'zext').      % Generics/Extension""
2201,220600,330900,330,110300,"./muselang.pl,prolog_fact,27,"prime_llvm(59, 'bitcast').   % Macros/Cast""
2202,220700,331050,331,110350,"./muselang.pl,prolog_fact,28,"prime_llvm(61, 'ptrtoint').  % Reflection""
2203,220800,331200,331,110400,"./muselang.pl,prolog_fact,29,"prime_llvm(67, 'invoke').    % Metaprogramming""
2204,220900,331350,331,110450,"./muselang.pl,prolog_fact,30,"prime_llvm(71, 'landingpad'). % Universe/Exception""
2205,221000,331500,331,110500,"./muselang.pl,prolog_fact,81,"generate_instructions(_, [], Acc, Acc).""
2206,221100,331650,331,110550,"./lift_to_71_shards.pl,prolog_fact,11,"monster_primes([2,3,5,7,11,13,17,19,23,29,31,37,41,43,47,53,59,61,67,71]).""
2207,221200,331800,331,110600,"./lift_to_71_shards.pl,prolog_fact,14,"prime_domain(2, types, "int, bool, char").""
2208,221300,331950,331,110650,"./lift_to_71_shards.pl,prolog_fact,15,"prime_domain(3, operators, "+, -, *, /").""
2209,221400,332100,332,110700,"./lift_to_71_shards.pl,prolog_fact,16,"prime_domain(5, variables, "x, y, z").""
2210,221500,332250,332,110750,"./lift_to_71_shards.pl,prolog_fact,17,"prime_domain(7, control, "if, while, for").""
2211,221600,332400,332,110800,"./lift_to_71_shards.pl,prolog_fact,18,"prime_domain(11, functions, "def, fn, lambda").""
2212,221700,332550,332,110850,"./lift_to_71_shards.pl,prolog_fact,19,"prime_domain(13, pointers, "*ptr, &ref").""
2213,221800,332700,332,110900,"./lift_to_71_shards.pl,prolog_fact,20,"prime_domain(17, structures, "struct, record").""
2214,221900,332850,332,110950,"./lift_to_71_shards.pl,prolog_fact,21,"prime_domain(19, arrays, "[], vector").""
2215,222000,333000,333,111000,"./lift_to_71_shards.pl,prolog_fact,22,"prime_domain(23, memory, "malloc, free").""
2216,222100,333150,333,111050,"./lift_to_71_shards.pl,prolog_fact,23,"prime_domain(29, optimization, "SSA, inlining").""
2217,222200,333300,333,111100,"./lift_to_71_shards.pl,prolog_fact,24,"prime_domain(31, output, "print, write").""
2218,222300,333450,333,111150,"./lift_to_71_shards.pl,prolog_fact,25,"prime_domain(37, loops, "loop, iterate").""
2219,222400,333600,333,111200,"./lift_to_71_shards.pl,prolog_fact,26,"prime_domain(41, machine, "asm, linking").""
2220,222500,333750,333,111250,"./lift_to_71_shards.pl,prolog_fact,27,"prime_domain(43, safety, "borrow, lifetime").""
2221,222600,333900,333,111300,"./lift_to_71_shards.pl,prolog_fact,28,"prime_domain(47, network, "tcp, http").""
2222,222700,334050,334,111350,"./lift_to_71_shards.pl,prolog_fact,29,"prime_domain(53, generics, "<T>, impl").""
2223,222800,334200,334,111400,"./lift_to_71_shards.pl,prolog_fact,30,"prime_domain(59, macros, "macro!, quote").""
2224,222900,334350,334,111450,"./lift_to_71_shards.pl,prolog_fact,31,"prime_domain(61, reflection, "typeof, meta").""
2225,223000,334500,334,111500,"./lift_to_71_shards.pl,prolog_fact,32,"prime_domain(67, metaprogramming, "eval, compile").""
2226,223100,334650,334,111550,"./lift_to_71_shards.pl,prolog_fact,33,"prime_domain(71, universe, "Type, Kind, Universe").""
2227,223200,334800,334,111600,"./ingest_ocaml_perf.pl,prolog_fact,42,"monster_prime(2). monster_prime(3). monster_prime(5). monster_prime(7).""
2228,223300,334950,334,111650,"./ingest_ocaml_perf.pl,prolog_fact,43,"monster_prime(11). monster_prime(13). monster_prime(17). monster_prime(19).""
2229,223400,335100,335,111700,"./ingest_ocaml_perf.pl,prolog_fact,44,"monster_prime(23). monster_prime(29). monster_prime(31). monster_prime(41).""
2230,223500,335250,335,111750,"./ingest_ocaml_perf.pl,prolog_fact,45,"monster_prime(47). monster_prime(59). monster_prime(71).""
2231,223600,335400,335,111800,"./ingest_ocaml_perf.pl,prolog_fact,76,"emoji_prime(2, '🔴'). emoji_prime(3, '🟠'). emoji_prime(5, '🟡').""
2232,223700,335550,335,111850,"./ingest_ocaml_perf.pl,prolog_fact,77,"emoji_prime(7, '🟢'). emoji_prime(11, '🔵'). emoji_prime(13, '🟣').""
2233,223800,335700,335,111900,"./ingest_ocaml_perf.pl,prolog_fact,78,"emoji_prime(17, '🟤'). emoji_prime(19, '⚫'). emoji_prime(23, '⚪').""
2234,223900,335850,335,111950,"./ingest_ocaml_perf.pl,prolog_fact,79,"emoji_prime(29, '🔺'). emoji_prime(31, '🔻'). emoji_prime(41, '🔷').""
2235,224000,336000,336,112000,"./ingest_ocaml_perf.pl,prolog_fact,80,"emoji_prime(47, '🔹'). emoji_prime(59, '⭐'). emoji_prime(71, '🍄').""
2236,224100,336150,336,112050,"./prove_congruence.pl,prolog_fact,7,"monster_primes([2,3,5,7,11,13,17,19,23,29,31,41,47,59,71]).""
2237,224200,336300,336,112100,"./prove_congruence.pl,prolog_fact,65,"extract_values(_, 0, 0).""
2238,224300,336450,336,112150,"./prove_congruence.pl,prolog_fact,102,"all_congruent([]).""
2239,224400,336600,336,112200,"./prove_congruence.pl,prolog_fact,103,"all_congruent([_]).""
2240,224500,336750,336,112250,"./parquet_lists.pl,prolog_fact,12,"parquet_category(search, [""
2241,224600,336900,336,112300,"./parquet_lists.pl,prolog_fact,23,"parquet_category(lattice, [""
2242,224700,337050,337,112350,"./prolog_orbits_self_label.pl,prolog_fact,123,"analyze_body(_, 1).""
2243,224800,337200,337,112400,"./prolog_orbits_self_label.pl,prolog_fact,129,"find_orbit(_, orbit_0).""
2244,224900,337350,337,112450,"./generate_latex_report.pl,prolog_fact,41,"latex_preamble('\documentclass[12pt]{amsart}""
2245,225000,337500,337,112500,"./generate_latex_report.pl,prolog_fact,73,"latex_abstract('\begin{abstract}""
2246,225100,337650,337,112550,"./generate_latex_report.pl,prolog_fact,91,"latex_introduction('\section{Introduction}""
2247,225200,337800,337,112600,"./generate_latex_report.pl,prolog_fact,115,"latex_prime_lattice('\section{The Prime Lattice}""
2248,225300,337950,337,112650,"./generate_latex_report.pl,prolog_fact,155,"latex_theorems('\section{Main Theorems}""
2249,225400,338100,338,112700,"./generate_latex_report.pl,prolog_fact,161,"r(c, h) = +0.380, \quad p < 0.05""
2250,225500,338250,338,112750,"./generate_latex_report.pl,prolog_fact,205,"latex_proofs('\section{Proofs}""
2251,225600,338400,338,112800,"./generate_latex_report.pl,prolog_fact,273,"latex_experiments('\section{Experimental Results}""
2252,225700,338550,338,112850,"./generate_latex_report.pl,prolog_fact,307,"latex_conclusion('\section{Conclusion}""
2253,225800,338700,338,112900,"./generate_latex_report.pl,prolog_fact,340,"latex_bibliography('\begin{thebibliography}{99}""
2254,225900,338850,338,112950,"./monster_lattice_features.pl,prolog_fact,10,"monster_order('2^46 × 3^20 × 5^9 × 7^6 × 11^2 × 13^3 × 17 × 19 × 23 × 29 × 31 × 41 × 47 × 59 × 71').""
2255,226000,339000,339,113000,"./monster_lattice_features.pl,prolog_fact,13,"lattice_dimension(24).""
2256,226100,339150,339,113050,"./monster_lattice_features.pl,prolog_fact,16,"extended_dimension(46).""
2257,226200,339300,339,113100,"./monster_lattice_features.pl,prolog_fact,26,"feature_complexity(mirror, rank(2^46), common, lattice_point([1,0,0,0,0,0,0,0,0,0,0,0,0,0,0,0,0,0,0,0,0,0,0,0])).""
2258,226300,339450,339,113150,"./monster_lattice_features.pl,prolog_fact,27,"feature_complexity(oracle, rank(2^45), common, lattice_point([0,1,0,0,0,0,0,0,0,0,0,0,0,0,0,0,0,0,0,0,0,0,0,0])).""
2259,226400,339600,339,113200,"./monster_lattice_features.pl,prolog_fact,28,"feature_complexity(zkproof, rank(2^44), common, lattice_point([0,0,1,0,0,0,0,0,0,0,0,0,0,0,0,0,0,0,0,0,0,0,0,0])).""
2260,226500,339750,339,113250,"./monster_lattice_features.pl,prolog_fact,31,"feature_complexity(lift, rank(2^20), common, lattice_point([1,1,0,0,0,0,0,0,0,0,0,0,0,0,0,0,0,0,0,0,0,0,0,0])).""
2261,226600,339900,339,113300,"./monster_lattice_features.pl,prolog_fact,32,"feature_complexity(quote, rank(2^19), common, lattice_point([1,0,1,0,0,0,0,0,0,0,0,0,0,0,0,0,0,0,0,0,0,0,0,0])).""
2262,226700,340050,340,113350,"./monster_lattice_features.pl,prolog_fact,33,"feature_complexity(splice, rank(2^18), common, lattice_point([0,1,1,0,0,0,0,0,0,0,0,0,0,0,0,0,0,0,0,0,0,0,0,0])).""
2263,226800,340200,340,113400,"./monster_lattice_features.pl,prolog_fact,34,"feature_complexity(shift, rank(2^17), common, lattice_point([1,1,1,0,0,0,0,0,0,0,0,0,0,0,0,0,0,0,0,0,0,0,0,0])).""
2264,226900,340350,340,113450,"./monster_lattice_features.pl,prolog_fact,37,"feature_complexity(dependent_types, rank(3^20), moderate, lattice_point([1,0,0,1,0,0,0,0,0,0,0,0,0,0,0,0,0,0,0,0,0,0,0,0])).""
2265,227000,340500,340,113500,"./monster_lattice_features.pl,prolog_fact,38,"feature_complexity(linear_types, rank(3^10), moderate, lattice_point([0,1,0,1,0,0,0,0,0,0,0,0,0,0,0,0,0,0,0,0,0,0,0,0])).""
2266,227100,340650,340,113550,"./monster_lattice_features.pl,prolog_fact,39,"feature_complexity(hott_types, rank(3^9), moderate, lattice_point([0,0,1,1,0,0,0,0,0,0,0,0,0,0,0,0,0,0,0,0,0,0,0,0])).""
2267,227200,340800,340,113600,"./monster_lattice_features.pl,prolog_fact,42,"feature_complexity(metacoq_reflection, rank(59), rare, lattice_point([1,1,1,1,1,0,0,0,0,0,0,0,0,0,0,0,0,0,0,0,0,0,0,0])).""
2268,227300,340950,340,113650,"./monster_lattice_features.pl,prolog_fact,43,"feature_complexity(kleene_recursion, rank(71), rarest, lattice_point([1,1,1,1,1,1,1,1,1,1,1,1,1,1,1,1,1,1,1,1,1,1,1,1])).""
2269,227400,341100,341,113700,"./monster_lattice_features.pl,prolog_fact,46,"feature_complexity(automorphic_orbit, rank(47), exceptional, lattice_point([1,0,1,0,1,0,1,0,0,0,0,0,0,0,0,0,0,0,0,0,0,0,0,0])).""
2270,227500,341250,341,113750,"./monster_lattice_features.pl,prolog_fact,47,"feature_complexity(galois_tower, rank(41), exceptional, lattice_point([0,1,0,1,0,1,0,1,0,0,0,0,0,0,0,0,0,0,0,0,0,0,0,0])).""
2271,227600,341400,341,113800,"./monster_lattice_features.pl,prolog_fact,48,"feature_complexity(homomorphic_shard, rank(31), exceptional, lattice_point([1,1,0,0,1,1,0,0,0,0,0,0,0,0,0,0,0,0,0,0,0,0,0,0])).""
2272,227700,341550,341,113850,"./monster_lattice_features.pl,prolog_fact,119,"symmetry_group(2^_, binary).""
2273,227800,341700,341,113900,"./monster_lattice_features.pl,prolog_fact,120,"symmetry_group(3^_, ternary).""
2274,227900,341850,341,113950,"./monster_lattice_features.pl,prolog_fact,121,"symmetry_group(5^_, pentagonal).""
2275,228000,342000,342,114000,"./monster_lattice_features.pl,prolog_fact,167,"language_transform(prolog, lean, rotation(45)).""
2276,228100,342150,342,114050,"./monster_lattice_features.pl,prolog_fact,168,"language_transform(lean, haskell, rotation(30)).""
2277,228200,342300,342,114100,"./monster_lattice_features.pl,prolog_fact,169,"language_transform(haskell, metacoq, rotation(60)).""
2278,228300,342450,342,114150,"./monster_lattice_features.pl,prolog_fact,170,"language_transform(metacoq, unimath, reflection).""
2279,228400,342600,342,114200,"./monster_lattice_features.pl,prolog_fact,171,"language_transform(L, L, identity).""
2280,228500,342750,342,114250,"./monster_lattice_features.pl,prolog_fact,175,"apply_transform(Point, rotation(_), Point). % Preserve for now""
2281,228600,342900,342,114300,"./monster_lattice_features.pl,prolog_fact,176,"apply_transform(Point, reflection, Point).  % Preserve for now""
2282,228700,343050,343,114350,"./compcert_monster.pl,prolog_fact,51,"emoji_prime(2, '🔴'). emoji_prime(3, '🟠'). emoji_prime(5, '🟡').""
2283,228800,343200,343,114400,"./compcert_monster.pl,prolog_fact,52,"emoji_prime(7, '🟢'). emoji_prime(11, '🔵'). emoji_prime(13, '🟣').""
2284,228900,343350,343,114450,"./compcert_monster.pl,prolog_fact,53,"emoji_prime(17, '🟤'). emoji_prime(19, '⚫'). emoji_prime(23, '⚪').""
2285,229000,343500,343,114500,"./compcert_monster.pl,prolog_fact,54,"emoji_prime(29, '🔺'). emoji_prime(31, '🔻'). emoji_prime(37, '🔶').""
2286,229100,343650,343,114550,"./compcert_monster.pl,prolog_fact,55,"emoji_prime(41, '🔷'). emoji_prime(43, '🔸'). emoji_prime(47, '🔹').""
2287,229200,343800,343,114600,"./compcert_monster.pl,prolog_fact,56,"emoji_prime(53, '⭐'). emoji_prime(59, '✨'). emoji_prime(61, '💫').""
2288,229300,343950,343,114650,"./compcert_monster.pl,prolog_fact,57,"emoji_prime(67, '🌟'). emoji_prime(71, '🍄').""
2289,229400,344100,344,114700,"./compcert_monster.pl,prolog_fact,63,"monster_primes([2,3,5,7,11,13,17,19,23,29,31,41,47,59,71]).""
2290,229500,344250,344,114750,"./compcert_monster.pl,prolog_fact,126,"lmfdb_function_for_pass(cparser, 'elliptic_curve.parse').""
2291,229600,344400,344,114800,"./compcert_monster.pl,prolog_fact,127,"lmfdb_function_for_pass(simplify, 'modular_form.simplify').""
2292,229700,344550,344,114850,"./compcert_monster.pl,prolog_fact,128,"lmfdb_function_for_pass(cshmgen, 'galois_group.generate').""
2293,229800,344700,344,114900,"./compcert_monster.pl,prolog_fact,129,"lmfdb_function_for_pass(cminorgen, 'number_field.extend').""
2294,229900,344850,344,114950,"./compcert_monster.pl,prolog_fact,130,"lmfdb_function_for_pass(selection, 'lattice.select').""
2295,230000,345000,345,115000,"./compcert_monster.pl,prolog_fact,131,"lmfdb_function_for_pass(rtlgen, 'graph.generate_rtl').""
2296,230100,345150,345,115050,"./compcert_monster.pl,prolog_fact,132,"lmfdb_function_for_pass(tailcall, 'automorphic_form.tail').""
2297,230200,345300,345,115100,"./compcert_monster.pl,prolog_fact,133,"lmfdb_function_for_pass(inlining, 'modular_curve.inline').""
2298,230300,345450,345,115150,"./compcert_monster.pl,prolog_fact,134,"lmfdb_function_for_pass(renumber, 'prime_lattice.renumber').""
2299,230400,345600,345,115200,"./compcert_monster.pl,prolog_fact,135,"lmfdb_function_for_pass(constprop, 'field_extension.propagate').""
2300,230500,345750,345,115250,"./compcert_monster.pl,prolog_fact,136,"lmfdb_function_for_pass(cse, 'common_subexpression.eliminate').""
2301,230600,345900,345,115300,"./compcert_monster.pl,prolog_fact,137,"lmfdb_function_for_pass(allocation, 'monster_group.allocate').""
2302,230700,346050,346,115350,"./compcert_monster.pl,prolog_fact,138,"lmfdb_function_for_pass(linearize, 'linear_algebra.linearize').""
2303,230800,346200,346,115400,"./compcert_monster.pl,prolog_fact,139,"lmfdb_function_for_pass(reload, 'cohomology.reload').""
2304,230900,346350,346,115450,"./compcert_monster.pl,prolog_fact,140,"lmfdb_function_for_pass(postpass, 'genus_5.postprocess').""
2305,231000,346500,346,115500,"./zkprologml_metacoq_equiv.pl,prolog_fact,9,"metacoq_property(self_referential, 'Coq formalized in Coq').""
2306,231100,346650,346,115550,"./zkprologml_metacoq_equiv.pl,prolog_fact,10,"metacoq_property(reflective, 'Can reason about own proofs').""
2307,231200,346800,346,115600,"./zkprologml_metacoq_equiv.pl,prolog_fact,11,"metacoq_property(extractable, 'Can extract to OCaml/Haskell').""
2308,231300,346950,346,115650,"./zkprologml_metacoq_equiv.pl,prolog_fact,12,"metacoq_property(type_safe, 'Dependent types').""
2309,231400,347100,347,115700,"./zkprologml_metacoq_equiv.pl,prolog_fact,13,"metacoq_property(proof_carrying, 'Proofs are first-class').""
2310,231500,347250,347,115750,"./zkprologml_metacoq_equiv.pl,prolog_fact,16,"zkprologml_property(self_referential, 'Prolog that modifies itself').""
2311,231600,347400,347,115800,"./zkprologml_metacoq_equiv.pl,prolog_fact,17,"zkprologml_property(reflective, 'Can reason about own execution').""
2312,231700,347550,347,115850,"./zkprologml_metacoq_equiv.pl,prolog_fact,18,"zkprologml_property(extractable, 'Can extract to Rust/WASM').""
2313,231800,347700,347,115900,"./zkprologml_metacoq_equiv.pl,prolog_fact,19,"zkprologml_property(proof_carrying, 'ZK proofs are first-class').""
2314,231900,347850,347,115950,"./zkprologml_metacoq_equiv.pl,prolog_fact,20,"zkprologml_property(self_replicating, 'Can clone and inject itself').""
2315,232000,348000,348,116000,"./zkprologml_metacoq_equiv.pl,prolog_fact,197,"to_metacoq(zkprologml_term(T), metacoq_term(T)).""
2316,232100,348150,348,116050,"./zkprologml_metacoq_equiv.pl,prolog_fact,198,"to_metacoq(zkprologml_proof(P), metacoq_proof(P)).""
2317,232200,348300,348,116100,"./zkprologml_metacoq_equiv.pl,prolog_fact,199,"to_metacoq(zkprologml_extract(E), metacoq_extract(E)).""
2318,232300,348450,348,116150,"./zkprologml_metacoq_equiv.pl,prolog_fact,202,"from_metacoq(metacoq_term(T), zkprologml_term(T)).""
2319,232400,348600,348,116200,"./zkprologml_metacoq_equiv.pl,prolog_fact,203,"from_metacoq(metacoq_proof(P), zkprologml_proof(P)).""
2320,232500,348750,348,116250,"./zkprologml_metacoq_equiv.pl,prolog_fact,204,"from_metacoq(metacoq_extract(E), zkprologml_extract(E)).""
2321,232600,348900,348,116300,"./generate_audio.pl,prolog_fact,51,"sum_sines([], _, 0.0).""
2322,232700,349050,349,116350,"./universal_port.pl,prolog_fact,10,"self_aware(prolog, 'Prolog-in-Prolog').""
2323,232800,349200,349,116400,"./universal_port.pl,prolog_fact,11,"self_aware(metacoq, 'Coq-in-Coq').""
2324,232900,349350,349,116450,"./universal_port.pl,prolog_fact,12,"self_aware(haskell, 'TH-Desugar (Template Haskell → Core)').""
2325,233000,349500,349,116500,"./universal_port.pl,prolog_fact,13,"self_aware(lean, 'Lean metaprogramming').""
2326,233100,349650,349,116550,"./universal_port.pl,prolog_fact,14,"self_aware(lisp, 'Lisp macros').""
2327,233200,349800,349,116600,"./universal_port.pl,prolog_fact,15,"self_aware(guile, 'Scheme macros').""
2328,233300,349950,349,116650,"./universal_port.pl,prolog_fact,16,"self_aware(mes, 'Mes-in-Mes bootstrap').""
2329,233400,350100,350,116700,"./universal_port.pl,prolog_fact,17,"self_aware(emacs, 'Emacs Lisp eval').""
2330,233500,350250,350,116750,"./universal_port.pl,prolog_fact,18,"self_aware(ocaml, 'MetaOCaml').""
2331,233600,350400,350,116800,"./universal_port.pl,prolog_fact,21,"equivalent(prolog, lean, minizinc_arrows).""
2332,233700,350550,350,116850,"./universal_port.pl,prolog_fact,22,"equivalent(lean, haskell, tactics_as_functions).""
2333,233800,350700,350,116900,"./universal_port.pl,prolog_fact,23,"equivalent(haskell, metacoq, ghc_core).""
2334,233900,350850,350,116950,"./universal_port.pl,prolog_fact,24,"equivalent(metacoq, unimath, reflection).""
2335,234000,351000,351,117000,"./universal_port.pl,prolog_fact,25,"equivalent(unimath, prolog, extraction).""
2336,234100,351150,351,117050,"./universal_port.pl,prolog_fact,28,"equivalent(lisp, scheme, r5rs).""
2337,234200,351300,351,117100,"./universal_port.pl,prolog_fact,29,"equivalent(scheme, guile, gnu_extension).""
2338,234300,351450,351,117150,"./universal_port.pl,prolog_fact,30,"equivalent(guile, mes, bootstrap).""
2339,234400,351600,351,117200,"./universal_port.pl,prolog_fact,31,"equivalent(mes, emacs, elisp).""
2340,234500,351750,351,117250,"./universal_port.pl,prolog_fact,34,"equivalent(ocaml, haskell, hindley_milner).""
2341,234600,351900,351,117300,"./universal_port.pl,prolog_fact,35,"equivalent(metacoq, ocaml, coq_extraction).""
2342,234700,352050,352,117350,"./universal_port.pl,prolog_fact,46,"meme(zkproof, [""
2343,234800,352200,352,117400,"./universal_port.pl,prolog_fact,50,"meme(mirror, [""
2344,234900,352350,352,117450,"./universal_port.pl,prolog_fact,54,"meme(oracle, [""
2345,235000,352500,352,117500,"./universal_port.pl,prolog_fact,58,"meme(dependent_types, [""
2346,235100,352650,352,117550,"./universal_port.pl,prolog_fact,64,"meme(linear_types, [""
2347,235200,352800,352,117600,"./universal_port.pl,prolog_fact,159,"transform_via_bridge(DNA, r5rs, lisp, scheme, scheme_macros(DNA)).""
2348,235300,352950,352,117650,"./universal_port.pl,prolog_fact,160,"transform_via_bridge(DNA, gnu_extension, scheme, guile, guile_macros(DNA)).""
2349,235400,353100,353,117700,"./universal_port.pl,prolog_fact,161,"transform_via_bridge(DNA, bootstrap, guile, mes, mes_core(DNA)).""
2350,235500,353250,353,117750,"./universal_port.pl,prolog_fact,162,"transform_via_bridge(DNA, elisp, mes, emacs, elisp_forms(DNA)).""
2351,235600,353400,353,117800,"./universal_port.pl,prolog_fact,165,"transform_via_bridge(DNA, hindley_milner, ocaml, haskell, haskell_types(DNA)).""
2352,235700,353550,353,117850,"./universal_port.pl,prolog_fact,166,"transform_via_bridge(DNA, coq_extraction, metacoq, ocaml, ocaml_modules(DNA)).""
2353,235800,353700,353,117900,"./perf_trace_monotonic.lean,lean_const,7,"def Complexity := Fin 72""
2354,235900,353850,353,117950,"./coq_proof_harmonics.lean,lean_const,5,"def compcert_primes : List Nat := [2,5,7,11,13,17,19,23,29,31,41]""
2355,236000,354000,354,118000,"./coq_proof_harmonics.lean,lean_const,12,"def prime_harmonic (p : Nat) : ℚ := 1 / p""
2356,236100,354150,354,118050,"./athena_lattice.lean,lean_const,14,"def haskell_athena : AthenaNode := ⟨0, "Haskell", false⟩""
2357,236200,354300,354,118100,"./athena_lattice.lean,lean_const,15,"def rust_athena_v1 : AthenaNode := ⟨1, "Rust", false⟩""
2358,236300,354450,354,118150,"./athena_lattice.lean,lean_const,16,"def rust_athena_v2 : AthenaNode := ⟨2, "Rust", true⟩""
2359,236400,354600,354,118200,"./athena_lattice.lean,lean_const,17,"def lean_athena : AthenaNode := ⟨3, "Lean4", true⟩""
2360,236500,354750,354,118250,"./monster_genus_zero_induction.lean,lean_const,9,"def monster_primes : List Nat := [2,3,5,7,11,13,17,19,23,29,31,41,47,59,71]""
2361,236600,354900,354,118300,"./monster_genus_zero_induction.lean,lean_const,15,"def Complexity := Fin 72  -- 0 to 71""
2362,236700,355050,355,118350,"./knuth_lean4_proofs.lean,lean_const,10,"def primes : List Nat := [2, 3, 5, 7, 11, 13, 17, 19, 23]""
2363,236800,355200,355,118400,"./knuth_lean4_proofs.lean,lean_const,13,"def num_chords : Nat := 24""
2364,236900,355350,355,118450,"./compcert_reconstruction.lean,lean_const,9,"def compcert_passes : List Nat := [2,3,5,7,11,13,17,19,23,29,31,41]""
2365,237000,355500,355,118500,"./scheme_c_convergence.lean,lean_const,8,"def convergence_primes : List Nat := [2,3,5,7,11,13,17,19,23]""
2366,237100,355650,355,118550,"./scheme_c_convergence.lean,lean_const,30,"def metacoq_level : Nat := 41""
2367,237200,355800,355,118600,"./honest_proof.lean,lean_const,10,"def monsterPrimes : List Nat := [2, 3, 5, 7, 11, 13, 17, 19, 23, 29, 31, 41, 47, 59, 71]""
2368,237300,355950,355,118650,"./universal_unification.lean,lean_const,23,"def monster_primes : Vector Nat 71 := sorry  -- [2,3,5,7,11,...,71]""
2369,237400,356100,356,118700,"./partial_bijection.lean,lean_const,26,"def all_files : FileList := ⟨[]⟩  -- 5,277 files""
2370,237500,356250,356,118750,"./partial_bijection.lean,lean_const,29,"def files_as_parquet : Parquet := ⟨"all_files_sharded.csv", 5277⟩""
2371,237600,356400,356,118800,"./partial_bijection.lean,lean_const,32,"def locate_digest : Parquet := ⟨"locate_digest.parquet", 3000000⟩""
2372,237700,356550,356,118850,"./partial_bijection.lean,lean_const,35,"def lists_of_lists : Parquet := ⟨"lists_of_lists.parquet", 400000⟩""
2373,237800,356700,356,118900,"./partial_bijection.lean,lean_const,157,"def instance1 : File := ⟨"all_files_sharded.csv", 5277⟩""
2374,237900,356850,356,118950,"./partial_bijection.lean,lean_const,158,"def instance1_as_parquet : Parquet := ⟨"all_files_sharded.csv", 5277⟩""
2375,238000,357000,357,119000,"./partial_bijection.lean,lean_const,168,"def instance2 : File := ⟨"locate_digest.parquet", 47000⟩""
2376,238100,357150,357,119050,"./complete_bott_proof.lean,lean_const,12,"def PrimeLattice : List Nat := [2, 3, 5, 7, 11, 13, 17, 19, 23, 29, 31, 37, 41, 43, 47, 53, 59, 61, 67, 71]""
2377,238200,357300,357,119100,"./complete_bott_proof.lean,lean_const,55,"def bott_period : Nat := 8""
2378,238300,357450,357,119150,"./complete_bott_proof.lean,lean_const,58,"def mod8_class (p : Nat) : Fin 8 := ⟨p % 8, Nat.mod_lt p (by norm_num : 0 < 8)⟩""
2379,238400,357600,357,119200,"./71_layers_proof.lean,lean_const,6,"def monster_primes : List Nat := [2,3,5,7,11,13,17,19,23,29,31,41,47,59,71]""
2380,238500,357750,357,119250,"./71_layers_proof.lean,lean_const,9,"def Complexity := Fin 72""
2381,238600,357900,357,119300,"./generated/prime_convergence.lean,lean_const,4,"def test_primes : List Nat := [2,3,5,7,11,13,17,19,23]""
2382,238700,358050,358,119350,"./elf_complexity_23.lean,lean_const,4,"def parse_header_complexity : Nat := 7""
2383,238800,358200,358,119400,"./elf_complexity_23.lean,lean_const,5,"def read_sections_complexity : Nat := 11""
2384,238900,358350,358,119450,"./elf_complexity_23.lean,lean_const,6,"def extract_symbols_complexity : Nat := 5""
2385,239000,358500,358,119500,"./universal_convergence.lean,lean_const,30,"def metacoq_prime : Nat := 41""
2386,239100,358650,358,119550,"./lmfdb_monster_mathlib.lean,lean_const,14,"def MonsterPrimeDivisors : Finset Nat := {2, 3, 5, 7, 11, 13, 17, 19, 23, 29, 31, 41, 47, 59, 71}""
2387,239200,358800,358,119600,"./lmfdb_monster_mathlib.lean,lean_const,39,"def CPUCycles (p : Nat) : Nat := p * 1000""
2388,239300,358950,358,119650,"./lmfdb_monster_mathlib.lean,lean_const,92,"def NonMonsterPrimes : Finset Nat := {37, 43, 53, 61, 67}""
2389,239400,359100,359,119700,"./grand_unification.lean,lean_const,32,"def unimath_to_prolog : UniMath → Prolog := fun _ => 0""
2390,239500,359250,359,119750,"./grand_unification.lean,lean_const,176,"def lean4_view : MathematicalView := ⟨Lean4, "type_theory"⟩""
2391,239600,359400,359,119800,"./langlands_monster.lean,lean_const,9,"def monster_primes : List Nat := [2, 3, 5, 7, 11, 13, 17, 19, 23, 29, 31, 41, 47, 59, 71]""
2392,239700,359550,359,119850,"./langlands_monster.lean,lean_const,16,"def extended_primes : List Nat := [2, 3, 5, 7, 11, 13, 17, 19, 23, 29, 31, 41, 47, 59, 71]""
2393,239800,359700,359,119900,"./theorem_21.lean,lean_const,6,"def scholars : ℕ := 5""
2394,239900,359850,359,119950,"./theorem_21.lean,lean_const,7,"def muses : ℕ := 9""
2395,240000,360000,360,120000,"./theorem_21.lean,lean_const,8,"def visionaries : ℕ := 7""
2396,240100,360150,360,120050,"./theorem_21.lean,lean_const,9,"def total : ℕ := 21""
2397,240200,360300,360,120100,"./nine_muses.lean,lean_const,7,"def num_muses : ℕ := 9""
2398,240300,360450,360,120150,"./nine_muses.lean,lean_const,8,"def bott_period : ℕ := 8""
2399,240400,360600,360,120200,"./nine_muses.lean,lean_const,9,"def total_layers : ℕ := 72""
2400,240500,360750,360,120250,"./c_syntax_harmonics.lean,lean_const,10,"def syntax_primes : List Nat := [2,3,5,7,11,13,17,19,23,29,31,41]""
2401,240600,360900,360,120300,"./c_syntax_harmonics.lean,lean_const,17,"def syntax_harmonic (p : Nat) : ℚ := 1 / p""
2402,240700,361050,361,120350,"./compiler_equivalence.lean,lean_const,7,"def test_primes : List Nat := [2,3,5,7,11,13,17,19,23,29,31,41]""
2403,240800,361200,361,120400,"./theorem_42.lean,lean_const,8,"def layer42 : ℕ := 42""
2404,240900,361350,361,120450,"./theorem_42.lean,lean_const,11,"def monster_primes : List ℕ := [2,3,5,7,11,13,17,19,23,29,31,41,47,59,71]""
2405,241000,361500,361,120500,"./metacoq_extraction.lean,lean_const,19,"def monsterPrimes : List Nat := [2, 3, 5, 7, 11, 13, 17, 19, 23, 29, 31, 41, 47, 59, 71]""
2406,241100,361650,361,120550,"./metacoq_extraction.lean,lean_const,63,"def cpuCycles (p : Nat) : Nat := p * 1000""
2407,241200,361800,361,120600,"./schema_of_schemas.lean,lean_const,23,"def godel_lattice : Schema := ⟨"godel_lattice", 4, ["godel", "entity_type", "entity_path", "primes"]⟩""
2408,241300,361950,361,120650,"./schema_of_schemas.lean,lean_const,24,"def hecke_shards : Schema := ⟨"hecke_shards_rust", 6, ["godel", "type", "path", "primes", "shard", "eigensum"]⟩""
2409,241400,362100,362,120700,"./schema_of_schemas.lean,lean_const,25,"def files_enriched : Schema := ⟨"files_enriched_monster", 10, ""
